Simulation_Run_ID,GF_pct,Infill_pct,Layer_mm,Nozzle_C,Bed_C,Speed_mm_s,Sampling_Method
SOBOL4096_00001,38.533068113029,69.61961430497468,0.09702023077756167,242.09793844260275,41.15558905992657,93.78227374516428,Scrambled_Sobol
SOBOL4096_00002,9.65674176812172,93.60926412045956,0.21502767238765955,277.5369980465621,68.4556700149551,45.87139524053782,Scrambled_Sobol
SOBOL4096_00003,11.380116082727909,54.77942964062095,0.20036652797833085,200.10626493021846,104.06457068864256,10.383230345323682,Scrambled_Sobol
SOBOL4096_00004,20.549396499991417,81.89403037540615,0.31837470570579174,260.2916903421283,55.660067521966994,58.2928162207827,Scrambled_Sobol
SOBOL4096_00005,29.44280669093132,61.71391909010708,0.29786385390907527,248.99162825196981,67.11565339472145,85.22805294021964,Scrambled_Sobol
SOBOL4096_00006,18.631646744906902,75.15712305903435,0.03735713709145784,211.39409882947803,92.94104868080467,38.09127651620656,Scrambled_Sobol
SOBOL4096_00007,0.3360813111066818,64.05184073373675,0.3782037995196879,288.8261194061488,78.24981024023145,26.358939334750175,Scrambled_Sobol
SOBOL4096_00008,31.479295529425144,99.37009098939598,0.11769489699974657,230.79916381277144,31.0294653987512,73.49447196815163,Scrambled_Sobol
SOBOL4096_00009,32.53126237541437,50.41198069229722,0.3601253084652126,217.6639309618622,72.88228008896112,59.950243034400046,Scrambled_Sobol
SOBOL4096_00010,4.2786964029073715,86.16916849277914,0.14711786119267345,253.8056059461087,36.45150188356638,12.813284881412983,Scrambled_Sobol
SOBOL4096_00011,17.262275032699108,74.6218251530081,0.28015211917459965,224.5404682122171,51.06752209365368,48.668180969543755,Scrambled_Sobol
SOBOL4096_00012,25.80783322453499,88.5040620341897,0.06714393578469753,284.02293492108583,108.93475376069546,95.80353187397122,Scrambled_Sobol
SOBOL4096_00013,24.180117771029472,68.27508481219411,0.18319690970703958,272.72150222212076,98.80724507384002,65.52990098949522,Scrambled_Sobol
SOBOL4096_00014,12.74519745260477,95.04842213355005,0.34870363218709827,235.826920773834,60.86287128739059,17.618841463699937,Scrambled_Sobol
SOBOL4096_00015,5.708653777837753,56.562926480546594,0.07873007200658322,265.096092550084,25.329204043373466,29.729534122161567,Scrambled_Sobol
SOBOL4096_00016,37.47559022158384,80.21121751517057,0.24423898018896578,206.36653230525553,84.33649613521993,77.63893897645175,Scrambled_Sobol
SOBOL4096_00017,35.93110166490078,59.28108231164515,0.15439489802345632,285.6060718279332,53.619922399520874,22.01331560499966,Scrambled_Sobol
SOBOL4096_00018,7.287929989397526,79.04108967632055,0.36740235095843676,231.18195057846606,100.86232632398605,69.11403307225555,Scrambled_Sobol
SOBOL4096_00019,14.333645850419998,66.32025884464383,0.04511608377099037,246.565346904099,70.32986965030432,80.8533603604883,Scrambled_Sobol
SOBOL4096_00020,22.644772343337536,95.45522010885179,0.2581242501735687,216.61360984668136,44.523939453065395,33.75135026406497,Scrambled_Sobol
SOBOL4096_00021,27.34743181616068,71.88615598715842,0.3322306973300874,205.4109682701528,33.06959263049066,14.960878267884254,Scrambled_Sobol
SOBOL4096_00022,15.678118392825127,89.69327677041292,0.1667239691875875,257.7748093381524,81.45205697976053,62.81250587198883,Scrambled_Sobol
SOBOL4096_00023,2.704894058406353,52.34771678224206,0.24596113383769988,242.39561871625483,91.06684635393322,98.29603588208556,Scrambled_Sobol
SOBOL4096_00024,34.08126339316368,85.77988683246076,0.08045224264264107,274.40763595514,63.747320575639606,50.44316448736936,Scrambled_Sobol
SOBOL4096_00025,30.523777157068253,64.43846700713038,0.22824212994426488,263.9854239951819,106.90750847104937,37.270029303617775,Scrambled_Sobol
SOBOL4096_00026,1.2568072602152824,97.43085908703506,0.11023467134684324,210.2649373654276,47.87815729621798,85.12147517874837,Scrambled_Sobol
SOBOL4096_00027,19.5431961864233,60.5281047988683,0.31415943296626214,268.1858418509364,38.312661410309374,73.01831657532603,Scrambled_Sobol
SOBOL4096_00028,28.478159047663212,77.89554297924042,0.1961512609012425,237.53081349655986,76.23757010791451,25.165263451635838,Scrambled_Sobol
SOBOL4096_00029,21.509790532290936,54.375221487134695,0.026821600310504436,226.32954252883792,86.36374411638826,41.35952878277749,Scrambled_Sobol
SOBOL4096_00030,10.4642753303051,83.85232235305011,0.2873283341154456,279.3966856226325,28.518551266752183,88.46006522886455,Scrambled_Sobol
SOBOL4096_00031,8.730541504919529,70.78637150116265,0.13722965257242323,221.4772402588278,59.00172965135425,52.6010782038793,Scrambled_Sobol
SOBOL4096_00032,39.483074471354485,90.88842310011387,0.3977385494299233,252.78561214916408,95.45195268001407,5.498887086287141,Scrambled_Sobol
SOBOL4096_00033,38.93341537564993,56.09817071817815,0.2728692889586091,274.8700445983559,32.464015167206526,23.02282792981714,Scrambled_Sobol
SOBOL4096_00034,7.8891342878341675,82.04089486971498,0.05986111123114825,244.91865086369216,79.51816199347377,70.88731900788844,Scrambled_Sobol
SOBOL4096_00035,11.155537255108356,69.37509421259165,0.35284247824922205,257.3116952739656,91.67249443009496,82.62539755087346,Scrambled_Sobol
SOBOL4096_00036,21.906862929463387,92.19286465086043,0.13983503663912417,202.88860399276018,65.6812253780663,34.76219627074897,Scrambled_Sobol
SOBOL4096_00037,28.10489147901535,62.63620755635202,0.07126174587756395,214.08845338970423,54.22569998539984,7.827050858177245,Scrambled_Sobol
SOBOL4096_00038,18.836676739156246,99.12633122876287,0.23677064839750528,246.09944066032767,102.7960363868624,54.91744127124548,Scrambled_Sobol
SOBOL4096_00039,2.1232400089502335,61.860024742782116,0.17572858357802032,233.70785537175834,69.72408224828541,90.39968360681087,Scrambled_Sobol
SOBOL4096_00040,31.05939943343401,76.47509933449328,0.34123530039563776,286.07135311700404,42.590158777311444,43.310539815574884,Scrambled_Sobol
SOBOL4096_00041,34.92381501942873,73.69447164237499,0.20495874164626002,251.13861092366278,85.72960231918842,33.10477299615741,Scrambled_Sobol
SOBOL4096_00042,3.253256157040596,87.96733510680497,0.32296692503616214,220.48461253754795,26.556152743287385,80.19534513819963,Scrambled_Sobol
SOBOL4096_00043,15.279901586472988,51.04636321775615,0.10161244444549085,281.0429331474006,59.635881264694035,68.09052973985672,Scrambled_Sobol
SOBOL4096_00044,26.657466888427734,87.19418039545417,0.21961989171802998,227.32278984040022,97.41442181635648,21.00156767759472,Scrambled_Sobol
SOBOL4096_00045,23.34999479353428,57.58869722485542,0.3826104266755283,238.52127399295568,107.54178959410638,51.27510725520551,Scrambled_Sobol
SOBOL4096_00046,14.708057828247547,80.84636484272778,0.12210151849314571,269.82930256053805,49.84043169301003,99.13977935444564,Scrambled_Sobol
SOBOL4096_00047,6.753604710102081,67.73759159259498,0.30227048106491566,209.27518765442073,37.67830967437476,63.27918720431626,Scrambled_Sobol
SOBOL4096_00048,35.06352450698614,94.12030829116702,0.04176375858485699,262.3413007799536,74.27528589498252,15.416166945360601,Scrambled_Sobol
SOBOL4096_00049,36.6049612313509,66.56478303484619,0.3097528043948114,228.39971746318042,62.47898877132684,94.97733082156628,Scrambled_Sobol
SOBOL4096_00050,5.168835408985615,96.87161473557353,0.19174463799223304,288.58617284335196,89.63235706556588,47.83022451214492,Scrambled_Sobol
SOBOL4096_00051,13.132426738739014,57.962341606616974,0.22383550137281416,213.7928343936801,82.88650494534522,12.340816534124315,Scrambled_Sobol
SOBOL4096_00052,24.90059908479452,78.89422257430851,0.10582804843783379,249.23223732039332,34.33820736128837,59.489212641492486,Scrambled_Sobol
SOBOL4096_00053,25.11115450412035,52.201616717502475,0.13263743748888374,260.52968425676227,45.792413274757564,78.2797745289281,Scrambled_Sobol
SOBOL4096_00054,16.859785690903664,84.46190720424056,0.39314632868394256,202.502385340631,71.76421723794192,30.381762329488993,Scrambled_Sobol
SOBOL4096_00055,4.8435380682349205,73.3017910271883,0.02222938522696495,277.29975783266127,99.42769612651318,18.64813181106001,Scrambled_Sobol
SOBOL4096_00056,33.387852013111115,89.93703541345894,0.2827361133694649,239.70119844190776,52.351490217261016,66.54739063233137,Scrambled_Sobol
SOBOL4096_00057,32.017969489097595,59.8937189206481,0.052584411315619944,207.48268145136535,94.22506446018815,55.970530062913895,Scrambled_Sobol
SOBOL4096_00058,1.2080072984099388,76.87053666450083,0.26559258338063957,266.965491482988,57.60864341631532,8.072699592448771,Scrambled_Sobol
SOBOL4096_00059,17.91230984032154,65.3658194001764,0.1618632255680859,234.71002329140902,29.91143500432372,43.92594454810023,Scrambled_Sobol
SOBOL4096_00060,29.054280407726765,97.96758787706494,0.37487068416550756,270.8527282439172,87.59075408801436,91.82538509834558,Scrambled_Sobol
SOBOL4096_00061,20.953182838857174,71.32385987788439,0.2532439654693008,282.15154042467475,77.4646405596286,75.63102987594903,Scrambled_Sobol
SOBOL4096_00062,12.07565039396286,91.81654104031622,0.08773506861180068,223.42095021158457,39.70556509681046,28.484104587696493,Scrambled_Sobol
SOBOL4096_00063,8.798855133354664,53.34944813512266,0.3395135289616883,255.6777058634907,46.48513154126704,40.593186458572745,Scrambled_Sobol
SOBOL4096_00064,37.96937085688114,83.21717539802194,0.1740067951567471,218.78278109245002,105.680640200153,87.74176358710974,Scrambled_Sobol
SOBOL4096_00065,37.66104195266962,62.274221051484346,0.3520582637563348,266.79038346745074,80.37508464884013,64.59592793136835,Scrambled_Sobol
SOBOL4096_00066,9.115502461791039,76.156842475757,0.18506644714623688,208.01069307141006,31.824983428232372,17.44030619505793,Scrambled_Sobol
SOBOL4096_00067,12.391594462096691,63.052169838920236,0.24239177683368324,271.0278791747987,64.99067347031087,29.178203362971544,Scrambled_Sobol
SOBOL4096_00068,20.64417913556099,98.8097419962287,0.07539922410622239,234.18205458670855,92.14515637140721,76.33547764737159,Scrambled_Sobol
SOBOL4096_00069,29.36788074672222,69.00818357244134,0.1497070722654462,222.89422068744898,102.27165684569627,61.254494274035096,Scrambled_Sobol
SOBOL4096_00070,17.600924409925938,92.65609621070325,0.3641981640830636,282.3279412649572,55.196241294033825,13.365360251627862,Scrambled_Sobol
SOBOL4096_00071,0.8971773087978363,55.73254921473563,0.06304693693295121,219.30946770124137,42.94887718278915,48.847421212121844,Scrambled_Sobol
SOBOL4096_00072,32.332077734172344,82.50550795346498,0.27754021445289256,255.50126210786402,68.91920175869018,96.73816460650414,Scrambled_Sobol
SOBOL4096_00073,33.69656961411238,67.32196439988911,0.034031310360878704,287.35773452557623,27.110520275309682,86.53239778708667,Scrambled_Sobol
SOBOL4096_00074,4.527269750833511,94.43694353103638,0.29602313263341784,229.28065950982273,84.79131874628365,38.643082743510604,Scrambled_Sobol
SOBOL4096_00075,16.544072963297367,57.17435656115413,0.11955930851399899,250.4607185535133,97.0257154200226,26.538448720239103,Scrambled_Sobol
SOBOL4096_00076,25.420379862189293,81.16438495926559,0.38155186690390114,212.91193526238203,60.40850401856005,74.42901109345257,Scrambled_Sobol
SOBOL4096_00077,24.587387293577194,51.41165223903954,0.21242089075967668,201.62548270076513,48.95383516326547,92.84838863182813,Scrambled_Sobol
SOBOL4096_00078,13.444191329181194,86.7295179516077,0.09292979327961803,261.76215125247836,108.14822921529412,45.69258516654372,Scrambled_Sobol
SOBOL4096_00079,5.47989659011364,74.06152402982116,0.32244253732264044,240.5780581664294,74.99551167711616,9.83217439148575,Scrambled_Sobol
SOBOL4096_00080,36.29107479006052,87.50434364192188,0.20294925414025783,276.06724792160094,37.23823985084891,56.98926694691181,Scrambled_Sobol
SOBOL4096_00081,35.3801192343235,72.88753231987357,0.2914252883754671,220.31095827929676,88.8702827040106,41.550430823117495,Scrambled_Sobol
SOBOL4096_00082,6.445175819098949,90.25535504333675,0.02943346044048667,251.66808702982962,62.87789904512465,89.38321169931442,Scrambled_Sobol
SOBOL4096_00083,14.399078115820885,51.78568703122437,0.3951492923498154,227.49648701399565,35.265963124111295,53.8936223462224,Scrambled_Sobol
SOBOL4096_00084,23.666067458689213,84.77846346795559,0.133156750947237,280.513499956578,82.32191358692944,6.062494018115103,Scrambled_Sobol
SOBOL4096_00085,26.345991007983685,58.329285215586424,0.11208192070946098,269.3040375225246,72.19408286735415,36.70721794478595,Scrambled_Sobol
SOBOL4096_00086,15.593439787626266,78.43095841817558,0.23157302385196088,238.6991285905242,45.06163878366351,83.82968130987138,Scrambled_Sobol
SOBOL4096_00087,3.567502535879612,66.93034176714718,0.19279667392373084,262.8665229026228,51.75527410581708,72.09586941637099,Scrambled_Sobol
SOBOL4096_00088,34.612999483942986,96.40706405043602,0.3122899401187897,209.09729014150798,100.32482014968991,24.97501542326063,Scrambled_Sobol
SOBOL4096_00089,30.743040665984154,53.765137726441026,0.16265618216246366,243.68893045000732,57.125757965259254,14.398154853843153,Scrambled_Sobol
SOBOL4096_00090,2.431895472109318,82.90047738701105,0.32964801575988534,275.749693820253,94.90508887451142,61.52043719775975,Scrambled_Sobol
SOBOL4096_00091,19.146040230989456,71.73816794529557,0.08305907027795911,204.11836732178926,88.23999002110213,97.37386352848262,Scrambled_Sobol
SOBOL4096_00092,27.789193205535412,91.49855389259756,0.2500516173429787,256.4320889674127,29.065061057917774,50.25282851420343,Scrambled_Sobol
SOBOL4096_00093,22.218574918806553,65.00049741007388,0.3655378934368491,245.22124519571662,40.520973396487534,22.204311252571642,Scrambled_Sobol
SOBOL4096_00094,10.842225477099419,98.43228291720152,0.15104678463190793,215.3196382895112,77.11614598054439,70.03691039979458,Scrambled_Sobol
SOBOL4096_00095,7.575271837413311,59.52672930434346,0.261450032312423,286.94950566627085,104.69955049920827,82.14617364574224,Scrambled_Sobol
SOBOL4096_00096,39.24460515379906,77.33346573077142,0.04695676045492292,232.47662755660713,46.99930720496923,34.314863588660955,Scrambled_Sobol
SOBOL4096_00097,39.799681194126606,63.58889788389206,0.12396616358309985,210.79302945174277,67.52613610588014,52.20989853609353,Scrambled_Sobol
SOBOL4096_00098,8.422095850110054,99.73709364421666,0.3859587163105607,263.81038571707904,41.721969014033675,99.3191328458488,Scrambled_Sobol
SOBOL4096_00099,10.15531238168478,61.2492139916867,0.03843816542997956,237.00276432558894,56.42327184788883,63.831149325706065,Scrambled_Sobol
SOBOL4096_00100,21.82585120201111,75.52245585247874,0.3004299820400775,268.3609230443835,103.66452063433826,16.72025963664055,Scrambled_Sobol
SOBOL4096_00101,28.166656866669655,55.09740300476551,0.32703488830477,279.57317765802145,93.53808000683784,31.801334316842258,Scrambled_Sobol
SOBOL4096_00102,19.856755919754505,81.479735346511,0.20754161078482866,225.8029149286449,66.21772333979607,79.64408232830465,Scrambled_Sobol
SOBOL4096_00103,1.5710321068763733,69.93630225770175,0.21701324174180625,252.6090771984309,30.598135106265545,67.91192652191967,Scrambled_Sobol
SOBOL4096_00104,30.212987922132015,93.19358533248305,0.09752214992418885,222.0038249436766,78.98203831166029,20.06757196970284,Scrambled_Sobol
SOBOL4096_00105,33.76487847417593,57.02749020420015,0.23492358518764375,232.06298382021487,35.803730613552034,6.523343035951257,Scrambled_Sobol
SOBOL4096_00106,3.0135709047317505,79.84564499929547,0.06793102679774166,284.37773543410003,73.72720045503229,54.366272068582475,Scrambled_Sobol
SOBOL4096_00107,15.987460501492023,68.73835977166891,0.3445900721102953,215.73261952027678,109.41682399716228,90.22098678164184,Scrambled_Sobol
SOBOL4096_00108,27.031759694218636,94.68146846629679,0.17759824983775616,247.7937262132764,50.38830371107906,42.37681325059384,Scrambled_Sobol
SOBOL4096_00109,22.95649617910385,74.30528192780912,0.055764331799000505,259.00735680013895,61.842831023968756,23.95734440535307,Scrambled_Sobol
SOBOL4096_00110,14.02031745761633,88.9199779368937,0.2702576149813831,204.53413536772132,98.29420919064432,71.06676044408232,Scrambled_Sobol
SOBOL4096_00111,6.9740841537714005,50.09367186576128,0.14242446713149548,273.1750455778092,83.5228659817949,83.17727172747254,Scrambled_Sobol
SOBOL4096_00112,36.24227959662676,86.58341714181006,0.35691556461155416,243.27240870334208,25.67591002676636,36.06656376738101,Scrambled_Sobol
SOBOL4096_00113,37.16727316379547,52.81069818884134,0.09034167399629951,254.33498012833297,101.55174890067428,75.44094039592892,Scrambled_Sobol
SOBOL4096_00114,6.025284491479397,85.41284524835646,0.25733421539887785,217.4901855085045,53.14840087201446,27.56177067756653,Scrambled_Sobol
SOBOL4096_00115,13.061158135533333,72.35080464743078,0.16993878588080405,283.4936036542058,43.66879557725042,39.30127934087068,Scrambled_Sobol
SOBOL4096_00116,23.87110222131014,89.32800078764558,0.3369306138157845,224.71425658091903,70.9671134268865,87.17879367992282,Scrambled_Sobol
SOBOL4096_00117,26.12140741199255,66.00222866982222,0.2689182225428522,236.00470563396811,81.0948026040569,56.53415964450687,Scrambled_Sobol
SOBOL4096_00118,16.950910985469818,95.86957157589495,0.054424956347793346,272.19615671783686,33.87301890645176,9.365311684086919,Scrambled_Sobol
SOBOL4096_00119,3.967845030128956,58.96443328820169,0.37300608366727833,206.18870452977717,64.27088426891714,44.849023069255054,Scrambled_Sobol
SOBOL4096_00120,32.845396772027016,79.45672990754247,0.15851498052477836,265.62139513902366,90.09711044374853,92.01626448892057,Scrambled_Sobol
SOBOL4096_00121,31.7879868298769,70.3217692207545,0.3905569427832961,278.4165775310248,48.26767954044044,78.84312930516899,Scrambled_Sobol
SOBOL4096_00122,0.019834525883197784,91.25403454527259,0.1285643957182765,240.86813756264746,106.13408031873405,31.67446236591786,Scrambled_Sobol
SOBOL4096_00123,18.31591248512268,53.912002965807915,0.28683293880894783,259.4121537730098,75.68173854611814,19.57112238742411,Scrambled_Sobol
SOBOL4096_00124,29.75205834954977,84.21921920962632,0.024841105211526156,201.336108725518,39.25239919684827,66.73854482825845,Scrambled_Sobol
SOBOL4096_00125,20.23619670420885,60.844704834744334,0.1883898202702403,212.62518180534244,27.796546705067158,94.78697219863534,Scrambled_Sobol
SOBOL4096_00126,11.691863909363747,77.4795706383884,0.3078830921277404,248.11334159225225,86.80560190230608,46.90798420924693,Scrambled_Sobol
SOBOL4096_00127,9.967819713056087,64.7567369043827,0.10767506705597044,229.5680379215628,96.33967854082584,11.048815809190273,Scrambled_Sobol
SOBOL4096_00128,38.21916967630386,97.01664899475873,0.2271661758609116,289.7043631505221,58.394149616360664,58.9265118772164,Scrambled_Sobol
SOBOL4096_00129,38.43386147171259,50.91326544061303,0.1946325810626149,224.23903485760093,92.62561636511236,35.24887495674193,Scrambled_Sobol
SOBOL4096_00130,9.791886433959007,87.42166697047651,0.3126400339975953,284.28729746490717,65.47258245293051,82.41774698253721,Scrambled_Sobol
SOBOL4096_00131,11.828430704772472,73.56464066542685,0.11465277874842286,217.93240264989436,32.008595750667155,70.39989287965,Scrambled_Sobol
SOBOL4096_00132,20.13838842511177,88.19808829575777,0.23266094515100122,253.50828173570335,80.5572277167812,23.23267552535981,Scrambled_Sobol
SOBOL4096_00133,29.84956257045269,67.8035263903439,0.396241551078856,264.7177468519658,69.43468098994344,43.05506993085146,Scrambled_Sobol
SOBOL4096_00134,18.179041780531406,93.764623766765,0.13573482293635605,206.72976375557482,43.46321140881628,90.93421558383852,Scrambled_Sobol
SOBOL4096_00135,0.19546374678611755,57.65141383744776,0.2917709995247424,273.088864274323,55.344835012219846,55.17220901325345,Scrambled_Sobol
SOBOL4096_00136,31.572991125285625,80.48746194690466,0.03126210832968354,235.45270567759871,102.4213753035292,7.294670608825982,Scrambled_Sobol
SOBOL4096_00137,33.021024875342846,69.29103997536004,0.2625423122756183,200.50932181999087,60.59194155037403,20.83885990548879,Scrambled_Sobol
SOBOL4096_00138,3.75284805893898,92.56705082952976,0.04953485367819667,259.8542931303382,97.20802821218967,68.71782382950187,Scrambled_Sobol
SOBOL4096_00139,17.04841408878565,56.01695394143462,0.36588362582027917,241.66192525066435,85.27193326503038,80.3573507675901,Scrambled_Sobol
SOBOL4096_00140,25.984535440802574,82.4179186951369,0.15287545375525952,277.9414389561862,27.59227979928255,32.47963063418865,Scrambled_Sobol
SOBOL4096_00141,24.007667750120163,61.974620120599866,0.08489495335146785,289.15228004567325,37.38665877841413,15.995630393736064,Scrambled_Sobol
SOBOL4096_00142,12.963348738849163,76.26573145389557,0.25040168715640904,230.4606516007334,75.14539985917509,63.16432139836252,Scrambled_Sobol
SOBOL4096_00143,6.239975020289421,62.74791834875941,0.1652270161360502,248.65447860211134,108.66386297158897,98.55956846382469,Scrambled_Sobol
SOBOL4096_00144,36.9913387671113,98.91407894901931,0.3307359129935503,211.72162203118205,49.46801993064582,51.392170088365674,Scrambled_Sobol
SOBOL4096_00145,36.02728262543678,65.49853486940265,0.06274903943762183,267.7814143523574,82.5118462368846,59.69758163206279,Scrambled_Sobol
SOBOL4096_00146,7.149712257087231,97.74048211984336,0.2757564810477197,237.96684009954333,35.45734476298094,11.85485768597573,Scrambled_Sobol
SOBOL4096_00147,13.883445486426353,60.023167775943875,0.1486597280204296,264.42281316034496,63.35203871130943,47.62110807932913,Scrambled_Sobol
SOBOL4096_00148,23.05399928241968,76.64016410708427,0.3616679057478905,209.86187242902815,89.34295311570168,95.46548669692129,Scrambled_Sobol
SOBOL4096_00149,26.933950297534466,53.2838954590261,0.23986587857827543,221.1497036460787,100.46676422469318,66.0135898180306,Scrambled_Sobol
SOBOL4096_00150,16.124026030302048,83.57247929088771,0.07435916176065803,253.12274838797748,51.89607317559421,18.904331442900002,Scrambled_Sobol
SOBOL4096_00151,2.8376365080475807,71.26152557320893,0.3502702155709267,226.668062787503,45.58376765809953,30.914861001074314,Scrambled_Sobol
SOBOL4096_00152,33.979569002985954,92.17506311833858,0.18476131305098534,279.0705330297351,72.71733648143709,78.0257266247645,Scrambled_Sobol
SOBOL4096_00153,30.037054643034935,58.04601521231234,0.31991661783307795,246.86265770345926,29.539025933481753,91.19882217142731,Scrambled_Sobol
SOBOL4096_00154,1.785723902285099,78.52041851729155,0.20190917056053875,216.34512474760413,88.7128301570192,44.08938206732273,Scrambled_Sobol
SOBOL4096_00155,19.758947640657425,66.64561899378896,0.21063282134011388,285.3417173307389,95.09517604950815,8.698560376651585,Scrambled_Sobol
SOBOL4096_00156,28.30322366207838,96.49497321806848,0.09262463795021177,231.48339197970927,57.31699014548212,55.80924427136779,Scrambled_Sobol
SOBOL4096_00157,21.688980497419834,73.18757646717131,0.11926143508404494,242.76984722353518,47.521261288784444,87.85734781529754,Scrambled_Sobol
SOBOL4096_00158,10.2528166025877,90.14602098613977,0.37976815756410365,274.04028731398284,105.2229738375172,40.014442848041654,Scrambled_Sobol
SOBOL4096_00159,8.20710014551878,52.09028655663133,0.03298399018123746,205.04772877320647,77.25824458058923,28.36777291726321,Scrambled_Sobol
SOBOL4096_00160,39.975310415029526,84.67377736233175,0.2934928983636201,258.1531469896436,40.66162300761789,76.21197051368654,Scrambled_Sobol
SOBOL4096_00161,39.10773325711489,74.98027570545673,0.37047584090381863,281.4665894024074,103.8559048064053,57.76047065388411,Scrambled_Sobol
SOBOL4096_00162,7.672774866223335,88.44184693880379,0.15746767450124025,226.9059919938445,56.613207031041384,10.637986054643989,Scrambled_Sobol
SOBOL4096_00163,10.627228580415249,50.76716537587345,0.2671345273591578,250.72594367899,42.19463689252734,46.40593783464283,Scrambled_Sobol
SOBOL4096_00164,22.394202947616577,86.10368734225631,0.05412707442417741,220.91239939443767,68.00027323886752,93.52677059359848,Scrambled_Sobol
SOBOL4096_00165,27.613258734345436,56.332673132419586,0.16963364470750092,209.62194765917957,79.12283991463482,73.70428488124162,Scrambled_Sobol
SOBOL4096_00166,19.360730834305286,80.34059484489262,0.33514253590255977,262.02338793314993,30.740081714466214,25.8715252391994,Scrambled_Sobol
SOBOL4096_00167,2.334086000919342,68.04805058054626,0.08930158192291857,238.20747029036283,66.7409744206816,37.88361533079296,Scrambled_Sobol
SOBOL4096_00168,30.879606269299984,95.18101839348674,0.2548083100654185,270.1801717095077,94.06020634807646,85.71476489305496,Scrambled_Sobol
SOBOL4096_00169,34.51519127935171,54.991180589422584,0.107369947116822,257.03360786661506,50.86114638019353,95.92058267444372,Scrambled_Sobol
SOBOL4096_00170,3.7040692567825317,81.78277174010873,0.2253781191818416,203.17631248384714,109.89079140592366,48.08800476137549,Scrambled_Sobol
SOBOL4096_00171,15.417506583034992,69.82852835208178,0.18734974943101404,275.1591156516224,73.91843010205775,12.698385808616877,Scrambled_Sobol
SOBOL4096_00172,26.560682728886604,93.49516876973212,0.30535720802843574,244.6419260185212,35.993815255351365,60.52971709985286,Scrambled_Sobol
SOBOL4096_00173,23.451071679592133,63.675270741805434,0.28430267198011283,233.35285562090576,26.199335898272693,77.01380864717066,Scrambled_Sobol
SOBOL4096_00174,14.57470741122961,99.4508077390492,0.023793775122612715,286.45793051458895,84.04482259880751,29.891505069099367,Scrambled_Sobol
SOBOL4096_00175,6.308305040001869,61.340234242379665,0.38877322353422644,214.47641480714083,98.43485626857728,18.24616882018745,Scrambled_Sobol
SOBOL4096_00176,35.47762352973223,75.24072513915598,0.12826648972928523,245.74582492932677,61.9849270908162,65.36718260031193,Scrambled_Sobol
SOBOL4096_00177,36.42764151096344,60.16927342861891,0.21810114746913314,234.98673472553492,71.44902494270355,33.49731297697872,Scrambled_Sobol
SOBOL4096_00178,5.382088385522366,77.9581403825432,0.10009296974167228,270.5636437796056,44.14925810415298,81.38642576523125,Scrambled_Sobol
SOBOL4096_00179,13.658883050084114,64.08290169201791,0.32738494396209716,207.19498100690544,53.33054140675813,69.37026738654822,Scrambled_Sobol
SOBOL4096_00180,24.41145408898592,97.49672235921025,0.20937750235199928,267.2435869369656,101.73535868991166,21.479502758011222,Scrambled_Sobol
SOBOL4096_00181,25.59600915759802,71.0170054808259,0.040266820397228,256.0313350055367,90.61144720297307,50.93130974564701,Scrambled_Sobol
SOBOL4096_00182,16.329077184200287,90.75866364873946,0.30077572291716936,218.3948330860585,64.78636603336781,98.08695271611214,Scrambled_Sobol
SOBOL4096_00183,4.624774046242237,54.602636536583304,0.12654426530003549,281.7649549804628,34.02273483108729,62.32651234138757,Scrambled_Sobol
SOBOL4096_00184,33.5596988350153,83.71934378519654,0.38705098211765293,223.7759419158101,81.24339378904551,15.169259291142225,Scrambled_Sobol
SOBOL4096_00185,32.42958076298237,66.10812577418983,0.1442531008645892,213.36506094783545,39.434714522212744,25.746170822530985,Scrambled_Sobol
SOBOL4096_00186,0.7603054121136665,95.56685937568545,0.35726128425449133,249.64491797611117,75.86517861112952,72.9019955219701,Scrambled_Sobol
SOBOL4096_00187,17.776552438735962,59.07178595662117,0.05834241228178144,228.8165072631091,106.61583730950952,84.54271953552961,Scrambled_Sobol
SOBOL4096_00188,29.15288385003805,79.15556584484875,0.2713498595543206,288.1625085417181,48.74829152598977,37.385648214258254,Scrambled_Sobol
SOBOL4096_00189,20.85886973887682,52.72466908209026,0.3456780019029975,276.94887527264655,58.544040331617,5.3376345615834,Scrambled_Sobol
SOBOL4096_00190,12.215659990906715,85.69878926500678,0.1801690937206149,240.01498873345554,96.48810000158846,53.22692837100476,Scrambled_Sobol
SOBOL4096_00191,9.252068065106869,72.2602229565382,0.23527366491034626,260.847605150193,87.31978413648903,88.62351478077471,Scrambled_Sobol
SOBOL4096_00192,37.563232481479645,89.60929405875504,0.0697669424302876,202.15563338249922,28.3121779281646,40.73293117340654,Scrambled_Sobol
SOBOL4096_00193,37.87186663597822,68.36455469019711,0.24853196922689674,250.17438335344195,56.13159831147641,16.187189277261496,Scrambled_Sobol
SOBOL4096_00194,8.935725837945938,94.76514086127281,0.08154014129191638,213.1913959607482,104.53465248923749,64.0851802425459,Scrambled_Sobol
SOBOL4096_00195,11.90002117305994,56.65084822103381,0.3340665818192065,287.6330860797316,68.64819190930575,99.85295064747334,Scrambled_Sobol
SOBOL4096_00196,21.168178543448448,79.92648067884147,0.16707404041662813,228.99021516554058,41.34958020877093,51.953670592047274,Scrambled_Sobol
SOBOL4096_00197,28.83958861231804,50.3026579041034,0.04546181757003069,240.1928540598601,31.554172751493752,20.27666009031236,Scrambled_Sobol
SOBOL4096_00198,18.08824311941862,86.46920286118984,0.2599529207125306,276.42362096346915,78.77566259820014,67.42378763388842,Scrambled_Sobol
SOBOL4096_00199,1.071440503001213,74.51715311035514,0.15548717940226198,201.9777251407504,93.08039337862283,79.43569635041058,Scrambled_Sobol
SOBOL4096_00200,32.115777768194675,88.8086489867419,0.3699804455973208,261.37281654402614,67.2538733528927,32.28732147719711,Scrambled_Sobol
SOBOL4096_00201,33.25128648430109,61.022108513861895,0.13757536230608822,271.4433037303388,109.1274403128773,42.49313925858587,Scrambled_Sobol
SOBOL4096_00202,4.94134746491909,75.65517178736627,0.39956719590350986,233.75702504068613,51.26133338548243,89.6400857809931,Scrambled_Sobol
SOBOL4096_00203,16.64509516209364,63.35852653719485,0.027913857623934744,266.36396990157664,36.92288828082383,54.2506482033059,Scrambled_Sobol
SOBOL4096_00204,25.28708890080452,99.86654352396727,0.2899064046889544,208.42473360709846,73.35252148099244,7.102092308923602,Scrambled_Sobol
SOBOL4096_00205,24.72497098147869,70.29160493984818,0.3167302895896137,219.6260072570294,84.47600549086928,35.44070864561945,Scrambled_Sobol
SOBOL4096_00206,13.34742370992899,93.12803163193166,0.19723918078467248,255.15312881208956,25.467244144529104,83.33851788192987,Scrambled_Sobol
SOBOL4096_00207,5.0713323056697845,55.4559248033911,0.23007803566753862,222.54472482949495,61.387434247881174,71.69336300808936,Scrambled_Sobol
SOBOL4096_00208,36.741833202540874,81.41740057617426,0.11058476381003857,282.64311825856566,99.3332570232451,23.793901223689318,Scrambled_Sobol
SOBOL4096_00209,35.16133390367031,54.286188865080476,0.37715647792443635,203.7043133750558,44.70494289882481,86.9240316003561,Scrambled_Sobol
SOBOL4096_00210,6.617039181292057,84.13516450673342,0.11516466131433845,256.85848912224174,70.50942410714924,39.833619953133166,Scrambled_Sobol
SOBOL4096_00211,14.883992224931717,70.69879183545709,0.2975659790635109,244.11396804265678,101.3453755620867,27.81728019937873,Scrambled_Sobol
SOBOL4096_00212,23.135304264724255,91.17281674407423,0.03557342633605003,275.33427731134,54.104440892115235,74.90640275646001,Scrambled_Sobol
SOBOL4096_00213,26.87246385961771,64.54737023450434,0.19857845714315772,286.63434208370745,63.89849277213216,92.50368495471776,Scrambled_Sobol
SOBOL4096_00214,15.104273483157158,97.13124539703131,0.31806954896077516,232.82613682560623,91.2191635556519,44.63921511080116,Scrambled_Sobol
SOBOL4096_00215,3.3901281282305717,60.632452834397554,0.09449430987238884,245.56937044486403,81.96493683382869,8.878593361005187,Scrambled_Sobol
SOBOL4096_00216,34.8263119161129,77.59128189645708,0.21398758739233018,215.00309068709612,33.58134774491191,56.741815875284374,Scrambled_Sobol
SOBOL4096_00217,31.196270138025284,72.57829224690795,0.07694202523678541,227.78694476932287,76.72078400384635,67.31872740667313,Scrambled_Sobol
SOBOL4096_00218,2.0257357880473137,89.1949042212218,0.24393384750932454,280.23816181346774,38.797000045888126,19.45407654158771,Scrambled_Sobol
SOBOL4096_00219,19.05167244374752,53.041451843455434,0.1806710128672421,220.03148953430355,48.059016349725425,31.094981930218637,Scrambled_Sobol
SOBOL4096_00220,27.92926225811243,85.28301455080509,0.34766357125714425,251.9544141832739,107.08722251933068,78.958023423329,Scrambled_Sobol
SOBOL4096_00221,22.082796208560467,58.60874829813838,0.27910477634519343,263.25584420002997,95.96499719191343,58.76453456003219,Scrambled_Sobol
SOBOL4096_00222,10.94084545969963,79.52266442589462,0.06461367886513472,208.74503429047763,59.51330490875989,11.673941183835268,Scrambled_Sobol
SOBOL4096_00223,7.986942566931248,65.64332474954426,0.35982741238549354,268.94767252728343,28.669579070992768,47.07070896867663,Scrambled_Sobol
SOBOL4096_00224,38.7968485802412,95.93228697776794,0.14533412920311092,239.08434074372053,86.51622090954334,94.15964979678392,Scrambled_Sobol
SOBOL4096_00225,39.65900894254446,57.28599629364908,0.020445667393505573,216.1713900230825,65.86078743450344,76.82143154088408,Scrambled_Sobol
SOBOL4096_00226,8.515850901603699,80.95225216820836,0.28243820879608394,247.3920426145196,91.85350547544658,28.969828002154827,Scrambled_Sobol
SOBOL4096_00227,10.562084801495075,67.43644159287214,0.13010717207565903,231.65716961957514,80.00267288647592,16.95215527433902,Scrambled_Sobol
SOBOL4096_00228,21.373224928975105,94.22764838673174,0.39209900001063946,284.8123753350228,32.947056805714965,64.80505073443055,Scrambled_Sobol
SOBOL4096_00229,28.61503094434738,73.98042543791234,0.22279543194919824,273.5149310808629,42.74248357862234,96.48196992930025,Scrambled_Sobol
SOBOL4096_00230,19.445693157613277,87.88129473105073,0.10330216575413943,242.94762135483325,69.87526204437017,49.38122839666903,Scrambled_Sobol
SOBOL4096_00231,1.4718041568994522,51.32766906172037,0.3094476858712733,258.6784603074193,103.30778390169144,13.619403201155365,Scrambled_Sobol
SOBOL4096_00232,30.34814912825823,87.10358464159071,0.18995658272877336,204.86991172656417,54.73857223987579,60.721389232203364,Scrambled_Sobol
SOBOL4096_00233,34.29625917226076,63.11476603150368,0.33847343547269704,236.73702849075198,97.89876805152744,74.26557852886617,Scrambled_Sobol
SOBOL4096_00234,2.5292647629976273,98.45090960152447,0.17148088840767742,268.66098310798407,60.119102760218084,27.16501801740378,Scrambled_Sobol
SOBOL4096_00235,15.814989171922207,62.34008404426277,0.2529388228803873,211.09172695316374,26.735859191976488,38.80436358042061,Scrambled_Sobol
SOBOL4096_00236,27.249927520751953,75.80127669498324,0.08594698928296567,263.5432873200625,85.91045377310365,85.90653063263744,Scrambled_Sobol
SOBOL4096_00237,22.74258054792881,55.60279004275799,0.16007952896878122,252.24447245709598,74.78686875198036,57.56800560280681,Scrambled_Sobol
SOBOL4096_00238,14.197079129517078,82.73614239878953,0.3745728008262813,222.38079735077918,38.19136178586632,9.71658379305154,Scrambled_Sobol
SOBOL4096_00239,7.4638631939888,68.87520621530712,0.05005416713654995,279.94876604527235,49.9929008865729,45.11164948344231,Scrambled_Sobol
SOBOL4096_00240,35.71640994399786,92.8835122846067,0.26454527594149113,225.4369261674583,107.69280979875475,92.96472667250782,Scrambled_Sobol
SOBOL4096_00241,37.29996092617512,71.6269105207175,0.1760786618851125,259.6792655810714,34.8082967614755,6.270138216204941,Scrambled_Sobol
SOBOL4096_00242,5.9236495569348335,91.71030586585402,0.3430712146125734,201.0374246351421,83.35804333444685,53.40693870559335,Scrambled_Sobol
SOBOL4096_00243,12.647693157196045,53.65104265511036,0.07234967425465584,278.11650942079723,89.82634061481804,89.17337047401816,Scrambled_Sobol
SOBOL4096_00244,24.316988550126553,83.10939189977944,0.2393414908647537,241.13386535085738,62.67150306608528,42.03786190599203,Scrambled_Sobol
SOBOL4096_00245,25.67126650363207,59.60744577459991,0.35542055731639266,229.93401327170432,52.87735017482191,24.440489816479385,Scrambled_Sobol
SOBOL4096_00246,17.360083237290382,76.95689527317882,0.14092727979645134,289.32876135222614,99.95241107884794,72.35134425573051,Scrambled_Sobol
SOBOL4096_00247,4.064004682004452,65.08409827947617,0.27469792127609255,212.2482174448669,71.90242959652096,84.36205518897623,Scrambled_Sobol
SOBOL4096_00248,32.707195580005646,98.05859704501927,0.06020682945847511,248.47795438021421,45.931750372983515,36.452445248141885,Scrambled_Sobol
SOBOL4096_00249,31.264604926109314,51.723471470177174,0.30484858419746164,283.05895034223795,87.78457297943532,49.62554079480469,Scrambled_Sobol
SOBOL4096_00250,0.5120157822966576,85.13691374100745,0.04285602580755949,225.12005737051368,30.10412915609777,97.53657625522465,Scrambled_Sobol
SOBOL4096_00251,18.495081141591072,72.82205014489591,0.3844390830583871,254.7366717737168,58.07887720875442,62.14557318948209,Scrambled_Sobol
SOBOL4096_00252,29.540616162121296,90.61053851619363,0.1224472607858479,217.05142305232584,94.69644325785339,14.236144269816577,Scrambled_Sobol
SOBOL4096_00253,20.451893471181393,67.05972012132406,0.10196250151842833,205.8529415819794,105.81868790090084,34.429723024368286,Scrambled_Sobol
SOBOL4096_00254,11.516987979412079,96.17681191302836,0.2214557847008109,265.9503050427884,46.6246484965086,81.56670524273068,Scrambled_Sobol
SOBOL4096_00255,9.481113739311695,58.4618819411844,0.2060466487891972,236.3294849358499,40.231569446623325,69.91985393688083,Scrambled_Sobol
SOBOL4096_00256,38.74806500971317,78.2039244659245,0.3255377462692559,271.85626316815615,77.98919592052698,22.784527097828686,Scrambled_Sobol
SOBOL4096_00257,38.618744276463985,58.5920468904078,0.28125566102564337,204.66682265512645,102.60428220964968,97.69983797334135,Scrambled_Sobol
SOBOL4096_00258,9.449454247951508,78.2788225915283,0.020746752843260767,258.51896786130965,55.52760005928576,49.83371540438384,Scrambled_Sobol
SOBOL4096_00259,11.465630121529102,67.1801830176264,0.3916579036228359,243.14047511667013,43.28020301647484,14.071819605305791,Scrambled_Sobol
SOBOL4096_00260,20.341965928673744,96.2419094517827,0.1311511811427772,273.6628149263561,69.25185498781502,61.9391863187775,Scrambled_Sobol
SOBOL4096_00261,29.665220379829407,72.74760501459241,0.10434609554708005,284.94913874194026,80.70649376139045,81.72670079395175,Scrambled_Sobol
SOBOL4096_00262,18.521996699273586,90.481494134292,0.22235427893698215,231.83891367167234,32.15771993622184,34.64047864545137,Scrambled_Sobol
SOBOL4096_00263,0.5583328753709793,51.65715799666941,0.190257611554116,247.2216121200472,65.3233770467341,22.622694969177246,Scrambled_Sobol
SOBOL4096_00264,31.369502432644367,85.01609321683645,0.30826505882665517,215.957352174446,92.47659334912896,69.71021010074764,Scrambled_Sobol
SOBOL4096_00265,32.73887414485216,65.15344199724495,0.17252412313595414,225.5857268255204,49.28527514915913,53.566920631565154,Scrambled_Sobol
SOBOL4096_00266,4.193306341767311,98.17023761570454,0.3380330256558955,280.14048741199076,108.48093579988927,6.48087915033102,Scrambled_Sobol
SOBOL4096_00267,17.47002985328436,59.691069182008505,0.08624877262860536,222.221718467772,75.32824612688273,41.87604446429759,Scrambled_Sobol
SOBOL4096_00268,25.722605288028717,77.08291406743228,0.2517554894462228,252.04109957441688,37.56964690517634,88.96374026313424,Scrambled_Sobol
SOBOL4096_00269,24.29005391895771,53.539712028577924,0.37338950136676435,263.3288047276437,27.44317587930709,72.51461995299906,Scrambled_Sobol
SOBOL4096_00270,12.523108012974262,83.04121643304825,0.16038132363930344,210.92152763158083,85.12264695484191,24.648678759112954,Scrambled_Sobol
SOBOL4096_00271,5.818732976913452,71.49981884285808,0.2641048774495721,268.8417556975037,97.3570714937523,36.288106250576675,Scrambled_Sobol
SOBOL4096_00272,37.253662906587124,91.62627714686096,0.0510974358394742,236.87489110045135,60.74112669099122,84.15565433911979,Scrambled_Sobol
SOBOL4096_00273,35.66521443426609,68.7583471648395,0.3427237311191857,248.33022073842585,72.52680971752852,26.957200141623616,Scrambled_Sobol
SOBOL4096_00274,7.354078479111195,92.82124671153724,0.1772148342616856,212.05551388673484,45.393058503977954,74.10267354454845,Scrambled_Sobol
SOBOL4096_00275,14.06759649515152,55.46978865750134,0.23825110640376806,289.48823234066367,52.08670142572373,86.11328556202352,Scrambled_Sobol
SOBOL4096_00276,22.710777781903744,82.65764191746712,0.07274437259882689,230.1370808854699,100.65753433387727,38.96905630361289,Scrambled_Sobol
SOBOL4096_00277,27.29640770703554,62.40275492891669,0.14132205741479992,241.34796757251024,89.20163117814809,9.50547143816948,Scrambled_Sobol
SOBOL4096_00278,15.920028761029243,75.91920862905681,0.35433022947981957,278.28700428828597,63.210534383542836,57.40765331778675,Scrambled_Sobol
SOBOL4096_00279,2.6537078246474266,63.19209826178849,0.06134305845946074,200.8555732946843,35.59860606212169,93.17400244995952,Scrambled_Sobol
SOBOL4096_00280,34.32303071022034,98.58360104262829,0.2743505170568824,259.5423948857933,82.65324939507991,45.27311355341226,Scrambled_Sobol
SOBOL4096_00281,30.457952916622162,51.24730826355517,0.04325006023049355,272.05974333919585,40.852311896160245,28.758730334229767,Scrambled_Sobol
SOBOL4096_00282,1.5229805931448936,86.98007445782423,0.30375895142555237,236.48867110721767,77.44879161007702,76.66109288111329,Scrambled_Sobol
SOBOL4096_00283,19.477514997124672,73.90857758000493,0.12358419617637992,265.7585193030536,105.03218346275389,65.01431288663298,Scrambled_Sobol
SOBOL4096_00284,28.744494505226612,87.76639006100595,0.38409092431887987,205.70407655090094,47.33065330423415,17.11360465735197,Scrambled_Sobol
SOBOL4096_00285,21.26816626638174,67.56030940450728,0.2211075919866562,216.9135819002986,57.4584742076695,49.17339618783444,Scrambled_Sobol
SOBOL4096_00286,10.515623688697815,94.30922511965036,0.10309942558407784,254.5559206418693,95.23651825264096,96.31905096583068,Scrambled_Sobol
SOBOL4096_00287,8.489060290157795,57.39978039637208,0.32444810217246417,225.29010648839176,88.57140673324466,60.92815814074129,Scrambled_Sobol
SOBOL4096_00288,39.53458495438099,81.02364703081548,0.20644064923748373,283.2732827309519,29.397784899920225,13.784110257402062,Scrambled_Sobol
SOBOL4096_00289,38.84332310408354,65.76454676687717,0.08193491749465466,261.19143190793693,93.86941613163799,19.244421026669443,Scrambled_Sobol
SOBOL4096_00290,8.091987818479538,95.99815276451409,0.24744163997471333,201.84062377549708,66.55036659445614,67.1569296065718,Scrambled_Sobol
SOBOL4096_00291,11.065282858908176,58.73814965598285,0.16821026800200342,276.63729939609766,30.930770761333406,79.16874471586198,Scrambled_Sobol
SOBOL4096_00292,22.109573408961296,79.59680175408721,0.333719176184386,240.36362251266837,79.31338710244745,31.254989160224795,Scrambled_Sobol
SOBOL4096_00293,27.878061681985855,52.97589600086212,0.2596054358035326,229.15003484115005,67.85884997341782,11.467565991915762,Scrambled_Sobol
SOBOL4096_00294,18.94189279526472,85.16296078450978,0.046597988530993464,287.83582646399736,42.05339601729065,58.6001755669713,Scrambled_Sobol
SOBOL4096_00295,1.8962480872869492,72.5030820351094,0.36889005972072486,213.04318488575518,56.754691251553595,94.36785873491317,Scrambled_Sobol
SOBOL4096_00296,31.164472438395023,89.06509755179286,0.1558818763308227,249.981878278777,103.99724716786295,47.23395900800824,Scrambled_Sobol
SOBOL4096_00297,34.72124759107828,60.71684299968183,0.39921900460496546,282.8129581641406,62.17555518262088,39.62725272402167,Scrambled_Sobol
SOBOL4096_00298,3.343672677874565,77.718058321625,0.13871228778734804,222.75954538024962,98.62562621943653,86.75968163181096,Scrambled_Sobol
SOBOL4096_00299,15.07747720927,64.61595166474581,0.28881676200777295,255.0156256183982,83.85429567657411,75.11460267007351,Scrambled_Sobol
SOBOL4096_00300,26.748045533895493,97.24212088622153,0.028307859487831592,219.44489670917392,26.008626585826278,27.98052227590233,Scrambled_Sobol
SOBOL4096_00301,23.245102986693382,70.57246840558946,0.19763321662321687,208.23268501088023,36.13507639616728,44.4295512791723,Scrambled_Sobol
SOBOL4096_00302,14.935173727571964,91.08954714611173,0.3156406582333148,266.2155179306865,74.05983310192823,92.34187848400325,Scrambled_Sobol
SOBOL4096_00303,6.648855954408646,54.17409744113684,0.1117217006161809,233.96072515286505,109.74946931004524,56.952545838430524,Scrambled_Sobol
SOBOL4096_00304,35.29080253094435,84.0662254486233,0.22972987834364175,271.60203392617404,50.7196418941021,9.038608907721937,Scrambled_Sobol
SOBOL4096_00305,36.866433545947075,55.32368551939726,0.11620859252288938,214.8322578612715,81.42623989842832,89.80151552241296,Scrambled_Sobol
SOBOL4096_00306,5.098251737654209,81.33966536261141,0.37671532632783056,245.35562763921916,34.205722799524665,42.70242671482265,Scrambled_Sobol
SOBOL4096_00307,13.3937369287014,70.17397931776941,0.035874456577003,232.96334547922015,64.60362109355628,6.941728345118463,Scrambled_Sobol
SOBOL4096_00308,24.829872362315655,93.06500824168324,0.2963833534345031,286.81583400815725,90.42851987294853,54.03957017697394,Scrambled_Sobol
SOBOL4096_00309,25.157763697206974,63.43661937862635,0.3168870026059449,275.5266321823001,101.88440181314945,83.50324493367225,Scrambled_Sobol
SOBOL4096_00310,16.61344014108181,99.99999874271452,0.19887954400852323,244.26202891394496,53.479726389050484,35.647451896220446,Scrambled_Sobol
SOBOL4096_00311,4.889985136687756,61.084011336788535,0.21354649242013693,256.6557701956481,44.00015402585268,23.631007918156683,Scrambled_Sobol
SOBOL4096_00312,33.1413634121418,75.77234441414475,0.09553832035511732,203.54451515711844,71.29973847419024,71.4855108037591,Scrambled_Sobol
SOBOL4096_00313,32.08883926272392,74.44606903009117,0.24275054663419723,239.2654298339039,28.129169694148004,64.24989826977253,Scrambled_Sobol
SOBOL4096_00314,0.9468592330813408,88.69450492784381,0.07724381849169731,269.0851542633027,87.13695829268545,16.393924565054476,Scrambled_Sobol
SOBOL4096_00315,17.98332266509533,50.22153779864311,0.3472231713496149,208.5303639434278,96.67100706603378,51.79078524932265,Scrambled_Sobol
SOBOL4096_00316,28.793294467031956,86.34492461569607,0.18171428015455604,263.0861544981599,58.72680553700775,99.64510746765882,Scrambled_Sobol
SOBOL4096_00317,21.199852637946606,56.765397591516376,0.06565691217780113,251.79557669907808,48.59908627811819,67.58522604592144,Scrambled_Sobol
SOBOL4096_00318,12.029327303171158,79.9986376427114,0.27866436511278153,219.82768213376403,106.46681445185095,20.485955863259733,Scrambled_Sobol
SOBOL4096_00319,9.045667983591557,68.48766468465328,0.1456359111331403,280.38667815737426,76.01444481406361,32.12694919668138,Scrambled_Sobol
SOBOL4096_00320,37.92320989072323,94.84595102258027,0.3586440775357187,227.97905773855746,39.583838866092265,79.22460965346545,Scrambled_Sobol
SOBOL4096_00321,37.6097073033452,72.13594769127667,0.1570266856998205,269.9661499541253,67.44699411094189,72.69560139626265,Scrambled_Sobol
SOBOL4096_00322,9.357113018631935,89.52817097306252,0.3715199688822031,238.03704516030848,93.27369652688503,25.581836425699294,Scrambled_Sobol
SOBOL4096_00323,12.340097688138485,52.610528003424406,0.05294463424012065,262.20511589199305,78.58244035393,37.593832556158304,Scrambled_Sobol
SOBOL4096_00324,20.885646641254425,85.62770220451057,0.2674357317201793,209.758705701679,31.36080864816904,84.70598850864917,Scrambled_Sobol
SOBOL4096_00325,29.101682975888252,59.15259909816086,0.33544381953775887,221.06026714667678,41.48830815218389,53.017291435971856,Scrambled_Sobol
SOBOL4096_00326,17.666773088276386,79.27867285907269,0.16845126114785672,250.91879207640886,68.78710224293172,5.175812519155443,Scrambled_Sobol
SOBOL4096_00327,0.6308174133300781,66.180285718292,0.2558524946682155,226.74651564098895,104.39598518423736,40.94367670826614,Scrambled_Sobol
SOBOL4096_00328,32.39778336137533,95.68140576593578,0.08886067239567638,281.2635056953877,55.99278914742172,88.78350343089551,Scrambled_Sobol
SOBOL4096_00329,33.4546348080039,54.53961016610265,0.22568010071292519,245.88367144577205,99.13997414056212,81.17679714690894,Scrambled_Sobol
SOBOL4096_00330,4.578318297863007,83.60172114335,0.10618682319298386,214.65718203224242,61.19429322425276,33.33549960516393,Scrambled_Sobol
SOBOL4096_00331,16.302281208336353,70.93926728703082,0.30640064094215635,286.2877472862601,25.66062851343304,21.69023962225765,Scrambled_Sobol
SOBOL4096_00332,25.471590533852577,90.62642734497786,0.1869095491245389,233.138378392905,84.6692074695602,69.53024771995842,Scrambled_Sobol
SOBOL4096_00333,24.521252512931824,64.20007133856416,0.02335354084149003,244.43856922909617,73.21363141294569,97.88055062759668,Scrambled_Sobol
SOBOL4096_00334,13.710064850747585,97.55862816236913,0.2853460935689509,275.0000421330333,36.784140071831644,50.766966324299574,Scrambled_Sobol
SOBOL4096_00335,5.41390486061573,60.30272566713393,0.1270833544805646,203.36801775731146,51.400162815116346,15.377452657558024,Scrambled_Sobol
SOBOL4096_00336,36.5571104362607,78.03623620420694,0.3890751710906625,257.1824031602591,109.2660873522982,62.48978927731514,Scrambled_Sobol
SOBOL4096_00337,35.602223575115204,61.451112711802125,0.0990024663694203,223.6390765849501,33.401034832932055,48.25269589200616,Scrambled_Sobol
SOBOL4096_00338,6.335224770009518,75.30930358916521,0.21849573822692037,281.5831197332591,81.7847657809034,96.12733353395015,Scrambled_Sobol
SOBOL4096_00339,14.621020331978798,63.80205014720559,0.20902989994734525,218.5653225891292,91.39957795385271,60.36681618541479,Scrambled_Sobol
SOBOL4096_00340,23.55597335845232,99.53519492410123,0.32852100875228646,256.24542113393545,64.07872478011996,12.490569525398314,Scrambled_Sobol
SOBOL4096_00341,26.431357823312283,69.7595922742039,0.30191170843318105,267.44664918631315,53.95258085336536,30.052970377728343,Scrambled_Sobol
SOBOL4096_00342,15.385851263999939,93.38307436555624,0.03991916136816144,207.35443590208888,101.1936573823914,77.22308884840459,Scrambled_Sobol
SOBOL4096_00343,3.652707226574421,54.907913971692324,0.38744551625102763,270.3709455858916,70.66122350748628,65.20682589150965,Scrambled_Sobol
SOBOL4096_00344,34.4052679091692,81.65644533000886,0.12545368265360593,234.83901717700064,44.85655990894884,18.035055226646364,Scrambled_Sobol
SOBOL4096_00345,30.852667465806007,68.12218492850661,0.35839801013469696,202.36996040679514,86.6963716968894,10.799442692659795,Scrambled_Sobol
SOBOL4096_00346,2.2095050290226936,95.31042273156345,0.14390474393963815,261.01763817481697,28.849912248551846,57.969742538407445,Scrambled_Sobol
SOBOL4096_00347,19.25581008195877,56.39853593893349,0.27174368446692826,239.83424296602607,59.33305263519287,93.3664222015068,Scrambled_Sobol
SOBOL4096_00348,27.566964887082577,80.46181984245777,0.057252581324428314,276.8110502138734,95.78460305929184,46.19483291171491,Scrambled_Sobol
SOBOL4096_00349,22.42587734013796,50.63735572621226,0.17907929673790932,288.0136488750577,107.23892043344676,26.03622539434582,Scrambled_Sobol
SOBOL4096_00350,10.756534412503242,86.02848011069,0.3460718381404877,228.6247376166284,48.21089665405452,73.91104370355606,Scrambled_Sobol
SOBOL4096_00351,7.782717309892178,74.86021895892918,0.06941859683021903,249.8040987830609,38.645362770184875,85.55185601580888,Scrambled_Sobol
SOBOL4096_00352,39.15907621383667,88.37629407644272,0.2364104247651994,213.56852502562106,76.56900486908853,37.67579002305865,Scrambled_Sobol
SOBOL4096_00353,39.845989383757114,51.97537890635431,0.3137760180979967,235.26019523851573,54.55832012463361,44.24938239622861,Scrambled_Sobol
SOBOL4096_00354,8.175440952181816,84.60193248465657,0.19428492061793803,272.9406371060759,103.12738992739469,91.4095333777368,Scrambled_Sobol
SOBOL4096_00355,10.2014584466815,73.06406330317259,0.2330554778687656,206.93250950425863,70.05541299004108,55.64745655748993,Scrambled_Sobol
SOBOL4096_00356,21.57905325293541,90.06566316820681,0.11356219468638301,264.87758262082934,42.92281691450626,8.488911762833595,Scrambled_Sobol
SOBOL4096_00357,28.427828177809715,66.71701087616384,0.13464431814849376,253.67905555292964,32.79541968833655,40.177700142376125,Scrambled_Sobol
SOBOL4096_00358,19.785862900316715,96.60876030102372,0.3966361404210329,218.14609717577696,79.85089391004294,88.0655664857477,Scrambled_Sobol
SOBOL4096_00359,1.8320412933826447,58.12758896499872,0.030914504509419204,284.1501907352358,92.0052035478875,76.04760178830475,Scrambled_Sobol
SOBOL4096_00360,30.141951851546764,78.64428930915892,0.29290706289932134,224.05763412825763,66.01266789715737,28.161390470340848,Scrambled_Sobol
SOBOL4096_00361,34.011247269809246,71.18302807211876,0.04844505811110139,211.8803575914353,107.87322403863072,12.018101001158357,Scrambled_Sobol
SOBOL4096_00362,2.966938465833664,92.0420587528497,0.26293614992871883,248.85819480754435,50.17313273623586,59.90578596945852,Scrambled_Sobol
SOBOL4096_00363,16.2339723482728,53.221632866188884,0.15252710957080126,230.3121942654252,38.01104871556163,95.30113230459392,Scrambled_Sobol
SOBOL4096_00364,26.985289379954338,83.45561726018786,0.3670203870907426,288.96021535620093,74.60669754073024,47.414739611558616,Scrambled_Sobol
SOBOL4096_00365,23.027064949274063,60.15586219727993,0.25153841445222497,277.76032304391265,86.06225301511586,19.06434539705515,Scrambled_Sobol
SOBOL4096_00366,13.758860044181347,76.71749335713685,0.08454659784212709,241.5244059637189,26.887476043775678,66.2243157112971,Scrambled_Sobol
SOBOL4096_00367,7.044795975089073,65.61646978370845,0.3311297393217683,260.0691190455109,59.96724256314337,77.86392422392964,Scrambled_Sobol
SOBOL4096_00368,35.980984307825565,97.80315002426505,0.16413718659430743,200.67917781881988,97.7470497135073,30.705198762007058,Scrambled_Sobol
SOBOL4096_00369,36.940143555402756,62.87393416278064,0.2760577660985291,278.91071871854365,46.12513458356261,68.50674456451088,Scrambled_Sobol
SOBOL4096_00370,6.130190007388592,98.99770533666015,0.06156665729358793,226.4653384964913,72.09563141688704,20.67849151790142,Scrambled_Sobol
SOBOL4096_00371,12.833866402506828,62.086257711052895,0.3627120917662978,253.27082535251975,99.75912803784013,32.68892251420766,Scrambled_Sobol
SOBOL4096_00372,23.975864686071873,76.3350781518966,0.14821881990879773,221.34206388145685,52.68420899286866,80.51878174766898,Scrambled_Sobol
SOBOL4096_00373,26.03101532906294,55.932922242209315,0.0739181743748486,210.04338044673204,62.81033233739436,62.956470786593854,Scrambled_Sobol
SOBOL4096_00374,17.15345397591591,82.29082999750972,0.24091000797227025,264.5600271783769,89.9649874959141,15.832741158083081,Scrambled_Sobol
SOBOL4096_00375,3.8772908225655556,69.2228615283966,0.18357887428253888,237.75308120064437,83.21915310807526,51.59890926908702,Scrambled_Sobol
SOBOL4096_00376,33.047796711325645,92.45572318322957,0.35057142134755853,267.61057616211474,34.66954839415848,98.72429392300546,Scrambled_Sobol
SOBOL4096_00377,31.682795211672783,57.716514356434345,0.20146893486380577,258.34527605213225,77.79597383458167,82.20991070382297,Scrambled_Sobol
SOBOL4096_00378,0.2466398850083351,80.60792186297476,0.32096003800630574,205.19625048153102,40.03820550162345,35.08599970024079,Scrambled_Sobol
SOBOL4096_00379,18.210863918066025,67.87842749617994,0.09144150128588081,273.83646382018924,46.817769412882626,23.439400726929307,Scrambled_Sobol
SOBOL4096_00380,29.979025833308697,93.89478573575616,0.21093476748093962,242.61100437492132,106.01199120748788,70.56460400577635,Scrambled_Sobol
SOBOL4096_00381,20.033329464495182,73.4438231214881,0.38007013767957687,231.3136861845851,94.5577761111781,90.72312163189054,Scrambled_Sobol
SOBOL4096_00382,11.781969889998436,88.13177184201777,0.11807830974459649,285.12704161927104,57.940068203024566,42.894687918014824,Scrambled_Sobol
SOBOL4096_00383,9.76509552448988,50.78422403894365,0.29453632986173034,216.48262257687747,30.242857257835567,7.503976114094257,Scrambled_Sobol
SOBOL4096_00384,38.30943778157234,87.34721885994077,0.032543788459151984,247.04375215806067,87.92348347138613,55.33365468028933,Scrambled_Sobol
SOBOL4096_00385,38.17287106066942,64.67523467727005,0.3855646861344576,221.81179780513048,31.222768547013402,31.511195162311196,Scrambled_Sobol
SOBOL4096_00386,9.862903729081154,96.89275436103344,0.1250557892769575,252.46064668521285,78.44293099828064,78.6349488561973,Scrambled_Sobol
SOBOL4096_00387,11.567278169095516,60.77324142679572,0.29929305089637637,226.00663649849594,92.74768457747996,66.90287533216178,Scrambled_Sobol
SOBOL4096_00388,20.209262669086456,77.36580739729106,0.03878631709143519,279.7319293115288,66.9224311504513,19.777514743618667,Scrambled_Sobol
SOBOL4096_00389,29.80339653789997,54.03549228794873,0.2078897964209318,268.5306985769421,55.798977855592966,46.74799378961325,Scrambled_Sobol
SOBOL4096_00390,18.425859697163105,84.29964855313301,0.32589796848595143,237.21752050332725,104.20329863205552,94.57622277084738,Scrambled_Sobol
SOBOL4096_00391,0.14913558959960938,70.43670071288943,0.09861178694292903,263.6728181503713,68.31686085090041,59.08833781257272,Scrambled_Sobol
SOBOL4096_00392,31.819665990769863,91.32580789737403,0.21661924554035067,210.61185453087091,41.01692175492644,11.25845451373607,Scrambled_Sobol
SOBOL4096_00393,32.95029368251562,58.84642684832215,0.06827851736918092,243.4322927519679,84.14335511159152,27.401794944889843,Scrambled_Sobol
SOBOL4096_00394,4.014162719249725,79.39408584497869,0.23378740856423974,273.37785033509135,25.135921160690486,75.23020459339023,Scrambled_Sobol
SOBOL4096_00395,16.977825947105885,65.86960577405989,0.17868864137679338,204.38598866574466,61.05607326608151,87.34060599002987,Scrambled_Sobol
SOBOL4096_00396,26.24601222574711,95.79221848398447,0.3441953695192933,258.81491609849036,99.00062944274396,39.51090335845947,Scrambled_Sobol
SOBOL4096_00397,23.761174082756042,72.4130910821259,0.26986283311620357,247.61232011951506,108.79600555170327,9.20203014742583,Scrambled_Sobol
SOBOL4096_00398,13.009800873696804,89.4447912927717,0.0568546667136252,215.59549669735134,50.92863202560693,56.32596521638334,Scrambled_Sobol
SOBOL4096_00399,5.9936244040727615,52.8891718480736,0.3557793313637376,284.5913924090564,36.59014892298728,92.18060897197574,Scrambled_Sobol
SOBOL4096_00400,37.03795302659273,85.54592113941908,0.1427718784287572,232.233730815351,73.02110951859504,45.05542975850403,Scrambled_Sobol
SOBOL4096_00401,36.117856204509735,50.16187415458262,0.2562909877486527,265.46257911249995,63.56714952271432,54.574084458872676,Scrambled_Sobol
SOBOL4096_00402,6.947292946279049,86.69467326253653,0.09078207956627012,205.98491858690977,90.88653344195336,6.686242180876434,Scrambled_Sobol
SOBOL4096_00403,13.973856940865517,74.38928978517652,0.33662883754819634,272.3446945194155,81.63228898774832,42.170064160600305,Scrambled_Sobol
SOBOL4096_00404,22.85143692046404,89.04713816009462,0.17112211506813763,236.19684006087482,33.25000702869147,90.05629954393953,Scrambled_Sobol
SOBOL4096_00405,27.161223851144314,68.62665065564215,0.055608251560479396,224.89528129808605,44.37222127337009,71.27787793055177,Scrambled_Sobol
SOBOL4096_00406,16.01928174495697,94.61214561015368,0.2686164349503815,283.6310210172087,70.17800961155444,24.117702883668244,Scrambled_Sobol
SOBOL4096_00407,3.0647479370236397,56.90154591575265,0.15895537476986646,217.27545078843832,101.01394333411008,35.8572817966342,Scrambled_Sobol
SOBOL4096_00408,33.874681666493416,79.76199476979673,0.3719628220424056,254.16522605344653,53.771721799857914,83.0158025259152,Scrambled_Sobol
SOBOL4096_00409,30.23976005613804,70.06531981751323,0.129746947735548,289.8967823944986,95.63228585757315,99.53023670706898,Scrambled_Sobol
SOBOL4096_00410,1.6954745724797249,93.26810496859252,0.39025585025548937,229.71616316586733,59.18188043870032,52.370242327451706,Scrambled_Sobol
SOBOL4096_00411,19.96179610490799,55.21824439056218,0.02528220584616065,247.91068703867495,28.338157134130597,16.510992352850735,Scrambled_Sobol
SOBOL4096_00412,28.213136456906796,81.54598027467728,0.2857889226637781,212.46544796042144,86.18349184282124,63.66969374939799,Scrambled_Sobol
SOBOL4096_00413,21.79404903203249,61.1743844114244,0.3068391552567482,201.16525444202125,76.3894504122436,79.8519086977467,Scrambled_Sobol
SOBOL4096_00414,10.025829151272774,75.39227004162967,0.18883097752928732,259.1983895096928,38.46435932442546,31.96424779482186,Scrambled_Sobol
SOBOL4096_00415,8.312311731278896,63.523725839331746,0.22686513995751736,241.00532475858927,47.72637816146016,19.86080854665488,Scrambled_Sobol
SOBOL4096_00416,39.74848508834839,99.61665757000446,0.1088576983474195,278.5980479978025,106.75587119534612,67.74722530506551,Scrambled_Sobol
SOBOL4096_00417,39.374073185026646,59.45449783466756,0.18624974094331265,255.2868438884616,42.409764803014696,61.73008687328547,Scrambled_Sobol
SOBOL4096_00418,7.607089206576347,77.21894318237901,0.35175647474825383,219.13933275267482,69.54383013304323,14.559947168454528,Scrambled_Sobol
SOBOL4096_00419,10.893406383693218,64.91975579410791,0.07583961693570018,282.50877822749317,102.97636972274631,50.04211270716041,Scrambled_Sobol
SOBOL4096_00420,22.32837423682213,98.30915206111968,0.24134851379320024,223.0321476701647,54.405850931070745,97.213862137869,Scrambled_Sobol
SOBOL4096_00421,27.664774283766747,71.85233286581933,0.3631549350172282,234.33083378709853,65.52944640163332,70.2432917850092,Scrambled_Sobol
SOBOL4096_00422,19.119244553148746,91.56956942752004,0.15014747641980647,271.219579083845,91.52085731271654,22.368675377219915,Scrambled_Sobol
SOBOL4096_00423,2.3854394257068634,53.88938914984465,0.2772384367696941,207.85159273073077,79.6700424561277,34.10664951894432,Scrambled_Sobol
SOBOL4096_00424,30.637976936995983,82.9816719982773,0.06423026470467448,266.5869891270995,32.61571323964745,81.9829174131155,Scrambled_Sobol
SOBOL4096_00425,34.58120118826628,66.7969610542059,0.294979197178036,276.2040327861905,74.45551774464548,89.5895840600133,Scrambled_Sobol
SOBOL4096_00426,3.438015431165695,96.32894438691437,0.03447246903553605,240.75982367619872,37.85872391425073,41.714786984957755,Scrambled_Sobol
SOBOL4096_00427,15.48365954309702,58.21204404346645,0.38125083241611724,261.5917422156781,49.660260481759906,5.854287911206484,Scrambled_Sobol
SOBOL4096_00428,26.294791027903557,78.36907645687461,0.12074194122105837,201.41146630980074,107.36147652380168,53.73037513811141,Scrambled_Sobol
SOBOL4096_00429,23.692844063043594,51.863401383161545,0.09411234671249986,212.70878181792796,97.56603866815567,84.03933965601027,Scrambled_Sobol
SOBOL4096_00430,14.523516111075878,84.91077129729092,0.21211979964748023,250.30116173438728,59.78768050670624,36.86901857610792,Scrambled_Sobol
SOBOL4096_00431,6.550220474600792,72.95058253221214,0.20339035619050264,229.47344889864326,26.40443440526724,24.764291299507022,Scrambled_Sobol
SOBOL4096_00432,35.426594354212284,90.37290615960956,0.321398522593081,287.5055539980531,85.5777421221137,71.9358593551442,Scrambled_Sobol
SOBOL4096_00433,36.342418640851974,74.14476680569351,0.029781647492200136,208.9595133624971,52.5446920376271,38.48164716269821,Scrambled_Sobol
SOBOL4096_00434,5.5898381397128105,87.63074157759547,0.2902883699722588,262.6858361437917,99.62108033709228,86.32310484535992,Scrambled_Sobol
SOBOL4096_00435,13.57349805533886,51.48061215877533,0.1342463893815875,238.86924208141863,71.57107605598867,74.58938054274768,Scrambled_Sobol
SOBOL4096_00436,24.619060792028904,86.84154083020985,0.3947552975639701,269.5184342842549,45.59913023374975,26.749532585963607,Scrambled_Sobol
SOBOL4096_00437,25.374086312949657,57.0476486813277,0.23117899509146808,280.7169586699456,34.476854242384434,45.52786430809647,Scrambled_Sobol
SOBOL4096_00438,16.439151912927628,81.07997393235564,0.11317154781892896,227.6556517276913,83.0253342166543,92.64165051281452,Scrambled_Sobol
SOBOL4096_00439,4.402689076960087,67.21101440489292,0.3111530103906989,251.47627983242273,89.49360869824886,57.15215512085706,Scrambled_Sobol
SOBOL4096_00440,33.66963051259518,94.36838892288506,0.1931448270007968,220.16207179054618,62.340098544955254,10.040020402520895,Scrambled_Sobol
SOBOL4096_00441,32.2221552580595,55.85262980312109,0.3292532324790955,232.6907512359321,105.48727625515312,17.275593299418688,Scrambled_Sobol
SOBOL4096_00442,0.8458143845200539,82.57098929025233,0.16374651566147805,287.1200219914317,46.29190945532173,64.38919883687049,Scrambled_Sobol
SOBOL4096_00443,17.569269984960556,69.13796938024461,0.24891538267955182,215.13780840672553,39.8988684033975,76.49835679680109,Scrambled_Sobol
SOBOL4096_00444,29.238554947078228,92.7313749678433,0.08340648015961051,245.0843959581107,77.65776147600263,29.386041411198676,Scrambled_Sobol
SOBOL4096_00445,20.7490811124444,62.9862355068326,0.15139427378773687,256.284290952608,87.45194508228451,13.203916354104877,Scrambled_Sobol
SOBOL4096_00446,12.437907084822655,98.68854084052145,0.3644017153978348,203.92559939064085,29.772767857648432,61.04519266169518,Scrambled_Sobol
SOBOL4096_00447,9.14242248982191,62.200158229097724,0.04804715057834983,275.9091004356742,57.74755390826613,96.89854272641242,Scrambled_Sobol
SOBOL4096_00448,37.78564170002937,76.02741429582238,0.2610553283058107,243.89193369075656,94.36379256192595,49.05851339455694,Scrambled_Sobol
SOBOL4096_00449,38.098839186131954,53.424729872494936,0.05872437827289105,285.89017283171415,69.10196680575609,8.279087524861097,Scrambled_Sobol
SOBOL4096_00450,8.830672204494476,83.34695822559297,0.2732176501303911,233.57027171179652,43.131784088909626,56.1348593281582,Scrambled_Sobol
SOBOL4096_00451,12.126831598579884,71.38934419490397,0.1394412046484649,246.314202202484,55.0134152919054,91.61720588803291,Scrambled_Sobol
SOBOL4096_00452,21.062981858849525,91.93661864846945,0.35393231345340614,214.25824501551688,102.08864845335484,43.7626817682758,Scrambled_Sobol
SOBOL4096_00453,28.929861187934875,65.23639420047402,0.2378604496270418,203.04736101068556,92.2942805569619,28.69374736212194,Scrambled_Sobol
SOBOL4096_00454,17.885514460504055,97.89352207444608,0.07086790256202222,257.5154329370707,65.13993951492012,75.79285740386695,Scrambled_Sobol
SOBOL4096_00455,1.1615509539842606,59.7725207451731,0.3415836502425373,244.7702149860561,31.67596041224897,87.53101256676018,Scrambled_Sobol
SOBOL4096_00456,31.91290605813265,76.80459935218096,0.1745918166451156,274.6780013665557,80.22587924264371,40.43319196905941,Scrambled_Sobol
SOBOL4096_00457,33.35605401545763,73.41381092555821,0.32405742416158323,262.51205313950777,37.05531267914921,48.0398586159572,Scrambled_Sobol
SOBOL4096_00458,4.71405066549778,90.00599831342697,0.20456415796652436,209.48886072263122,74.81276689562947,95.13915003277361,Scrambled_Sobol
SOBOL4096_00459,16.75000574439764,52.32801167294383,0.21996748987585305,269.6921743731946,108.33121734205633,59.278469937853515,Scrambled_Sobol
SOBOL4096_00460,25.059954226017,84.54515296034515,0.10047638673335314,238.33985180594027,49.13668143097311,12.180830715224147,Scrambled_Sobol
SOBOL4096_00461,24.92737539112568,57.89378401823342,0.12096554005518556,227.1303437743336,60.25921770837158,30.588159286417067,Scrambled_Sobol
SOBOL4096_00462,13.256865032017231,78.78327555954456,0.38295808145776394,280.89477035216987,96.87661150004715,78.44411175698042,Scrambled_Sobol
SOBOL4096_00463,5.273879766464233,66.480369027704,0.04136923152953387,220.6874226592481,84.94050388690084,66.3392034592107,Scrambled_Sobol
SOBOL4096_00464,36.651436649262905,96.74490983597934,0.30336105946451425,251.2985110655427,27.25956355687231,18.484860006719828,Scrambled_Sobol
SOBOL4096_00465,35.11486805975437,67.67571261152625,0.1914426522143185,239.53142827376723,100.13411099556834,80.03064781427383,Scrambled_Sobol
SOBOL4096_00466,6.863546557724476,94.0030641388148,0.3109359353967011,277.08501774817705,51.564747341908514,32.89801700506359,Scrambled_Sobol
SOBOL4096_00467,14.837364256381989,57.510580541566014,0.10478461127728224,202.639818796888,45.2524088928476,21.164473723620176,Scrambled_Sobol
SOBOL4096_00468,23.381668590009212,80.71298114955425,0.2242757087573409,260.7107143383473,72.38471111748368,68.2983522163704,Scrambled_Sobol
SOBOL4096_00469,26.611173637211323,51.1639173142612,0.3935865700431168,249.42438784055412,82.18040925916284,98.9783198852092,Scrambled_Sobol
SOBOL4096_00470,15.174980238080025,87.2572276275605,0.1315940116532147,213.94137755967677,35.12464118655771,51.06583253946155,Scrambled_Sobol
SOBOL4096_00471,3.1286757811903954,73.82678245194256,0.2839192556962371,288.3823708072305,63.01930220331997,15.57651816867292,Scrambled_Sobol
SOBOL4096_00472,34.896875619888306,88.0450464785099,0.021927433423697948,228.24089607223868,89.01154400315136,63.4902949584648,Scrambled_Sobol
SOBOL4096_00473,30.949476659297943,61.736890906468034,0.2660335651040077,218.9642676524818,47.189854234457016,70.7258678553626,Scrambled_Sobol
SOBOL4096_00474,2.071877382695675,76.39436069875956,0.0515402875840664,255.81489842385054,104.89023938775063,22.81356188468635,Scrambled_Sobol
SOBOL4096_00475,18.80502201616764,62.521682027727365,0.37605311727151275,223.2071698550135,76.92553799599409,34.92253882344812,Scrambled_Sobol
SOBOL4096_00476,27.97556597739458,99.0541027393192,0.1615620254538953,281.98068077676,40.330183021724224,82.83649698831141,Scrambled_Sobol
SOBOL4096_00477,22.011765204370022,69.45628584362566,0.08743378922343255,270.69297830574214,29.206403261050582,54.75273598451167,Scrambled_Sobol
SOBOL4096_00478,11.201849579811096,92.31711905449629,0.2544263419508934,234.50736337341368,88.3814740832895,7.620285842567682,Scrambled_Sobol
SOBOL4096_00479,7.916054613888264,56.169183272868395,0.172962614800781,267.1136328205466,94.7638478409499,43.47345488611609,Scrambled_Sobol
SOBOL4096_00480,39.05801482498646,82.15506277047098,0.33995443141087894,207.67510605975986,56.984334541484714,90.60751404613256,Scrambled_Sobol
SOBOL4096_00481,39.43677555769682,70.85261344909668,0.21546791233122348,230.5957855656743,78.79143048543483,84.9614697182551,Scrambled_Sobol
SOBOL4096_00482,8.62562581896782,91.00926746614277,0.09597680352628231,288.66702442988753,30.407344889827073,37.05931190401316,Scrambled_Sobol
SOBOL4096_00483,10.339689292013645,54.44973814301193,0.31955784661695363,211.58578264527023,66.40827052760869,25.327057358808815,Scrambled_Sobol
SOBOL4096_00484,21.482856795191765,83.98134289309382,0.20006457475945352,249.14040208794177,93.72876905370504,73.2279703207314,Scrambled_Sobol
SOBOL4096_00485,28.529497534036636,60.407665744423866,0.03705514989793301,260.4296012315899,103.52327975910157,88.29681342002004,Scrambled_Sobol
SOBOL4096_00486,19.653143100440502,77.83037391491234,0.2990469834953547,200.2870965283364,56.281848582439125,41.15131595171988,Scrambled_Sobol
SOBOL4096_00487,1.386108621954918,64.30827821604908,0.11665145842358471,277.3668791912496,41.86331137549132,5.66324997227639,Scrambled_Sobol
SOBOL4096_00488,30.555456019937992,97.356032487005,0.37864400548860433,241.88352558761835,67.66762032639235,52.807455165311694,Scrambled_Sobol
SOBOL4096_00489,34.18616000562906,52.474879985675216,0.14681658321991561,206.51433568447828,25.86667997762561,68.95079559646547,Scrambled_Sobol
SOBOL4096_00490,2.7512120455503464,85.86389170959592,0.36130768636241556,265.2888765744865,83.71349407359958,21.8051167530939,Scrambled_Sobol
SOBOL4096_00491,15.70503305643797,71.99741508811712,0.06609975684434176,235.66738004796207,98.10349987819791,33.91569917090237,Scrambled_Sobol
SOBOL4096_00492,27.47203692793846,89.76147607900202,0.2805930230394006,272.5183541420847,61.65230410173535,81.05972298886627,Scrambled_Sobol
SOBOL4096_00493,22.534844502806664,66.23661159537733,0.34914461532607677,283.80893462337554,50.52970671094954,62.652485724538565,Scrambled_Sobol
SOBOL4096_00494,14.282288290560246,95.32927284017205,0.18215278739109633,224.37006453983486,109.5580851379782,14.75014724303037,Scrambled_Sobol
SOBOL4096_00495,7.256270200014114,59.21176243573427,0.2454214147105813,253.98735536262393,73.58569596894085,50.6049720197916,Scrambled_Sobol
SOBOL4096_00496,35.801781229674816,78.92937758006155,0.07842887330800295,217.80071046203375,35.66240851767361,98.50570431444794,Scrambled_Sobol
SOBOL4096_00497,37.351167127490044,56.48557040840387,0.3684921536035836,274.25875483080745,90.28009841218591,13.024359014816582,Scrambled_Sobol
SOBOL4096_00498,5.681862272322178,80.07859759964049,0.15400105612352488,242.20382761210203,64.45373037829995,60.11060522869229,Scrambled_Sobol
SOBOL4096_00499,12.698737233877182,68.2124377693981,0.25847260143607853,257.93396868743,33.69009157642722,95.59424618724734,Scrambled_Sobol
SOBOL4096_00500,24.075058214366436,94.93041867390275,0.04397931825369597,205.6144108902663,80.91205766424537,48.506755121052265,Scrambled_Sobol
SOBOL4096_00501,25.937297083437443,74.75489806383848,0.1655872376449406,216.82800124399364,71.11629840917885,17.826697560958564,Scrambled_Sobol
SOBOL4096_00502,17.29409657418728,88.5825386736542,0.33257905991747977,246.73544430173934,43.81783870048821,65.69279606454074,Scrambled_Sobol
SOBOL4096_00503,4.329873137176037,50.5287682171911,0.08005841206759215,231.00126918405294,52.99911440350115,77.43219395633787,Scrambled_Sobol
SOBOL4096_00504,32.64106586575508,86.2314579077065,0.24705097045749425,285.4683111421764,101.40264482237399,29.56480317749083,Scrambled_Sobol
SOBOL4096_00505,31.50606796145439,63.93808047287166,0.10909869149327278,252.9886100254953,58.21132377255708,46.079237358644605,Scrambled_Sobol
SOBOL4096_00506,0.46052347868680954,99.29862460121512,0.2285897833108902,221.6366307809949,96.15667030680925,93.94515448715538,Scrambled_Sobol
SOBOL4096_00507,18.73668722808361,61.59002743661404,0.19575673243030906,279.2039230559021,86.98836710769683,58.086085533723235,Scrambled_Sobol
SOBOL4096_00508,29.489285983145237,75.07561785168946,0.31525000995025043,226.1817606072873,27.979453769512475,10.21851337980479,Scrambled_Sobol
SOBOL4096_00509,20.517594031989574,54.85120597295463,0.28841883182525635,237.39396962337196,39.10337633918971,38.30236427485943,Scrambled_Sobol
SOBOL4096_00510,11.250633150339127,82.00895888730884,0.026427015215158462,268.0040280614048,75.53253329824656,85.38842982146889,Scrambled_Sobol
SOBOL4096_00511,9.546957351267338,69.70004662871361,0.3980861461721361,210.43544832617044,106.28320466261357,73.28517159447074,Scrambled_Sobol
SOBOL4096_00512,38.48187230527401,93.73275046236813,0.1360935934446752,264.1995315812528,48.41694574337453,26.19749986100942,Scrambled_Sobol
SOBOL4096_00513,38.46643190830946,54.73407721146941,0.3531857230514288,250.84688071161509,60.046301912516356,48.597861411981285,Scrambled_Sobol
SOBOL4096_00514,9.608406573534012,81.84306169860065,0.14017900623381138,220.94526877626777,97.9715652577579,95.6882734131068,Scrambled_Sobol
SOBOL4096_00515,11.312781311571598,69.57292822189629,0.27248257784172897,281.32384869270027,85.83765672519803,60.204660943709314,Scrambled_Sobol
SOBOL4096_00516,20.50282321870327,93.55695880949497,0.0594736753217876,226.85097561217844,26.808660198003054,13.11553874053061,Scrambled_Sobol
SOBOL4096_00517,29.509837478399277,64.0071558766067,0.1753267190605402,238.06456060148776,38.263823026791215,29.6592439385131,Scrambled_Sobol
SOBOL4096_00518,18.680357448756695,99.31883621029556,0.3408341606706381,270.1253296714276,74.71440070308745,77.52371342852712,Scrambled_Sobol
SOBOL4096_00519,0.4036342352628708,61.66751910932362,0.07161430044099688,209.7427157126367,107.76527737267315,65.78428740147501,Scrambled_Sobol
SOBOL4096_00520,31.526106037199497,75.10415017604828,0.23712247816845775,262.056431658566,49.92043917067349,17.921064533293247,Scrambled_Sobol
SOBOL4096_00521,32.57860813289881,74.67433013953269,0.10121409276500344,274.9283158406615,91.76028658170253,10.31295396387577,Scrambled_Sobol
SOBOL4096_00522,4.3467845767736435,88.55092991143465,0.2192208152450621,244.32341260835528,65.9540017368272,58.17760518286377,Scrambled_Sobol
SOBOL4096_00523,17.310448102653027,50.46276757493615,0.20531353924423457,257.242266042158,32.85384171176702,94.03664564713836,Scrambled_Sobol
SOBOL4096_00524,25.87432637810707,86.21432124637067,0.32332244742661714,203.47302758134902,80.09589098859578,46.17360450793058,Scrambled_Sobol
SOBOL4096_00525,24.13285903632641,56.6157175693661,0.30261148566380147,214.68524196185172,69.96881041210145,26.28860597498715,Scrambled_Sobol
SOBOL4096_00526,12.677177228033543,80.25741782039404,0.0421040383912623,246.04236568324268,42.648929986171424,73.37919899728149,Scrambled_Sobol
SOBOL4096_00527,5.661001652479172,68.32653926685452,0.382220205552876,233.1222247891128,54.832126940600574,85.48248535953462,Scrambled_Sobol
SOBOL4096_00528,37.409637086093426,95.09328878484666,0.12171202216297389,286.1392427608371,103.21423664223403,38.393544177524745,Scrambled_Sobol
SOBOL4096_00529,35.82425735890865,66.36522086337209,0.22354090826585887,207.24982572719455,30.010898862965405,73.13352902885526,Scrambled_Sobol
SOBOL4096_00530,7.201828099787235,95.50657919608057,0.10553418012335897,267.3864993080497,87.87779614795,25.235538417473435,Scrambled_Sobol
SOBOL4096_00531,14.22839179635048,59.327377984300256,0.31018943559378387,234.95369368232787,94.60321929771453,36.967821451835334,Scrambled_Sobol
SOBOL4096_00532,22.55783837288618,79.09378539770842,0.19218054439872503,270.4428784083575,58.1721067102626,84.86710186116397,Scrambled_Sobol
SOBOL4096_00533,27.454820908606052,52.39277416840196,0.0226741030998528,281.7320829164237,46.71818799804896,52.71634975913912,Scrambled_Sobol
SOBOL4096_00534,15.764745995402336,85.83076908253133,0.2831815560348332,223.655002200976,105.72514570783824,5.5692218616604805,Scrambled_Sobol
SOBOL4096_00535,2.810211293399334,71.93292849697173,0.13232900466769934,256.0863487049937,78.08273922186345,41.05725970584899,Scrambled_Sobol
SOBOL4096_00536,34.168279618024826,89.74587712436914,0.3928371710702777,218.53757111355662,40.138031053356826,88.20563422515988,Scrambled_Sobol
SOBOL4096_00537,30.611483603715897,60.47522728331387,0.16231149733066558,228.51996382698417,83.28525135293603,80.9686174057424,Scrambled_Sobol
SOBOL4096_00538,1.3628147169947624,77.84904763102531,0.3753182311356068,287.9536787047982,34.88108256831765,33.82167123723775,Scrambled_Sobol
SOBOL4096_00539,19.629135951399803,64.3873075954616,0.052278265412896874,213.6837460193783,62.59871741756797,21.71106033027172,Scrambled_Sobol
SOBOL4096_00540,28.584860302507877,97.38607886247337,0.26528716227039695,249.8755461256951,89.89913275465369,68.8596165785566,Scrambled_Sobol
SOBOL4096_00541,21.42232608050108,70.73397082276642,0.3392166461050511,261.1661212425679,100.02488371916115,98.41126284562051,Scrambled_Sobol
SOBOL4096_00542,10.35849079489708,90.84183238446712,0.1737091875076294,202.38643587566912,52.80487325973809,50.51345325540751,Scrambled_Sobol
SOBOL4096_00543,8.64497248083353,54.32415744289756,0.25367703994736074,276.6521628573537,46.00422681309283,14.658656613901258,Scrambled_Sobol
SOBOL4096_00544,39.37676303088665,83.80706529133022,0.08816886788234116,239.8063332401216,71.82995648123324,62.558118044398725,Scrambled_Sobol
SOBOL4096_00545,39.00357063859701,69.4260599091649,0.2008141428977251,218.2509246096015,51.354887769557536,68.39278784580529,Scrambled_Sobol
SOBOL4096_00546,7.938528060913086,92.2382200602442,0.3188230454176665,253.7390793673694,109.03389273677021,21.255987002514303,Scrambled_Sobol
SOBOL4096_00547,11.224846132099628,56.1504730489105,0.09671469641849399,223.94231657497585,73.44606953207403,32.98951311968267,Scrambled_Sobol
SOBOL4096_00548,21.957870796322823,82.0875839330256,0.2147214132361114,284.0786468330771,36.829334371723235,80.12502133380622,Scrambled_Sobol
SOBOL4096_00549,28.035276234149933,61.911276541650295,0.37790630511939527,272.79231497086585,25.374029367230833,63.58140602707863,Scrambled_Sobol
SOBOL4096_00550,18.787803910672665,76.51978717185557,0.1173981273919344,235.24388070218265,84.56922390963882,15.670551941730082,Scrambled_Sobol
SOBOL4096_00551,2.0539990812540054,62.68917745910585,0.29829758523032074,265.03643779084086,99.24003844615072,51.15988312289119,Scrambled_Sobol
SOBOL4096_00552,31.008478589355946,99.17273418977857,0.03779014362022281,206.96038704365492,61.48064886685461,99.06949341762811,Scrambled_Sobol
SOBOL4096_00553,34.87357962876558,50.99949832074344,0.2798581376112998,241.6290483251214,104.60711974650621,82.92760823387653,Scrambled_Sobol
SOBOL4096_00554,3.184700682759285,87.14167242869735,0.06684922942891718,277.8205051086843,56.059136278927326,35.016572419553995,Scrambled_Sobol
SOBOL4096_00555,15.23034568876028,73.6493218690157,0.36056128282099964,200.56434038095176,41.42204113304615,22.907612645067275,Scrambled_Sobol
SOBOL4096_00556,26.58716857433319,87.9165452439338,0.14755456034094094,259.9970252905041,68.57572354376316,70.81704121083021,Scrambled_Sobol
SOBOL4096_00557,23.400467410683632,67.69139426760375,0.07917544672265649,248.7093281839043,78.7028658669442,90.70194985251874,Scrambled_Sobol
SOBOL4096_00558,14.776831455528736,94.06751422211528,0.2446836301125586,211.86452853493392,31.626974074169993,43.564967988058925,Scrambled_Sobol
SOBOL4096_00559,6.803536117076874,57.543833553791046,0.1828878653421998,289.11923414096236,67.18107282184064,7.711782134138048,Scrambled_Sobol
SOBOL4096_00560,35.1342174038291,80.79490740783513,0.34839531261473894,230.3398920968175,93.15319090150297,54.84710932709277,Scrambled_Sobol
SOBOL4096_00561,36.712883189320564,57.91097953915596,0.04471712054684758,264.631635453552,38.86947616934776,43.671569814905524,Scrambled_Sobol
SOBOL4096_00562,5.258437283337116,78.8492635358125,0.2577260117419064,210.15841905027628,76.64831057190895,91.5231729997322,Scrambled_Sobol
SOBOL4096_00563,13.242096304893494,66.51208433322608,0.1547503524646163,267.5507883820683,107.15969484299421,56.04080927558243,Scrambled_Sobol
SOBOL4096_00564,24.989526234567165,96.82532204315066,0.36775708060711626,237.64814647845924,47.986539117991924,8.187913461588323,Scrambled_Sobol
SOBOL4096_00565,25.003622360527515,73.25090579688549,0.24630148159340023,226.43726783804595,59.44051957689226,40.33875687047839,Scrambled_Sobol
SOBOL4096_00566,16.770554557442665,89.89198100753129,0.08079331519082189,278.75201375223696,96.03778964839876,87.43949875701219,Scrambled_Sobol
SOBOL4096_00567,4.7340914234519005,52.14901338331401,0.33184108775109056,221.35835696011782,86.44342924468219,75.70136040449142,Scrambled_Sobol
SOBOL4096_00568,33.29916685819626,84.41513767465949,0.16633363481611013,253.41946935281157,28.74236519448459,28.599374727346003,Scrambled_Sobol
SOBOL4096_00569,31.92981481552124,65.41231772862375,0.3145033346116543,285.19881350919604,70.60296709183604,12.08639579359442,Scrambled_Sobol
SOBOL4096_00570,1.0990911349654198,98.02046241238713,0.1964944377541542,231.42854508012533,44.61140418890864,59.18695595115423,Scrambled_Sobol
SOBOL4096_00571,17.82254584133625,59.93850212544203,0.2278548072837293,246.98341988958418,54.19798007700592,95.04765321034938,Scrambled_Sobol
SOBOL4096_00572,28.946215398609638,76.92169309593737,0.10984807347878814,216.37817333452404,101.25183305237442,47.945485804229975,Scrambled_Sobol
SOBOL4096_00573,21.04141976684332,53.39604183100164,0.13682839959859847,205.16865993849933,91.12593991216272,18.393748230300844,Scrambled_Sobol
SOBOL4096_00574,12.184629738330841,83.26957309618592,0.39733657166361813,258.1860212329775,63.99172259029001,66.24517039395869,Scrambled_Sobol
SOBOL4096_00575,8.889144845306873,71.36911991983652,0.027173498030751943,242.62711238116026,33.48811776842922,78.35006188135594,Scrambled_Sobol
SOBOL4096_00576,38.077980652451515,91.86760210432112,0.2876809566281736,273.98526607081294,82.05816031899303,30.496985046193004,Scrambled_Sobol
SOBOL4096_00577,37.76621613651514,63.00568492151797,0.038036935105919836,231.95389058440924,109.9635889288038,26.84070682618767,Scrambled_Sobol
SOBOL4096_00578,9.202356562018394,98.75685404986143,0.30002802692353725,285.0210286490619,50.78834584914148,74.68343041837215,Scrambled_Sobol
SOBOL4096_00579,12.498516254127026,62.22945423796773,0.12431808395311236,215.85287074558437,36.066616578027606,86.41713791061193,Scrambled_Sobol
SOBOL4096_00580,20.730358511209488,76.10566965304315,0.3863113614730537,247.16124766506255,73.8456333708018,38.57275893911719,Scrambled_Sobol
SOBOL4096_00581,29.26248364150524,55.68596892990172,0.21735712073743343,258.3597666863352,83.97235423326492,10.13439321424812,Scrambled_Sobol
SOBOL4096_00582,17.513828314840794,82.45309684425592,0.09786530412733556,204.63928575627506,26.271796822547913,57.24365194328129,Scrambled_Sobol
SOBOL4096_00583,0.7898657023906708,68.96293992176652,0.3266475429944694,273.811477702111,61.91246505826712,92.7331644995138,Scrambled_Sobol
SOBOL4096_00584,32.24552761763334,92.60501875542104,0.20715499026700854,243.1564436480403,98.507323525846,45.622299229726195,Scrambled_Sobol
SOBOL4096_00585,33.61055236309767,57.22570521757007,0.34493044251576066,211.03670570999384,56.70642165001482,29.480414045974612,Scrambled_Sobol
SOBOL4096_00586,4.420491009950638,81.20935740880668,0.177939345035702,263.4005524776876,103.76268622931093,76.58985379617661,Scrambled_Sobol
SOBOL4096_00587,16.456446386873722,67.3746467102319,0.23453399825841187,236.76990273408592,68.09349165763706,64.48071264661849,Scrambled_Sobol
SOBOL4096_00588,25.314452275633812,94.48325261473656,0.0675407150760293,268.7819142732769,42.10142211522907,17.370028397999704,Scrambled_Sobol
SOBOL4096_00589,24.672878831624985,74.1123958490789,0.14202548125758768,279.98181463219225,30.646527805365622,49.149687457829714,Scrambled_Sobol
SOBOL4096_00590,13.55042528361082,87.54941145889461,0.35651730353012684,225.55768835358322,79.21638796571642,96.99259277898818,Scrambled_Sobol
SOBOL4096_00591,5.567440912127495,51.46423918195069,0.05611976359039546,252.18962555751204,93.96665877196938,61.1392255499959,Scrambled_Sobol
SOBOL4096_00592,36.39693919569254,86.77630387246609,0.2706123219802976,222.23789352923632,66.8345288047567,13.29502830747515,Scrambled_Sobol
SOBOL4096_00593,35.44752910733223,51.832568319514394,0.17038413794711232,278.3471327088773,75.95840209629387,97.11948879528791,Scrambled_Sobol
SOBOL4096_00594,6.491824202239513,84.8309550434351,0.33737524108961225,241.45255628973246,39.341484545730054,49.95061641559005,Scrambled_Sobol
SOBOL4096_00595,14.465641602873802,72.93269550427794,0.0900326069816947,259.4704406056553,48.84152134414762,14.46843406651169,Scrambled_Sobol
SOBOL4096_00596,23.714329935610294,90.30613149516284,0.2570258731767535,200.74087533168495,106.52261366602033,61.6356510668993,Scrambled_Sobol
SOBOL4096_00597,26.278513185679913,66.97655548341572,0.37271212475374343,212.0395668130368,96.39455749187618,81.89174405764788,Scrambled_Sobol
SOBOL4096_00598,15.54670438170433,96.45984172821045,0.158220296818763,248.18123609758914,58.637579516507685,34.0125987585634,Scrambled_Sobol
SOBOL4096_00599,3.5003990307450294,58.374162297695875,0.2693542195484042,230.16481090337038,28.218639218248427,22.274641781114042,Scrambled_Sobol
SOBOL4096_00600,34.56421606242657,78.48240244202316,0.05486167814582586,289.6472833119333,87.41332712117583,70.15218053944409,Scrambled_Sobol
SOBOL4096_00601,30.69494031369686,71.687185857445,0.2865354217588902,254.6159122698009,44.2220442276448,53.639201605692506,Scrambled_Sobol
SOBOL4096_00602,2.3654750362038612,91.4532148744911,0.024544312953948974,217.01837714761496,71.3762332778424,5.760237327776849,Scrambled_Sobol
SOBOL4096_00603,19.098619371652603,53.712821984663606,0.39099065145477657,283.2018568459898,101.808151146397,41.62075321190059,Scrambled_Sobol
SOBOL4096_00604,27.721029929816723,82.8538017347455,0.12899737959727645,225.17490695230663,53.257756074890494,89.49847299139947,Scrambled_Sobol
SOBOL4096_00605,22.26629976183176,59.47546111419797,0.1081227046251297,236.4722170960158,64.71388880163431,71.84148583561182,Scrambled_Sobol
SOBOL4096_00606,10.908251330256462,77.28879428468645,0.22761453822255134,271.91128172911704,90.6839195266366,24.672795184887946,Scrambled_Sobol
SOBOL4096_00607,7.622455470263958,64.94751409627497,0.18808430856093764,205.73200773447752,81.17092035710812,36.77750529721379,Scrambled_Sobol
SOBOL4096_00608,39.31255027651787,98.38589336723089,0.30757685562595727,265.91742811724544,34.09521095454693,83.94490402657539,Scrambled_Sobol
SOBOL4096_00609,39.690091498196125,61.30209895782173,0.242094916626811,287.7758241072297,97.11448095273226,90.15066722407937,Scrambled_Sobol
SOBOL4096_00610,8.333248570561409,75.56894375011325,0.0751016391068697,229.04522886499763,60.68549625109881,42.261554789729416,Scrambled_Sobol
SOBOL4096_00611,10.047312937676907,63.64006772637367,0.35249136088415983,250.05344363860786,27.498726206831634,6.777760945260525,Scrambled_Sobol
SOBOL4096_00612,21.7361718416214,99.78186343796551,0.18550026906654238,213.15852389670908,85.36548163276166,54.6685259277001,Scrambled_Sobol
SOBOL4096_00613,28.276183381676674,69.98871038667858,0.06349518604576587,201.85695976950228,75.23861796129495,83.10698154382408,Scrambled_Sobol
SOBOL4096_00614,19.94552094489336,93.2401685975492,0.27798773877322674,261.3397755008191,37.29344368446618,35.951338219456375,Scrambled_Sobol
SOBOL4096_00615,1.6784867644309998,55.14847747981548,0.14940090371295808,240.3357664309442,49.56123423296958,24.211730817332864,Scrambled_Sobol
SOBOL4096_00616,30.302141569554806,81.52498197741807,0.36389272032305603,276.47846568375826,108.57064407784492,71.36898351367563,Scrambled_Sobol
SOBOL4096_00617,33.85471995919943,68.69339030236006,0.12000404903665185,266.1553144082427,65.4001207370311,63.76087294425815,Scrambled_Sobol
SOBOL4096_00618,3.121713399887085,94.63011682964861,0.3819973322190345,208.1280211918056,92.69808393903077,16.605048598721623,Scrambled_Sobol
SOBOL4096_00619,16.07553530484438,56.98118410073221,0.03372290018945932,271.6741062235087,80.48475966788828,52.464270438067615,Scrambled_Sobol
SOBOL4096_00620,27.140595987439156,79.79295970872045,0.295713997669518,234.07554113306105,32.08105699159205,99.62134211324155,Scrambled_Sobol
SOBOL4096_00621,22.86628395318985,50.048607029020786,0.32214792156592015,222.7753529790789,43.536012414842844,67.84159316215664,Scrambled_Sobol
SOBOL4096_00622,13.911785148084164,86.53254234232008,0.20265536317601798,282.9618033301085,69.36188394203782,19.952298998832703,Scrambled_Sobol
SOBOL4096_00623,6.885767355561256,74.25849898718297,0.21285749930888415,219.4171774201095,102.49417250975966,32.05576673615724,Scrambled_Sobol
SOBOL4096_00624,36.13322038203478,88.86738801375031,0.093365677036345,254.85658537596464,55.27203416451812,79.94634998962283,Scrambled_Sobol
SOBOL4096_00625,37.09788918495178,72.29831009171903,0.39549027429893613,244.14701176807284,88.64035704173148,19.68633484095335,Scrambled_Sobol
SOBOL4096_00626,5.974201522767544,89.2811224795878,0.1334970081038773,275.4550453647971,29.611502373591065,66.80881979409605,Scrambled_Sobol
SOBOL4096_00627,12.991075590252876,52.75991875678301,0.2910350446030498,203.6494713369757,57.2445132303983,78.54092145338655,Scrambled_Sobol
SOBOL4096_00628,23.821781165897846,85.36768504418433,0.02904394146054983,256.71557943336666,95.16764868982136,31.420089048333466,Scrambled_Sobol
SOBOL4096_00629,26.19057323783636,58.91165263019502,0.19239834489300847,245.51435406319797,105.29576597735286,11.164087364450097,Scrambled_Sobol
SOBOL4096_00630,17.001756727695465,79.41051917150617,0.31189088629558687,214.86034997738898,47.448475640267134,58.99684665258974,Scrambled_Sobol
SOBOL4096_00631,4.037532992660999,65.9507816657424,0.11243674095720053,286.66721146553755,40.73440881446004,94.48470312170684,Scrambled_Sobol
SOBOL4096_00632,32.89434231817722,95.82469747401774,0.23192856889218091,232.9470738582313,77.18545259907842,46.653553205542266,Scrambled_Sobol
SOBOL4096_00633,31.83747000992298,53.957344964146614,0.08265718311071396,219.71280178055167,35.36380636971444,39.41653638612479,Scrambled_Sobol
SOBOL4096_00634,0.09006012231111526,84.27019831724465,0.24965045496821403,251.72378335148096,82.60538953822106,87.2491146530956,Scrambled_Sobol
SOBOL4096_00635,18.366222977638245,70.36844785325229,0.16300871407613157,228.08348552323878,89.24941092263907,75.13868512120098,Scrambled_Sobol
SOBOL4096_00636,29.8206889256835,91.30634730681777,0.32999982288107277,280.44698896817863,63.445578212849796,27.307354183867574,Scrambled_Sobol
SOBOL4096_00637,20.186192579567432,64.80141133069992,0.26179329976439475,269.2443876247853,51.98930267710239,44.964250032790005,Scrambled_Sobol
SOBOL4096_00638,11.621098294854164,97.06791420467198,0.047300752699375156,239.29299891926348,100.37354026455432,92.08655325695872,Scrambled_Sobol
SOBOL4096_00639,9.917422197759151,60.8910973649472,0.36515120496973397,262.93733078986406,72.81055964995176,56.231937990523875,Scrambled_Sobol
SOBOL4096_00640,38.15047115087509,77.53255097195506,0.1506593713723123,208.51423447951674,45.49053736496717,9.110923856496811,Scrambled_Sobol
SOBOL4096_00641,38.32640442997217,73.61132972873747,0.2666891526430845,257.63021404854953,73.65440847352147,80.61317154671997,Scrambled_Sobol
SOBOL4096_00642,9.702730402350426,88.25039062649012,0.05368242450058461,203.11939843930304,35.87651642039418,32.780391024425626,Scrambled_Sobol
SOBOL4096_00643,11.718906573951244,50.958620849996805,0.37078488526865844,274.573324136436,50.31551806256175,20.770033816806972,Scrambled_Sobol
SOBOL4096_00644,20.049625784158707,87.47263266704977,0.15777599407359957,244.70999805256724,109.48961613699794,68.60116249881685,Scrambled_Sobol
SOBOL4096_00645,29.957559630274773,57.697816798463464,0.08959556348621846,233.4113092534244,98.36668183095753,98.81545117590576,Scrambled_Sobol
SOBOL4096_00646,18.268718756735325,80.54043184965849,0.25510301642119887,285.8625313267112,61.77035410888493,51.69298745691776,Scrambled_Sobol
SOBOL4096_00647,0.3050558269023895,67.8482142277062,0.16919767035171387,214.40714650787413,25.748386466875672,15.926745911128819,Scrambled_Sobol
SOBOL4096_00648,31.66184078902006,93.81587556563318,0.3347058367542923,246.3300661277026,83.45039286650717,63.0475995503366,Scrambled_Sobol
SOBOL4096_00649,33.1093392893672,55.96616407856345,0.18764724383130668,281.0100584011525,41.62873872090131,70.65576108172536,Scrambled_Sobol
SOBOL4096_00650,3.861904889345169,82.3727689217776,0.3056539776362479,227.20185817219317,67.61935927439481,23.533479091711342,Scrambled_Sobol
SOBOL4096_00651,17.13862869888544,69.23853200860322,0.10693621579557658,251.19363266974688,103.5712966741994,35.18000427633524,Scrambled_Sobol
SOBOL4096_00652,26.09307013452053,92.52018593251705,0.22494511265307665,220.62734788283706,56.516501349397004,82.301039644517,Scrambled_Sobol
SOBOL4096_00653,23.919590562582016,62.69646091386676,0.3883256086148322,209.33003505691886,66.31126284133643,55.428044302389026,Scrambled_Sobol
SOBOL4096_00654,12.854510061442852,98.86921527795494,0.1278181500174105,262.48420510441065,93.44453781377524,7.595444801263511,Scrambled_Sobol
SOBOL4096_00655,6.150135919451714,61.92182605154812,0.2846082063391805,238.4882249031216,79.07558161299676,42.98623003996909,Scrambled_Sobol
SOBOL4096_00656,36.88319865614176,76.21953412890434,0.024100034274160863,269.70853987149894,30.504596712999046,90.81753974314779,Scrambled_Sobol
SOBOL4096_00657,35.95759227871895,59.97687508352101,0.3277861969359219,214.00165886618197,106.04086142499,8.397755394689739,Scrambled_Sobol
SOBOL4096_00658,7.100764326751232,76.58746540546417,0.2097794801183045,249.52878612093627,48.3608938427642,55.55337748490274,Scrambled_Sobol
SOBOL4096_00659,13.814282044768333,65.45357583090663,0.21774924974888563,228.16909467801452,39.159184102900326,91.3155280938372,Scrambled_Sobol
SOBOL4096_00660,23.003155924379826,97.68912005238235,0.0997403472289443,288.26748240739107,75.774956648238,44.158254163339734,Scrambled_Sobol
SOBOL4096_00661,27.00403045862913,71.21475604362786,0.1262003636546433,277.0689607039094,86.89915027003735,28.067000140435994,Scrambled_Sobol
SOBOL4096_00662,16.17334470152855,92.12245978415012,0.3867078052647412,239.3826769851148,27.70299311261624,75.95613380894065,Scrambled_Sobol
SOBOL4096_00663,2.9070228710770607,53.23884105309844,0.040654143057763575,260.7383343856782,58.487704317085445,87.97402507159859,Scrambled_Sobol
SOBOL4096_00664,34.0306543558836,83.5215940605849,0.3011623207852245,202.7991031203419,96.24613128136843,40.08328132331371,Scrambled_Sobol
SOBOL4096_00665,30.08744977414608,66.6967754252255,0.05800206452608109,234.56711628474295,53.075600024312735,47.32034910470247,Scrambled_Sobol
SOBOL4096_00666,1.85442004352808,96.53975642286241,0.2710087870061398,270.7978781592101,101.62454610690475,95.20966450218111,Scrambled_Sobol
SOBOL4096_00667,19.808954149484634,58.09888974763453,0.14464271044358612,207.60344145819545,70.89431637898088,59.814244378358126,Scrambled_Sobol
SOBOL4096_00668,28.373991660773754,78.56691684573889,0.3576516186259687,266.9985378906131,43.74159658327699,11.923682359047234,Scrambled_Sobol
SOBOL4096_00669,21.63866762071848,52.141347620636225,0.23567262813448905,255.79864021390676,33.94548014737666,30.614042216911912,Scrambled_Sobol
SOBOL4096_00670,10.18418364226818,84.71903740428388,0.07016518086194992,218.81565852090716,81.02233455516398,77.76984532829374,Scrambled_Sobol
SOBOL4096_00671,8.15761934965849,73.2399741653353,0.34532254746183755,282.00880776159465,90.16957801766694,66.1303102504462,Scrambled_Sobol
SOBOL4096_00672,39.9050872027874,90.19261468201876,0.1798143640719354,223.3659311477095,64.19842255301774,18.97321734111756,Scrambled_Sobol
SOBOL4096_00673,39.215047247707844,50.71486006490886,0.1143117741495371,200.22720414213836,84.88486173097044,12.581720231100917,Scrambled_Sobol
SOBOL4096_00674,7.759327366948128,86.05700125917792,0.2323206653445959,260.3245619032532,27.016981565393507,60.46088959556073,Scrambled_Sobol
SOBOL4096_00675,10.732623301446438,74.92930702865124,0.1950228021852672,241.95520091801882,60.50204320345074,96.22134448029101,Scrambled_Sobol
SOBOL4096_00676,22.48129665851593,88.39649450965226,0.31302953032776715,277.4819848500192,96.93217291031033,48.34382978733629,Scrambled_Sobol
SOBOL4096_00677,27.506339326500893,67.99507769756019,0.2921693512052298,288.6832075379789,108.05500557180494,18.12945121899247,Scrambled_Sobol
SOBOL4096_00678,19.27455384284258,95.13461841270328,0.031661184802651406,230.74431959539652,49.04706498142332,65.298299533315,Scrambled_Sobol
SOBOL4096_00679,2.228909432888031,56.28141835331917,0.3958867534808815,249.11239312030375,37.145009874366224,77.31462460011244,Scrambled_Sobol
SOBOL4096_00680,30.792749784886837,80.29590998776257,0.13537930054590105,211.42713936977088,75.0887351622805,30.1473835343495,Scrambled_Sobol
SOBOL4096_00681,34.42764934152365,69.87368110567331,0.36628549033775926,224.309665216133,31.89745955169201,46.28922908101231,Scrambled_Sobol
SOBOL4096_00682,3.5982072353363037,93.54595565237105,0.15327659348025918,283.7044183257967,80.30261121690273,93.45789566636086,Scrambled_Sobol
SOBOL4096_00683,15.33201266080141,55.03804846666753,0.2621897577121854,217.87258695811033,92.21762869507074,58.061278467066586,Scrambled_Sobol
SOBOL4096_00684,26.454446390271187,81.83527672663331,0.0491830239072442,254.10231886431575,64.91819623857737,10.893855672329664,Scrambled_Sobol
SOBOL4096_00685,23.53870064020157,61.38510089367628,0.16488377133384347,265.3049228899181,55.12345596216619,37.766940905712545,Scrambled_Sobol
SOBOL4096_00686,14.680637381970882,75.2921795938164,0.3303919433988631,206.66307624429464,102.3444493021816,85.64592924900353,Scrambled_Sobol
SOBOL4096_00687,6.394319906830788,63.7214710470289,0.08528166446834803,272.49087356962264,68.84641009382904,74.00505482684821,Scrambled_Sobol
SOBOL4096_00688,35.58439988642931,99.5035988278687,0.25078912306576967,235.50823519937694,43.02166330628097,26.127359112724662,Scrambled_Sobol
SOBOL4096_00689,36.49474740028381,64.13559741340578,0.14895661087706685,246.6201884392649,94.97755613178015,84.61159304715693,Scrambled_Sobol
SOBOL4096_00690,5.430874191224575,97.54301803186536,0.3619655133970082,216.75651903264225,57.05329593271017,37.502358383499086,Scrambled_Sobol
SOBOL4096_00691,13.726358488202095,60.22063251584768,0.06231596495956182,285.5730286054313,29.137521982192993,25.490299789234996,Scrambled_Sobol
SOBOL4096_00692,24.458187110722065,78.00310240127146,0.2753226817771793,231.0611830279231,88.16752165555954,72.60118912439793,Scrambled_Sobol
SOBOL4096_00693,25.529448054730892,54.65523689053953,0.349821943808347,242.36274983733892,77.04334924928844,88.69235184043646,Scrambled_Sobol
SOBOL4096_00694,16.280817091464996,83.76611629500985,0.18431376608088612,274.2866994254291,40.593774719163775,40.84960418287665,Scrambled_Sobol
SOBOL4096_00695,4.557361789047718,71.06788773089647,0.2401720244809985,205.46598414890468,46.926506673917174,5.081802103668451,Scrambled_Sobol
SOBOL4096_00696,33.51304806768894,90.80372103489935,0.07466458287090064,257.91754954494536,104.77234802208841,52.92615700978786,Scrambled_Sobol
SOBOL4096_00697,32.38239951431751,59.02700573205948,0.21018810346722602,267.8893005941063,62.971453429199755,69.43909630645066,Scrambled_Sobol
SOBOL4096_00698,0.6923626735806465,79.10440643317997,0.09217919528484345,237.32198583893478,88.77673512790352,21.596166919916868,Scrambled_Sobol
SOBOL4096_00699,17.728825211524963,66.06163042597473,0.3202250506542623,264.304112251848,82.41546163801104,33.24148936662823,Scrambled_Sobol
SOBOL4096_00700,29.086855612695217,95.51398186013103,0.20221832817420363,210.49556870013475,35.1724092150107,81.08566254377365,Scrambled_Sobol
SOBOL4096_00701,20.906292982399464,72.2149658948183,0.03327858328819275,221.7957541719079,44.96842400636524,62.39539399277419,Scrambled_Sobol
SOBOL4096_00702,12.283825650811195,89.5582300145179,0.2937867666780949,253.01641246303916,72.2873012861237,15.285978307947516,Scrambled_Sobol
SOBOL4096_00703,9.30016603320837,52.678078366443515,0.11882480388507248,226.03282692842185,100.23160157259554,50.675429864786565,Scrambled_Sobol
SOBOL4096_00704,37.62965053319931,85.64638858661056,0.37933225115761166,279.18802694417536,51.84848872479051,97.78613817878067,Scrambled_Sobol
SOBOL4096_00705,37.94110994786024,56.69561801478267,0.13040178783237935,237.1455045323819,26.628938866779208,54.13398262578994,Scrambled_Sobol
SOBOL4096_00706,8.986649066209793,79.97765052132308,0.3923928909748793,268.4159389231354,85.65681065432727,7.033264804631472,Scrambled_Sobol
SOBOL4096_00707,11.969634033739567,68.41104258783162,0.020009058844298124,210.67209292203188,97.48721427284181,42.79390106443316,Scrambled_Sobol
SOBOL4096_00708,21.21704898774624,94.81802582740784,0.28200232503935696,263.77751683816314,59.5630959328264,89.8959108069539,Scrambled_Sobol
SOBOL4096_00709,28.770282119512558,74.5623997412622,0.30900294534862044,252.48830964788795,49.76795446127653,71.57664540689439,Scrambled_Sobol
SOBOL4096_00710,18.037237636744976,88.85972346179187,0.18951111741364002,221.97078172117472,107.61426191776991,23.725018156692386,Scrambled_Sobol
SOBOL4096_00711,1.0012828558683395,50.349241169169545,0.22310384212061762,279.71608684398234,74.20281246304512,35.74152459856123,Scrambled_Sobol
SOBOL4096_00712,32.066381610929966,86.52161099016666,0.10361130071803928,225.8577564638108,37.750785797834396,83.59439634718001,Scrambled_Sobol
SOBOL4096_00713,33.20135746151209,63.30584124661982,0.25249057376757267,215.52396084181964,79.61138547863811,99.73624189384282,Scrambled_Sobol
SOBOL4096_00714,4.870656952261925,99.82023742049932,0.08549946496263147,247.49701061286032,32.370785190723836,51.884795664809644,Scrambled_Sobol
SOBOL4096_00715,16.594620160758495,60.97075687721372,0.33877960402518514,232.29378413408995,65.77445519622415,16.48799709044397,Scrambled_Sobol
SOBOL4096_00716,25.21831288933754,75.61020231805742,0.17178633216768502,284.6962493471801,91.57927078660578,64.34104986023158,Scrambled_Sobol
SOBOL4096_00717,24.77452926337719,55.40333488024771,0.05035102734342217,273.40567691251636,102.70249387715012,79.31902192533016,Scrambled_Sobol
SOBOL4096_00718,13.417724408209324,81.37061763554811,0.2648428609408438,243.59109696000814,54.31923917029053,32.21848583314568,Scrambled_Sobol
SOBOL4096_00719,5.1215653121471405,70.24073014035821,0.1596464318409562,258.79852914251387,42.49662006739527,20.57743003591895,Scrambled_Sobol
SOBOL4096_00720,36.810386292636395,93.08296679519117,0.37413897890597586,204.23759411089122,69.8176252329722,67.67962150741369,Scrambled_Sobol
SOBOL4096_00721,35.27078293263912,70.65363163128495,0.07200640680268407,283.52664419449866,57.70185803528875,31.163855441845953,Scrambled_Sobol
SOBOL4096_00722,6.705726720392704,91.12203731201589,0.23899749862030148,224.83502144925296,94.13184588309377,79.07473359256983,Scrambled_Sobol
SOBOL4096_00723,14.99152198433876,54.23931055702269,0.17646535035222768,254.28013591095805,87.6839725067839,67.06285637337714,Scrambled_Sobol
SOBOL4096_00724,23.224533013999462,84.08266995102167,0.343458627872169,217.3472736403346,29.81822022702545,19.15327014401555,Scrambled_Sobol
SOBOL4096_00725,26.76279667764902,60.58757873252034,0.2750998084433377,206.1336913332343,39.61201118770987,47.13954602833837,Scrambled_Sobol
SOBOL4096_00726,15.015348717570305,77.53983489237726,0.0606079918332398,265.4786576144397,77.5581886107102,94.27632280625403,Scrambled_Sobol
SOBOL4096_00727,3.282203786075115,64.50115949846804,0.35506802540272475,236.03757719509304,105.58709262404591,58.50870210211724,Scrambled_Sobol
SOBOL4096_00728,34.73670765757561,97.07846473902464,0.14057547267526388,272.31709592975676,46.57868592534214,11.373169822618365,Scrambled_Sobol
SOBOL4096_00729,31.105982810258865,53.093764605000615,0.38483741208910943,259.0934681985527,89.70515458844602,27.886109119281173,Scrambled_Sobol
SOBOL4096_00730,1.9171283766627312,85.32969318330288,0.12284631460905075,201.10548007301986,62.40618824027479,75.02306691836566,Scrambled_Sobol
SOBOL4096_00731,18.963433131575584,72.62927135452628,0.30449376394972205,278.7131214700639,34.41100868396461,86.66820799000561,Scrambled_Sobol
SOBOL4096_00732,27.82028052955866,89.2402462195605,0.04250048076733947,241.07696790248156,82.81370821408927,39.532856731675565,Scrambled_Sobol
SOBOL4096_00733,22.17256259173155,65.69630508311093,0.20570566684007643,229.86475083976984,71.69174887239933,8.947475012391806,Scrambled_Sobol
SOBOL4096_00734,11.048912853002548,95.97867950797081,0.3251974891126156,289.91301914677024,45.86487419903278,56.858534892089665,Scrambled_Sobol
SOBOL4096_00735,8.075094856321812,58.660013508051634,0.10235274529084563,212.30666521005332,52.27902818471193,92.24780507385731,Scrambled_Sobol
SOBOL4096_00736,38.90576235949993,79.56733885221183,0.22184530368074773,247.88253859616816,99.50016338378191,44.3384005734697,Scrambled_Sobol
SOBOL4096_00737,39.59145363420248,67.38526877015829,0.3344655676931143,271.3245969545096,36.35796349029988,39.060184359550476,Scrambled_Sobol
SOBOL4096_00738,8.469038009643555,94.18288157321513,0.16747230149805545,234.39070471562445,72.97582339029759,86.20729102287441,Scrambled_Sobol
SOBOL4096_00739,10.49505639821291,57.233108347281814,0.2481765374355018,266.4718620106578,108.84121156763285,74.19675244018435,Scrambled_Sobol
SOBOL4096_00740,21.324516609311104,80.9057672508061,0.08118543429300189,207.7798959426582,51.16106159519404,27.048356686718762,Scrambled_Sobol
SOBOL4096_00741,28.6823633313179,51.27659160643816,0.1551468089967966,218.99077726528049,60.956100788898766,45.36753219552338,Scrambled_Sobol
SOBOL4096_00742,19.492264054715633,87.0583409909159,0.369639350399375,255.27063932269812,98.71402111370116,93.26554404105991,Scrambled_Sobol
SOBOL4096_00743,1.5384427458047867,73.92801432870328,0.045851404499262574,223.19076948799193,84.4297193037346,57.49912112019956,Scrambled_Sobol
SOBOL4096_00744,30.396486707031727,87.83471444621682,0.26034323243424295,282.53676573745906,25.2359737502411,9.599861945025623,Scrambled_Sobol
SOBOL4096_00745,34.34390891343355,62.38639312796295,0.02756997862830758,250.4056994896382,68.38319689966738,17.208023476414382,Scrambled_Sobol
SOBOL4096_00746,2.5952155143022537,75.85395900532603,0.28956325048580767,212.76920259930193,41.22806550003588,65.10585430078208,Scrambled_Sobol
SOBOL4096_00747,15.862250290811062,63.15973848104477,0.1379627076163888,287.3906119540334,55.58759060688317,76.75256086047739,Scrambled_Sobol
SOBOL4096_00748,27.317950129508972,98.50225825794041,0.39995381642133,229.4015938602388,104.13704332895577,28.85312066413462,Scrambled_Sobol
SOBOL4096_00749,22.6944050937891,68.9219921361655,0.23047926599159835,240.61110457405448,93.01384082064033,13.87523849029094,Scrambled_Sobol
SOBOL4096_00750,14.130583591759205,92.93609922751784,0.11098671892657877,276.18800792843103,67.04286774620414,61.022163424640894,Scrambled_Sobol
SOBOL4096_00751,7.416519820690155,55.64785785973072,0.31637836921960116,201.570632616058,31.102251205593348,96.41313003841788,Scrambled_Sobol
SOBOL4096_00752,35.64832415431738,82.78701421804726,0.1968865356221795,261.6192442458123,78.17701825872064,49.2645525559783,Scrambled_Sobol
SOBOL4096_00753,37.194641306996346,53.701819106936455,0.2971183414943516,227.72711248137057,47.80569558031857,61.84476820752025,Scrambled_Sobol
SOBOL4096_00754,5.8366309478878975,83.15455508418381,0.035125063974410294,280.8321930747479,106.97997604496777,13.980277483351529,Scrambled_Sobol
SOBOL4096_00755,12.540306448936462,71.67940209619701,0.377461989633739,220.1021364890039,76.16510205902159,49.742246717214584,Scrambled_Sobol
SOBOL4096_00756,24.230363331735134,91.75718715414405,0.11547089781612159,251.37154091149569,38.38512265123427,97.60544835124165,Scrambled_Sobol
SOBOL4096_00757,25.776518173515797,65.13554230332375,0.09479182692244649,262.6578700914979,28.59135227277875,69.61908116005361,Scrambled_Sobol
SOBOL4096_00758,17.447014823555946,98.10347412712872,0.21428437964990735,208.80056967958808,86.29094706848264,22.528690393082798,Scrambled_Sobol
SOBOL4096_00759,4.170851372182369,59.66022345237434,0.1981447484716773,269.53483196906745,95.52474988624454,34.54640028066933,Scrambled_Sobol
SOBOL4096_00760,32.79329985380173,77.00310898944736,0.31763656508177524,239.01764736510813,58.928928803652525,81.63554371800274,Scrambled_Sobol
SOBOL4096_00761,31.35017156600952,72.77537449263036,0.18096497178077697,203.99760463275015,100.76877906452864,88.8726114993915,Scrambled_Sobol
SOBOL4096_00762,0.618324838578701,90.55822277441621,0.3479582549631596,256.3990398775786,53.713477100245655,41.782039711251855,Scrambled_Sobol
SOBOL4096_00763,18.58254797756672,51.67813245207071,0.07650602823123336,243.83183477446437,44.43038586061448,6.386800962500274,Scrambled_Sobol
SOBOL4096_00764,29.646403081715107,85.08593165315688,0.24349712571129203,275.80454122275114,70.42341801803559,53.47576337866485,Scrambled_Sobol
SOBOL4096_00765,20.3659513220191,58.415492391213775,0.3593820603191853,287.09224101155996,81.54527508188039,84.06123640481383,Scrambled_Sobol
SOBOL4096_00766,11.410284340381622,78.1509411521256,0.14488950192928315,232.53164930269122,32.976377536542714,36.19656395167112,Scrambled_Sobol
SOBOL4096_00767,9.393409676849842,67.01504867523909,0.2794138433597982,245.10031352750957,63.840534877963364,24.55721024889499,Scrambled_Sobol
SOBOL4096_00768,38.642059937119484,96.12554372288287,0.06492202108725906,215.28676354326308,90.97362746018916,72.42023015394807,Scrambled_Sobol
SOBOL4096_00769,38.68835832923651,67.12883138097823,0.1678206131234765,282.38801872357726,83.6410211166367,41.946365791372955,Scrambled_Sobol
SOBOL4096_00770,9.498325884342194,96.19693998247385,0.33332879651337866,222.99910176545382,25.93915657605976,89.07899695448577,Scrambled_Sobol
SOBOL4096_00771,11.534869857132435,58.53936159983277,0.08227521995082497,255.42975039221346,61.579827344976366,53.312503076158464,Scrambled_Sobol
SOBOL4096_00772,20.392885580658913,78.23251648806036,0.24778266722336412,219.19418233446777,98.17597267683595,6.178624937310815,Scrambled_Sobol
SOBOL4096_00773,29.59506392478943,51.60628319717944,0.36924555946141485,207.99432489089668,109.63087743613869,36.35839466471225,Scrambled_Sobol
SOBOL4096_00774,18.472601734101772,84.97102838009596,0.15623665127903222,266.6420076880604,50.45692122075707,84.27088165655732,Scrambled_Sobol
SOBOL4096_00775,0.48902280628681183,72.69501509144902,0.25920651787891985,234.20989993959665,35.7351944828406,72.26023318711668,Scrambled_Sobol
SOBOL4096_00776,31.318493373692036,90.43471119366586,0.04619979539886117,271.18670215830207,73.51290414575487,24.346456043422222,Scrambled_Sobol
SOBOL4096_00777,32.688402719795704,59.73755707964301,0.2891687050275505,261.8223655037582,30.313806338235736,14.142093509435654,Scrambled_Sobol
SOBOL4096_00778,4.124533906579018,77.13579903356731,0.028660527300089597,201.73015724867582,78.88497362844646,62.054399834014475,Scrambled_Sobol
SOBOL4096_00779,17.420099638402462,65.19821179099381,0.39881779693067076,275.99520781077445,93.6352267023176,97.44546500965953,Scrambled_Sobol
SOBOL4096_00780,25.651913583278656,98.22140745818615,0.13831035532057284,240.46327437274158,66.50180987082422,49.53150719869882,Scrambled_Sobol
SOBOL4096_00781,24.340290501713753,71.54640210792422,0.1113343326561153,229.26479826681316,56.37507792562246,22.69303080625832,Scrambled_Sobol
SOBOL4096_00782,12.591664679348469,91.67868527583778,0.22934323517605662,287.208835715428,103.43005564063787,69.82548059429973,Scrambled_Sobol
SOBOL4096_00783,5.868290066719055,53.58495865948498,0.19797707296907902,212.93957944959402,67.76084333658218,81.4722694363445,Scrambled_Sobol
SOBOL4096_00784,37.32396241277456,83.09229090809822,0.31598378978669645,250.61968369409442,41.77008092403412,34.33820992242545,Scrambled_Sobol
SOBOL4096_00785,35.77274776995182,55.52076776511967,0.03630823319777846,238.81422083824873,96.063122889027,64.89910078700632,Scrambled_Sobol
SOBOL4096_00786,7.443310804665089,82.70298391580582,0.29681640526279807,269.37569944188,58.30487831495702,17.043329337611794,Scrambled_Sobol
SOBOL4096_00787,14.177044332027435,68.81065992638469,0.11591114342212677,208.99238760583103,27.88590001873672,29.0609399555251,Scrambled_Sobol
SOBOL4096_00788,22.799464128911495,92.86792534403503,0.37641860201954846,262.80676730908453,87.08191531710327,76.9154644291848,Scrambled_Sobol
SOBOL4096_00789,27.18848694115877,63.24336347170174,0.21324091276153923,251.50932841934264,75.62575124204159,60.81288623157889,Scrambled_Sobol
SOBOL4096_00790,15.830428078770638,98.6282754689455,0.09523201590403915,220.2828339766711,39.01016108691692,13.713775835931301,Scrambled_Sobol
SOBOL4096_00791,2.544039450585842,62.45573526248336,0.31733457222580913,280.66211177036166,48.51015988737345,49.475663495250046,Scrambled_Sobol
SOBOL4096_00792,34.23410475254059,75.96560115925968,0.1993278384208679,227.51274790614843,106.18998561054468,96.57348373904824,Scrambled_Sobol
SOBOL4096_00793,30.36971479654312,73.86169927194715,0.34691408168524507,215.43452937155962,64.38126882072538,85.99802745506167,Scrambled_Sobol
SOBOL4096_00794,1.4140000566840172,87.7138955052942,0.18140591528266667,245.2930492721498,90.35256614442915,38.89873639214784,Scrambled_Sobol
SOBOL4096_00795,19.387224093079567,51.202148059383035,0.24319587605074047,232.37223195843399,80.83958977367729,27.25945293903351,Scrambled_Sobol
SOBOL4096_00796,28.635883517563343,86.9292950257659,0.07768842311576009,286.88922704197466,33.762552975676954,74.35709251556545,Scrambled_Sobol
SOBOL4096_00797,21.3563197478652,57.35356966033578,0.14607193078845737,275.5904068145901,43.89063986483961,93.0587765481323,Scrambled_Sobol
SOBOL4096_00798,10.624538660049438,80.97086637280881,0.35908082198351626,243.66130772046745,71.04350151959807,45.20282372366637,Scrambled_Sobol
SOBOL4096_00799,8.57882309705019,67.51543530263007,0.06536297591403127,256.5808375738561,101.47544218692929,9.807695569470525,Scrambled_Sobol
SOBOL4096_00800,39.64264877140522,94.25777811557055,0.2783697040565312,204.1344216838479,52.92631371412426,57.66203866805881,Scrambled_Sobol
SOBOL4096_00801,38.77629350870848,58.783122105523944,0.3913494255021215,225.68794874474406,74.90599022246897,74.81234704144299,Scrambled_Sobol
SOBOL4096_00802,8.043278306722641,79.64815041050315,0.1308419782295823,279.50129847973585,36.96208254434168,27.7261004736647,Scrambled_Sobol
SOBOL4096_00803,10.997731126844883,65.81085585057735,0.2817003335990012,222.1083385590464,49.22991109080613,39.742513662204146,Scrambled_Sobol
SOBOL4096_00804,22.06276409327984,96.05083507485688,0.021192150209099054,252.66947383992374,108.23799354024231,86.83000437449664,Scrambled_Sobol
SOBOL4096_00805,27.944699078798294,72.54814985208213,0.19069428805261848,263.9695332478732,96.78306883201003,56.650324538350105,Scrambled_Sobol
SOBOL4096_00806,18.990229181945324,89.1159693710506,0.3087010105326772,210.82051270641387,60.35275673493743,8.784226388670504,Scrambled_Sobol
SOBOL4096_00807,1.9635840505361557,53.022681921720505,0.10405154773965479,268.2121851667762,27.166024688631296,44.54477434977889,Scrambled_Sobol
SOBOL4096_00808,31.211046911776066,85.21554772742093,0.22206045592203735,236.98672069236636,85.0340467132628,92.41216548252851,Scrambled_Sobol
SOBOL4096_00809,34.76850513368845,64.56306371837854,0.08668189240619541,204.41903239116073,43.20457037072629,78.86653226334602,Scrambled_Sobol
SOBOL4096_00810,3.4116917103528976,97.19563596881926,0.2521893340162933,258.9356841519475,69.02917529921979,31.000614780932665,Scrambled_Sobol
SOBOL4096_00811,15.125128142535686,60.66567017696798,0.17222728557884692,243.3774507138878,102.161441068165,19.35963595751673,Scrambled_Sobol
SOBOL4096_00812,26.813997477293015,77.67329150810838,0.3377354633063078,273.2349406462163,54.940630118362606,67.2272077575326,Scrambled_Sobol
SOBOL4096_00813,23.19775603711605,54.121686331927776,0.263798686247319,284.53637602739036,65.06746244151145,94.06559425871819,Scrambled_Sobol
SOBOL4096_00814,14.867084361612797,84.01964516378939,0.05079196942970157,232.09099010564387,92.36675303895026,46.97952906601131,Scrambled_Sobol
SOBOL4096_00815,6.600681692361832,70.52139095030725,0.373837727829814,247.64518950134516,80.15340596903116,11.582835069857538,Scrambled_Sobol
SOBOL4096_00816,35.22430818527937,91.0443034954369,0.1608288253098726,215.71643372997642,31.748436694033444,58.67050715722144,Scrambled_Sobol
SOBOL4096_00817,36.759043261408806,70.12864029966295,0.23860370626673102,272.13603902608156,104.9630370689556,52.0451610442251,Scrambled_Sobol
SOBOL4096_00818,5.011622942984104,93.01402615383267,0.07309624766930937,235.90012764558196,47.1170538617298,99.94731850456446,Scrambled_Sobol
SOBOL4096_00819,13.288418501615524,55.27700986713171,0.3423219119012356,265.69338160566986,40.4029845027253,64.17962153442204,Scrambled_Sobol
SOBOL4096_00820,24.742854945361614,81.287349620834,0.17681373983621596,206.3034346792847,76.85274142306298,16.278708218596876,Scrambled_Sobol
SOBOL4096_00821,25.264606811106205,61.03933989070356,0.060956302043050525,217.50607893802226,88.30900587607175,32.381377723068,Scrambled_Sobol
SOBOL4096_00822,16.699540838599205,75.72107622399926,0.2739630358479917,254.4839111249894,29.27886434365064,79.52687554527074,Scrambled_Sobol
SOBOL4096_00823,4.995237998664379,63.39022982865572,0.14166525691747664,224.68645146116614,56.91187266726047,67.514893040061,Scrambled_Sobol
SOBOL4096_00824,33.22829619050026,99.94701542891562,0.35467415377497674,283.3344775810838,94.83631525654346,20.37068820092827,Scrambled_Sobol
SOBOL4096_00825,32.176304906606674,50.27402937412262,0.1231939297541976,248.05342506617308,51.65796180255711,7.1961487317457795,Scrambled_Sobol
SOBOL4096_00826,1.0526449605822563,86.3918059039861,0.383701382689178,212.5204616598785,100.04089226014912,54.34182722121477,Scrambled_Sobol
SOBOL4096_00827,18.068892881274223,74.49684548191726,0.04359101952984929,289.7758426796645,72.47792937792838,89.73119136411697,Scrambled_Sobol
SOBOL4096_00828,28.899607099592686,88.73966811224818,0.3040991859324277,229.68329110182822,45.15919395722449,42.58716719225049,Scrambled_Sobol
SOBOL4096_00829,21.112147383391857,68.54044236242771,0.3248029450699687,240.88455938734114,35.03108711913228,23.88539185281843,Scrambled_Sobol
SOBOL4096_00830,11.923321038484573,94.8921647388488,0.20679621692746877,278.56500695459545,82.2739571519196,71.7877306882292,Scrambled_Sobol
SOBOL4096_00831,8.95972941070795,56.816841615363955,0.22070928560569883,201.30816681310534,88.91799626871943,83.4329593507573,Scrambled_Sobol
SOBOL4096_00832,37.81650982797146,80.04351472482085,0.10270039441064001,259.2532342299819,63.112856429070234,35.53222741000354,Scrambled_Sobol
SOBOL4096_00833,37.50018198043108,52.558020036667585,0.23341034341603517,211.2892392091453,37.931200196035206,21.38798399362713,Scrambled_Sobol
SOBOL4096_00834,9.268349185585976,85.58083730749786,0.11391778502613306,248.93157225102186,74.38304447103292,69.2758259177208,Scrambled_Sobol
SOBOL4096_00835,12.232644222676754,72.0851578284055,0.3133777343668044,230.91447063721716,107.43394900579005,81.29205808509141,Scrambled_Sobol
SOBOL4096_00836,20.79649418592453,89.48302119970322,0.19388591209426523,288.89765257947147,49.58778340835124,33.40582234784961,Scrambled_Sobol
SOBOL4096_00837,29.21127386391163,66.12749164924026,0.030524215437471865,277.68539528362453,59.71489533316344,15.075231357477605,Scrambled_Sobol
SOBOL4096_00838,17.755621559917927,95.63520844094455,0.2925174986198545,242.11432808078825,97.63883128296584,62.23540675826371,Scrambled_Sobol
SOBOL4096_00839,0.7388180494308472,59.10114166326821,0.1349852547980845,260.13288881629705,85.5049506155774,97.99577369820327,Scrambled_Sobol
SOBOL4096_00840,32.48746391385794,79.23380918800831,0.3969763522781432,200.07844103500247,26.4772206870839,50.837253322824836,Scrambled_Sobol
SOBOL4096_00841,33.54484584182501,70.98462269641459,0.15214037580415607,235.72222476825118,69.63737295940518,37.291620103642344,Scrambled_Sobol
SOBOL4096_00842,4.686849415302277,90.67739304155111,0.36663292853161694,272.6612665131688,42.31622593477368,84.45161412935704,Scrambled_Sobol
SOBOL4096_00843,16.390596814453602,54.58629922941327,0.04878828026354313,206.48129464127123,54.499389957636595,72.81081632710993,Scrambled_Sobol
SOBOL4096_00844,25.58064855635166,83.65402347408235,0.263280096873641,265.16811120323837,102.8828270547092,25.652114576660097,Scrambled_Sobol
SOBOL4096_00845,24.43140983581543,60.34741350449622,0.33148231653496624,253.95448329858482,91.42763351090252,40.64141223207116,Scrambled_Sobol
SOBOL4096_00846,13.601921163499355,78.08748800307512,0.1644890390150249,217.67977074719965,65.62267606146634,88.52907348889858,Scrambled_Sobol
SOBOL4096_00847,5.325828865170479,64.24647429957986,0.25113657258450983,283.8639483228326,32.52248310483992,53.13256051391363,Scrambled_Sobol
SOBOL4096_00848,36.448272950947285,97.61159806512296,0.08414548076689243,224.51280256733298,79.76326578296721,5.246144109405577,Scrambled_Sobol
SOBOL4096_00849,35.5330565571785,63.85492468252778,0.3624058779142797,257.70316887646914,46.385463681072,93.62079799640924,Scrambled_Sobol
SOBOL4096_00850,6.284377835690975,99.58169325254858,0.1479133308492601,205.2958974801004,105.3937285207212,46.49704394862056,Scrambled_Sobol
SOBOL4096_00851,14.551331177353859,61.502269143238664,0.27650596991181375,274.4674130063504,77.7513093687594,10.729165957309306,Scrambled_Sobol
SOBOL4096_00852,23.507026620209217,75.35408679395914,0.06201413631439209,242.5005427096039,39.80531433597207,57.854526191949844,Scrambled_Sobol
SOBOL4096_00853,26.500740610063076,54.96031166985631,0.18401201670989392,231.21009633876383,29.679552922025323,85.8062845421955,Scrambled_Sobol
SOBOL4096_00854,15.436933040618896,81.70303902588785,0.35100528856739405,285.7648518960923,87.54516334272921,37.978055914863944,Scrambled_Sobol
SOBOL4096_00855,3.722788579761982,69.8106533382088,0.0736213594675064,216.5973704122007,94.27057382650673,25.965892388485372,Scrambled_Sobol
SOBOL4096_00856,34.454587772488594,93.42833440750837,0.2406124682724476,246.41675654798746,57.84076836891472,73.7957760412246,Scrambled_Sobol
SOBOL4096_00857,30.90267278254032,56.353576900437474,0.09187815513461829,279.3248600885272,99.69354775268584,60.62123657204211,Scrambled_Sobol
SOBOL4096_00858,2.2802718356251717,80.41045777499676,0.21137069653719662,226.21462998911738,52.472230163402855,12.792826569639146,Scrambled_Sobol
SOBOL4096_00859,19.306208789348602,68.07589223608375,0.20117436440661549,252.84586931578815,45.671591316349804,48.18237173371017,Scrambled_Sobol
SOBOL4096_00860,27.635664604604244,95.25772402994335,0.32066619234159593,221.58161439932883,71.49860784877092,96.01207401137799,Scrambled_Sobol
SOBOL4096_00861,22.376395352184772,74.81516455300152,0.29422787439078096,210.29253863729537,82.95253764372319,65.4612098261714,Scrambled_Sobol
SOBOL4096_00862,10.68631000816822,88.32540884613991,0.0322346081957221,264.1446895431727,34.54965572338551,18.33727511111647,Scrambled_Sobol
SOBOL4096_00863,7.732408009469509,50.59058619663119,0.3805148329026997,237.5147376768291,62.26729817222804,29.982684794813395,Scrambled_Sobol
SOBOL4096_00864,39.09044682979584,85.97587677650154,0.11852372976019979,268.0370717868209,89.56640637945384,77.10786436218768,Scrambled_Sobol
SOBOL4096_00865,39.9513852968812,73.11093118041754,0.05338067654520273,246.17129838094115,25.042690709233284,95.37145363166928,Scrambled_Sobol
SOBOL4096_00866,8.262535855174065,90.11816815473139,0.2678724988177419,214.20339811593294,84.23657812178135,47.52999630291015,Scrambled_Sobol
SOBOL4096_00867,10.30876886099577,52.020531659945846,0.15673277208581565,286.0109350178391,98.90740532428026,11.763683445751667,Scrambled_Sobol
SOBOL4096_00868,21.665602177381516,84.6527193672955,0.3712253304757178,233.60332029871643,61.14930260926485,59.603531756438315,Scrambled_Sobol
SOBOL4096_00869,28.3226528018713,58.17378927022219,0.2555433823540807,244.89114615134895,51.022171368822455,77.93421263806522,Scrambled_Sobol
SOBOL4096_00870,19.699007607996464,78.69708039797843,0.08855228487402202,274.7108756098896,108.70246320031583,30.820426079444587,Scrambled_Sobol
SOBOL4096_00871,1.7251183092594147,66.76187752746046,0.3358891263045371,202.90462616831064,73.11465266160667,18.809958631172776,Scrambled_Sobol
SOBOL4096_00872,30.05577128380537,96.66021475568414,0.16889584312215447,257.4604116939008,36.496610371395946,65.92209299560636,Scrambled_Sobol
SOBOL4096_00873,33.92575692385435,53.17066418938339,0.30609508393332363,269.9009966664016,78.37013917509466,55.717730461619794,Scrambled_Sobol
SOBOL4096_00874,2.860705703496933,83.41026483103633,0.18660326732322574,238.6363984271884,31.295554512180388,8.604125278070569,Scrambled_Sobol
SOBOL4096_00875,16.14642921835184,71.13072276115417,0.22612769298255442,262.28142716921866,66.84964566025883,43.995009432546794,Scrambled_Sobol
SOBOL4096_00876,26.879426166415215,91.99537266977131,0.10663514025509357,209.17016710154712,92.82047687564045,91.10732517205179,Scrambled_Sobol
SOBOL4096_00877,23.113083392381668,65.56521500460804,0.12751710845157505,220.45662770979106,104.27577143069357,76.11793762538582,Scrambled_Sobol
SOBOL4096_00878,13.865639977157116,97.758465167135,0.3895082002691925,250.97999178804457,55.72650109883398,28.276660963892937,Scrambled_Sobol
SOBOL4096_00879,7.132423743605614,60.10288931429386,0.02305606909096241,227.3389970883727,41.08939835336059,39.92326878476888,Scrambled_Sobol
SOBOL4096_00880,36.08691308647394,76.67109337635338,0.28504934661090375,281.19149131700397,68.24438789393753,87.76329776272178,Scrambled_Sobol
SOBOL4096_00881,37.00762256979942,62.03976236283779,0.20864250933751463,202.60694187134504,59.10907974932343,23.324188627302647,Scrambled_Sobol
SOBOL4096_00882,6.176926605403423,76.28220063634217,0.3281343429349363,260.58978049084544,95.70508322212845,70.49432868603617,Scrambled_Sobol
SOBOL4096_00883,12.900971099734306,62.82915393821895,0.09934630006551744,239.58644683472812,86.11069495324045,82.5121203251183,Scrambled_Sobol
SOBOL4096_00884,24.024649299681187,98.94654592499137,0.21883884713053703,277.22774990834296,28.410958298482,35.340371248312294,Scrambled_Sobol
SOBOL4096_00885,25.963606648147106,69.17627081274986,0.3877974819205702,288.4372203890234,38.53682072367519,7.388704204931855,Scrambled_Sobol
SOBOL4096_00886,17.10680678486824,92.40332250483334,0.12580637311562895,228.38380257599056,76.31698252167553,55.26332025881857,Scrambled_Sobol
SOBOL4096_00887,3.8107285276055336,55.88766518048942,0.30151052340865137,249.39134193584323,106.82833892758936,91.02538893930614,Scrambled_Sobol
SOBOL4096_00888,32.99953542649746,82.23976595327258,0.03951725155115128,213.82061805576086,47.65391660388559,43.14912069123238,Scrambled_Sobol
SOBOL4096_00889,31.63506917655468,67.92978658340871,0.27209916155785324,223.52569181472063,90.79331438988447,32.573664407245815,Scrambled_Sobol
SOBOL4096_00890,0.18061283975839615,93.93974775448442,0.05760733362287283,282.21147840842605,63.66036366671324,80.44846183620393,Scrambled_Sobol
SOBOL4096_00891,18.163679093122482,57.76921007782221,0.3579990695603192,218.66754936985672,33.156791776418686,68.80899736192077,Scrambled_Sobol
SOBOL4096_00892,29.91107951849699,80.65421753562987,0.14350652815774084,255.60624779202044,81.72550693154335,20.932910488918424,Scrambled_Sobol
SOBOL4096_00893,20.08142862468958,50.83510628901422,0.06902896460145712,266.8170835170895,70.27155782096088,51.4836833672598,Scrambled_Sobol
SOBOL4096_00894,11.848389133810997,87.39227624610066,0.23602006774395703,207.4662810843438,44.27866752259433,98.65400409325957,Scrambled_Sobol
SOBOL4096_00895,9.812515191733837,73.49642347544432,0.17941962184384463,271.0116692446172,53.86527634225786,63.2586949178949,Scrambled_Sobol
SOBOL4096_00896,38.377599865198135,88.17854435183108,0.3464128880389035,234.73798666149378,100.92039591632783,16.08712650835514,Scrambled_Sobol
SOBOL4096_00897,38.27979166060686,60.82592373713851,0.07614580813795328,276.3186138216406,50.10067117866129,87.08478273358196,Scrambled_Sobol
SOBOL4096_00898,9.949081912636757,77.41211648099124,0.24165398020297288,240.13299386017025,107.94569177087396,39.21014544554055,Scrambled_Sobol
SOBOL4096_00899,11.672455929219723,64.726583333686,0.185801514480263,261.48797584697604,74.53422965016216,27.470619971863925,Scrambled_Sobol
SOBOL4096_00900,20.2961203455925,96.93772681057453,0.35130897307768466,202.04945411533117,38.08351011481136,75.34686698578298,Scrambled_Sobol
SOBOL4096_00901,29.69608373939991,70.48928765580058,0.2768053169921041,213.33989780396223,26.96027720812708,91.92472873721272,Scrambled_Sobol
SOBOL4096_00902,18.339308388531208,91.37259381823242,0.06379642013460397,250.19053427502513,85.98945612553507,44.754609912633896,Scrambled_Sobol
SOBOL4096_00903,0.04374206066131592,54.086364107206464,0.36345177257433536,228.83151824586093,97.8198470780626,9.27091569174081,Scrambled_Sobol
SOBOL4096_00904,31.732573471963406,84.34471637010574,0.15044503876939416,287.60502346791327,59.89444187376648,56.44268600270152,Scrambled_Sobol
SOBOL4096_00905,32.86266352981329,65.82483896054327,0.3808141559176147,255.04866615869105,103.03384250961244,66.64700889959931,Scrambled_Sobol
SOBOL4096_00906,3.908231556415558,95.74104566127062,0.12030598951503635,219.56566157750785,54.65187466703355,19.476709407754242,Scrambled_Sobol
SOBOL4096_00907,16.89180988818407,58.799941930919886,0.2952737449854613,282.75811394676566,42.8292631637305,31.580066196620464,Scrambled_Sobol
SOBOL4096_00908,26.13923467695713,79.34119789861143,0.034766292050480846,222.61663351207972,70.14896119944751,78.75165584031492,Scrambled_Sobol
SOBOL4096_00909,23.84871482849121,52.84392819739878,0.20369883431121708,233.9057119563222,79.94411185383797,58.83250075392425,Scrambled_Sobol
SOBOL4096_00910,13.115661703050137,85.49484368413687,0.3217077255062759,271.4592964015901,32.70220443606377,10.957682090811431,Scrambled_Sobol
SOBOL4096_00911,6.079117134213448,72.366510797292,0.09366767413914204,208.26555657200515,66.10588204115629,46.81683332659304,Scrambled_Sobol
SOBOL4096_00912,37.14418817311525,89.39238018356264,0.21167440228164194,266.3364571426064,91.91198449581861,94.69289896544069,Scrambled_Sobol
SOBOL4096_00913,36.184416115283966,74.3369740433991,0.13389154648408294,232.754686800763,39.944666950032115,16.811796273104846,Scrambled_Sobol
SOBOL4096_00914,6.995551846921444,89.00046250782907,0.3943997298739851,286.5191184077412,77.8895169775933,63.92556159757078,Scrambled_Sobol
SOBOL4096_00915,14.04126800596714,50.11089206673205,0.0301799538731575,215.06305817514658,105.91844885610044,99.41352830734104,Scrambled_Sobol
SOBOL4096_00916,22.8980864956975,86.64933424443007,0.29068740114569663,245.67414155229926,46.91130875609815,52.30137270875275,Scrambled_Sobol
SOBOL4096_00917,27.094116769731045,56.848562601953745,0.31154327681288124,256.8864015303552,58.033297546207905,20.16158238518983,Scrambled_Sobol
SOBOL4096_00918,15.970494747161865,79.7156052198261,0.19353436863049864,203.8632034137845,94.4645519927144,68.00306094810367,Scrambled_Sobol
SOBOL4096_00919,2.997271306812763,68.57538246549666,0.23083803579211234,275.317804524675,88.01670648157597,79.7352339187637,Scrambled_Sobol
SOBOL4096_00920,33.827947452664375,94.5674741640687,0.11283131331205369,243.96548765711486,30.149626806378365,31.89540684223175,Scrambled_Sobol
SOBOL4096_00921,30.19233800470829,55.26340757496655,0.24930213909596205,208.67310415022075,72.02315845992416,42.47082348912954,Scrambled_Sobol
SOBOL4096_00922,1.6273101046681404,81.59675672650337,0.08379396136850119,263.14117037691176,46.19761118199676,90.31212138477713,Scrambled_Sobol
SOBOL4096_00923,19.913699328899384,70.11220110580325,0.32891003297641874,239.14449330419302,52.611732236109674,54.457423482090235,Scrambled_Sobol
SOBOL4096_00924,28.146719597280025,93.32059654407203,0.16340259136632085,269.0522853843868,99.83160083647817,6.617415738292038,Scrambled_Sobol
SOBOL4096_00925,21.84123147279024,63.5686029214412,0.04769455071538686,280.2659106068313,90.0377797940746,36.15810022689402,Scrambled_Sobol
SOBOL4096_00926,10.09377308189869,99.66810159385204,0.26070345323532823,227.94601451605558,62.737546847201884,83.27168417628855,Scrambled_Sobol
SOBOL4096_00927,8.36004015058279,61.22059812769294,0.151796093005687,251.93848588503897,34.74233435932547,71.16115572862327,Scrambled_Sobol
SOBOL4096_00928,39.81451451778412,75.4450477194041,0.36480280982330443,219.88252366892993,83.14636128488928,24.048818754963577,Scrambled_Sobol
SOBOL4096_00929,39.26607493311167,64.87344969063997,0.299680418856442,243.01971242763102,61.28750768490136,5.970951719209552,Scrambled_Sobol
SOBOL4096_00930,7.517411038279533,98.25646677054465,0.039172960259020326,273.629765836522,99.0467554051429,53.799204411916435,Scrambled_Sobol
SOBOL4096_00931,10.78381311148405,59.40952836535871,0.38522082978859545,204.8097269795835,84.7624257300049,89.28882190026343,Scrambled_Sobol
SOBOL4096_00932,22.239523380994797,77.16759154573083,0.12471265772357583,258.5738152638078,25.56741357780993,41.45896231289953,Scrambled_Sobol
SOBOL4096_00933,27.77223013341427,53.8426062092185,0.0982598439231515,247.36434746533632,36.690586004406214,24.88101067021489,Scrambled_Sobol
SOBOL4096_00934,19.208399392664433,82.92908207513392,0.21626657772809266,216.01237392053008,73.30717930570245,72.00474065262824,Scrambled_Sobol
SOBOL4096_00935,2.494962364435196,71.80726802907884,0.20829100409522652,284.8282070737332,109.17253961786628,83.73852405697107,Scrambled_Sobol
SOBOL4096_00936,30.72673838585615,91.51869462803006,0.32629990095272665,231.80603892542422,51.49371704086661,36.613139756955206,Scrambled_Sobol
SOBOL4096_00937,34.66927956789732,58.26321388594806,0.1783331416361034,222.45234393514693,93.34649420809001,50.15882393810898,Scrambled_Sobol
SOBOL4096_00938,3.5468553006649017,78.41384625062346,0.3438405945710838,252.35979269258678,67.37419373821467,97.28273458778858,Scrambled_Sobol
SOBOL4096_00939,15.573499836027622,66.84984602034092,0.06867743529379368,225.37690503522754,31.43361012917012,61.429280121810734,Scrambled_Sobol
SOBOL4096_00940,26.402932330965996,96.37543228454888,0.23418560169637204,279.8439412936568,78.50964378099889,14.304076489061117,Scrambled_Sobol
SOBOL4096_00941,23.604530841112137,73.00165700726211,0.3561689862422645,268.63310288637877,68.71463403571397,34.22332146670669,Scrambled_Sobol
SOBOL4096_00942,14.414460472762585,90.41815279051661,0.14316225809976457,236.57817063853145,41.56076923478395,82.05175553448498,Scrambled_Sobol
SOBOL4096_00943,6.460007056593895,51.91580951213837,0.26952253066003323,263.5595991741866,55.92032727319747,69.94252077769488,Scrambled_Sobol
SOBOL4096_00944,35.31806085258722,84.95735456235707,0.05651363946497441,211.24004640616477,104.46845259983093,22.11284256540239,Scrambled_Sobol
SOBOL4096_00945,36.272339671850204,51.52729079127312,0.33619281789287925,289.4332132767886,28.922698530368507,76.4294829312712,Scrambled_Sobol
SOBOL4096_00946,5.540520660579205,86.89385359175503,0.1706853706203401,229.99434822238982,86.6235801903531,29.26933159586042,Scrambled_Sobol
SOBOL4096_00947,13.504112884402275,74.1901088040322,0.25658492401242255,248.363098166883,95.85739567410201,17.531462563201785,Scrambled_Sobol
SOBOL4096_00948,24.567976631224155,87.6817206852138,0.09107674062252046,212.1764482371509,59.26026746165007,64.69000700395554,Scrambled_Sobol
SOBOL4096_00949,25.443777851760387,67.25740693509579,0.15926446443423628,200.88861970230937,48.13841958064586,96.82970602065325,Scrambled_Sobol
SOBOL4096_00950,16.48810103535652,94.42136925645173,0.372271186914295,259.6631548926234,107.31139291543514,48.941840031184256,Scrambled_Sobol
SOBOL4096_00951,4.471853710711002,57.092323107644916,0.05516292214393616,241.2931174878031,76.49653159547597,13.459750581532717,Scrambled_Sobol
SOBOL4096_00952,33.72047506272793,81.1312391422689,0.26817183032631875,278.1440972816199,38.71783905196935,61.34596225339919,Scrambled_Sobol
SOBOL4096_00953,32.27246694266796,69.08718994818628,0.02558778550475836,266.0552370827645,81.8779891077429,74.52055268455297,Scrambled_Sobol
SOBOL4096_00954,0.9144461527466774,92.68621476367116,0.28609522711485624,205.91272667981684,33.30780469812453,26.632867362350225,Scrambled_Sobol
SOBOL4096_00955,17.61874958872795,55.800135247409344,0.1292993781156838,271.7412218824029,64.17195443995297,38.73747325036675,Scrambled_Sobol
SOBOL4096_00956,29.30877696722746,82.52411098219454,0.3898075558431447,236.2578739784658,91.3063541520387,86.62386558949947,Scrambled_Sobol
SOBOL4096_00957,20.69868478924036,62.148711225017905,0.2264313633367419,224.97141605243087,101.10011471435428,57.083272407762706,Scrambled_Sobol
SOBOL4096_00958,12.369209751486778,75.98254019394517,0.1084246465191245,283.042659945786,54.04611987993121,9.923302447423339,Scrambled_Sobol
SOBOL4096_00959,9.092414788901806,62.93345484882593,0.30713660435751083,217.21013070084155,44.76302104070783,45.78374171163887,Scrambled_Sobol
SOBOL4096_00960,37.714872509241104,98.64233010448515,0.18912770183756947,254.76474511437118,70.75476633384824,92.94246752746403,Scrambled_Sobol
SOBOL4096_00961,38.03150560706854,71.4401310775429,0.3191240926459432,206.78960249759257,98.69809363503009,59.39513374585658,Scrambled_Sobol
SOBOL4096_00962,8.784100115299225,91.98177140206099,0.19963154558092355,264.8227325361222,62.10309330839664,12.249659989029169,Scrambled_Sobol
SOBOL4096_00963,12.060191817581654,53.47723485901952,0.2157653840817511,235.38095524534583,26.081087668426335,47.739096456207335,Scrambled_Sobol
SOBOL4096_00964,21.01464308798313,83.39382610283792,0.09627355048432946,272.97368351370096,83.78182746935636,94.88332536071539,Scrambled_Sobol
SOBOL4096_00965,28.99741530418396,59.82397519983351,0.11695701543241739,284.2711250856519,73.98703652899712,66.45592282991856,Scrambled_Sobol
SOBOL4096_00966,17.932326160371304,76.84946600347757,0.3789502872899175,224.09051155671477,36.20787787716836,18.553741304203868,Scrambled_Sobol
SOBOL4096_00967,1.2285781651735306,65.28918528929353,0.03660755762830377,253.53632288984954,50.64684152137488,30.28734368737787,Scrambled_Sobol
SOBOL4096_00968,31.961613185703754,97.93972237966955,0.29859866643324495,218.09107811190188,109.82226699125022,78.1882329378277,Scrambled_Sobol
SOBOL4096_00969,33.404230661690235,52.281325589865446,0.06640886915847659,230.52101873792708,66.6439208202064,91.73391711898148,Scrambled_Sobol
SOBOL4096_00970,4.780547395348549,84.49284764938056,0.28090141056105494,289.2567641567439,93.77586839720607,43.83155421819538,Scrambled_Sobol
SOBOL4096_00971,16.79735030978918,73.36845849640667,0.14637127645313738,211.6497348062694,79.40693499520421,7.978280773386359,Scrambled_Sobol
SOBOL4096_00972,25.128041207790375,89.95502963662148,0.3608631043881178,248.53950437158346,30.837216693907976,55.87898864876479,Scrambled_Sobol
SOBOL4096_00973,24.879726842045784,66.43396904692054,0.24498537240549922,259.838321916759,41.96018108166754,87.64768451452255,Scrambled_Sobol
SOBOL4096_00974,13.1909154728055,96.69193695299327,0.07799210621044039,200.36065636202693,67.95206823386252,40.50203009042889,Scrambled_Sobol
SOBOL4096_00975,5.226619839668274,57.84909916110337,0.3494385289400816,277.96897317282856,103.90402843244374,28.392976354807615,Scrambled_Sobol
SOBOL4096_00976,36.58341523259878,78.73202078044415,0.18244742579758166,241.82112374342978,56.84790571220219,75.53702459204942,Scrambled_Sobol
SOBOL4096_00977,35.00961758196354,57.45942112989724,0.25886223366484046,253.23795060627162,87.2305011190474,34.85366495791823,Scrambled_Sobol
SOBOL4096_00978,6.776616163551807,80.66820092499256,0.04436967527493835,221.2211322132498,28.035630825906992,82.71978717297316,Scrambled_Sobol
SOBOL4096_00979,14.730518758296967,67.62283509597182,0.36815182849764827,278.96574046462774,58.8203445635736,70.98173711914569,Scrambled_Sobol
SOBOL4096_00980,23.295565508306026,93.9565687905997,0.15366000622510909,226.60807384178042,96.57746439799666,23.114370051771402,Scrambled_Sobol
SOBOL4096_00981,26.71649444848299,73.77571840770543,0.07970293497666717,237.8079286031425,106.37359065003693,43.40461818035692,Scrambled_Sobol
SOBOL4096_00982,15.262000039219856,87.99978941679001,0.24669621815904974,267.7534804865718,48.69231593795121,90.49084068275988,Scrambled_Sobol
SOBOL4096_00983,3.2360636815428734,51.11151663586497,0.16598617821931838,210.01033135689795,39.49060873128474,55.008570211939514,Scrambled_Sobol
SOBOL4096_00984,34.98350203037262,87.21063691191375,0.3329772756993771,264.4392644893378,76.10766814090312,7.921055434271693,Scrambled_Sobol
SOBOL4096_00985,31.03541761636734,62.56797770038247,0.19540476676076649,274.1549825947732,34.27819908130914,21.095645865425467,Scrambled_Sobol
SOBOL4096_00986,2.178579829633236,99.10679846070707,0.3148973194882274,242.84179882146418,81.35376662481576,68.18168699275702,Scrambled_Sobol
SOBOL4096_00987,18.892724886536598,61.78185292519629,0.10949987651780248,258.04855559021235,90.5009923549369,80.28647390194237,Scrambled_Sobol
SOBOL4096_00988,28.081569857895374,76.44571978598833,0.22899169312790035,204.9875976704061,64.53114402014762,33.198777749203146,Scrambled_Sobol
SOBOL4096_00989,21.92619737237692,56.215955782681704,0.39847353678196673,216.18607645854354,53.406941215507686,15.507635455578566,Scrambled_Sobol
SOBOL4096_00990,11.095539331436157,82.2076631244272,0.13648025926202537,246.8349303677678,101.95719442795962,63.373577003367245,Scrambled_Sobol
SOBOL4096_00991,7.828586585819721,69.50134322978556,0.2880749981291592,231.632379302755,71.22694696765393,99.2341972887516,Scrambled_Sobol
SOBOL4096_00992,38.95222671329975,92.36800130456686,0.026083906311541796,285.35766708664596,44.07294030766934,51.36664955411106,Scrambled_Sobol
SOBOL4096_00993,39.506083242595196,54.40458836965263,0.13908862743526698,261.90857463516295,108.38771674782038,33.65987591445446,Scrambled_Sobol
SOBOL4096_00994,8.67663249373436,83.93055303022265,0.35358046103268864,209.5498780440539,49.378489293158054,80.75896507594734,Scrambled_Sobol
SOBOL4096_00995,10.409848131239414,70.80574855208397,0.05912622014060617,270.28483821079135,37.47643165290356,69.01962062343955,Scrambled_Sobol
SOBOL4096_00996,21.53225414454937,90.95675949938595,0.2736187672056258,238.26767649501562,75.42146407067776,21.921779145486653,Scrambled_Sobol
SOBOL4096_00997,28.460255414247513,64.2634145449847,0.34197038400918245,227.06502955406904,85.21619516424835,50.34909178502858,Scrambled_Sobol
SOBOL4096_00998,19.602221064269543,97.30457505211234,0.17497927520424128,281.4943060092628,27.349622128531337,98.2048844685778,Scrambled_Sobol
SOBOL4096_00999,1.316496953368187,60.36146841943264,0.23751722747460008,220.76355154626071,60.834681233391166,62.721371268853545,Scrambled_Sobol
SOBOL4096_01000,30.506586767733097,77.7775798458606,0.0705239556171,250.71013339795172,97.26352407597005,14.866868029348552,Scrambled_Sobol
SOBOL4096_01001,34.13660053163767,72.04971741884947,0.2203577789478004,286.34258882142603,55.45479936990887,25.071190926246345,Scrambled_Sobol
SOBOL4096_01002,2.6809101551771164,89.80816514231265,0.10086595101282,233.28128757886589,102.67707957420498,72.92716498486698,Scrambled_Sobol
SOBOL4096_01003,15.654798857867718,52.52584568224847,0.3237164875119925,245.85062822327018,69.17905809823424,85.03034075256437,Scrambled_Sobol
SOBOL4096_01004,27.403482645750046,85.90924711897969,0.2042239461094141,214.53641448169947,43.35300418082625,37.176018888130784,Scrambled_Sobol
SOBOL4096_01005,22.58477233350277,59.2647323384881,0.04101436598226428,203.33514887839556,32.23018133547157,5.4074129136279225,Scrambled_Sobol
SOBOL4096_01006,14.352977611124516,78.97578054107726,0.3030054691247642,257.06146663054824,80.63402587082237,52.506682742387056,Scrambled_Sobol
SOBOL4096_01007,7.306744009256363,66.2878633942455,0.12136382378637792,244.49358510784805,92.5490610813722,88.36565295699984,Scrambled_Sobol
SOBOL4096_01008,35.8705560490489,95.37396067753434,0.38335708998143675,275.1427823398262,65.25091548915952,41.26799214631319,Scrambled_Sobol
SOBOL4096_01009,37.46083311736584,68.25722097419202,0.10509306674823166,218.33451959304512,77.37599978689104,58.386889453977346,Scrambled_Sobol
SOBOL4096_01010,5.770785845816135,94.98157510533929,0.22458488902077078,255.92690453864634,40.92509786132723,10.474381227977574,Scrambled_Sobol
SOBOL4096_01011,12.806660383939743,56.532068736851215,0.19099795699119568,223.84773258119822,47.257867814041674,45.962528958916664,Scrambled_Sobol
SOBOL4096_01012,24.164661280810833,80.13147213496268,0.31049051538109784,281.87983265146613,105.10497576091439,93.87628486845642,Scrambled_Sobol
SOBOL4096_01013,25.827846862375736,50.57402825914323,0.2834826018474996,270.5797759257257,95.30899105127901,73.58594543300569,Scrambled_Sobol
SOBOL4096_01014,17.205407842993736,86.2825189717114,0.02149150436744094,235.13556111603975,57.38599745091051,26.453335504047573,Scrambled_Sobol
SOBOL4096_01015,4.222342185676098,74.80149175971746,0.3938811405003071,267.216020533815,29.470261498354375,38.18568949587643,Scrambled_Sobol
SOBOL4096_01016,32.55183592438698,88.63493637181818,0.1318878573179245,207.03575032763183,88.49893377628177,85.31958886887878,Scrambled_Sobol
SOBOL4096_01017,31.416302770376205,61.537328734993935,0.3756199748441577,239.95518217794597,45.29982805252075,95.89500551577657,Scrambled_Sobol
SOBOL4096_01018,0.35245727747678757,75.02932515926659,0.1611281582340598,276.8439217749983,72.62003272771835,48.76257696188986,Scrambled_Sobol
SOBOL4096_01019,18.648536130785942,63.88671840541065,0.2663303800113499,202.2272228822112,100.56431021541357,12.907698038034141,Scrambled_Sobol
SOBOL4096_01020,29.380373395979404,99.2536655627191,0.051837827283889054,260.9626249782741,52.17993076890707,60.0417787861079,Scrambled_Sobol
SOBOL4096_01021,20.60788255184889,69.64744329452515,0.17326882865279913,249.661186914891,63.30407372675836,77.7330123865977,Scrambled_Sobol
SOBOL4096_01022,11.359241753816605,93.68598093278706,0.3402599204704166,213.51368080824614,89.10808882676065,29.82068482786417,Scrambled_Sobol
SOBOL4096_01023,9.63519785553217,54.80032074265182,0.0869855854101479,288.13441374339163,82.74679253809154,17.709975359030068,Scrambled_Sobol
SOBOL4096_01024,38.59085522592068,81.96390448138118,0.25397886293008926,228.65777815692127,35.50506751053035,65.62391193583608,Scrambled_Sobol
SOBOL4096_01025,38.57224930077791,61.6358979139477,0.15002338649705052,220.70067159831524,72.32278330717236,14.974296484142542,Scrambled_Sobol
SOBOL4096_01026,9.617793038487434,75.1275947317481,0.36303010331466795,251.26729467883706,45.18986298236996,62.88678188342601,Scrambled_Sobol
SOBOL4096_01027,11.341246329247952,63.98375974968076,0.06449383612722158,227.09561838768423,51.6273337835446,98.28336652368307,Scrambled_Sobol
SOBOL4096_01028,20.58864653110504,99.35041046701372,0.27750273864716296,280.90348032303154,100.1960793370381,50.36958920303732,Scrambled_Sobol
SOBOL4096_01029,29.403862729668617,69.55041387118399,0.35144686626270416,269.6170197147876,89.07408738043159,22.047008899971843,Scrambled_Sobol
SOBOL4096_01030,18.67082316428423,93.5892241075635,0.18593942465260624,238.3970537688583,63.08122748043388,69.17964200954884,Scrambled_Sobol
SOBOL4096_01031,0.3753361105918884,54.70176348462701,0.24142658930271862,262.56469601765275,35.06267537828535,80.82036779262125,Scrambled_Sobol
SOBOL4096_01032,31.440421007573605,81.86562298797071,0.07591841157525778,209.4101769477129,82.11782535072416,33.68649018462747,Scrambled_Sobol
SOBOL4096_01033,32.570442520082,68.35577664896846,0.21199492618441582,244.78228509426117,40.309141017496586,41.29465030040592,Scrambled_Sobol
SOBOL4096_01034,4.239746332168579,95.07985818199813,0.09398820370435715,274.64527355507016,76.90511409193277,88.42710238881409,Scrambled_Sobol
SOBOL4096_01035,17.223403938114643,56.62909974344075,0.32166296532377603,203.01419532857835,104.91070382297039,52.666657413356006,Scrambled_Sobol
SOBOL4096_01036,25.84708221256733,80.22822737693787,0.20365405714139342,257.5253485608846,47.2109367698431,5.532598784193397,Scrambled_Sobol
SOBOL4096_01037,24.141172468662262,50.476985331624746,0.034162009060382845,246.23752270825207,57.00475591234863,37.19647242221981,Scrambled_Sobol
SOBOL4096_01038,12.784372828900814,86.18577565066516,0.294669456332922,214.3142547365278,94.78488731198013,85.1087760925293,Scrambled_Sobol
SOBOL4096_01039,5.747907534241676,74.70292416401207,0.1208207747898996,285.94404550269246,88.36039408110082,73.09262231457978,Scrambled_Sobol
SOBOL4096_01040,37.436714358627796,88.5366652160883,0.3813289581798017,233.4931717813015,29.18594135902822,25.17866326496005,Scrambled_Sobol
SOBOL4096_01041,35.89223265647888,71.95154172368348,0.11342982061207295,267.10378425195813,102.06759631633759,85.16609203070402,Scrambled_Sobol
SOBOL4096_01042,7.327181659638882,89.70950208604336,0.23143654875457287,207.7083495259285,54.9930015206337,38.06698145810515,Scrambled_Sobol
SOBOL4096_01043,14.372823312878609,52.42919763550162,0.19302540434524415,270.72563369758427,43.15223839133978,26.42164910212159,Scrambled_Sobol
SOBOL4096_01044,22.605820186436176,85.81210891716182,0.31103429554030304,234.49521011672914,69.12305947393179,73.51946775335819,Scrambled_Sobol
SOBOL4096_01045,27.386688254773617,59.36139230616391,0.29036105625331404,223.2843743916601,80.24629048071802,93.70579929091036,Scrambled_Sobol
SOBOL4096_01046,15.639244616031647,79.07290682196617,0.029853603318333626,281.9269019830972,31.697010016068816,45.85002837236971,Scrambled_Sobol
SOBOL4096_01047,2.6659466698765755,66.38605101034045,0.3944502657465637,218.90815868973732,65.11884937994182,10.460405526682734,Scrambled_Sobol
SOBOL4096_01048,34.12043608725071,95.47261181287467,0.13394209934398532,255.89148940518498,92.27382878772914,58.31493194680661,Scrambled_Sobol
SOBOL4096_01049,30.484909489750862,54.306402150541544,0.36465914094820623,288.3737654425204,49.07476375345141,65.55199831258506,Scrambled_Sobol
SOBOL4096_01050,1.296059973537922,83.83190049789846,0.151652407143265,228.27571533620358,108.26866129878908,17.69604637287557,Scrambled_Sobol
SOBOL4096_01051,19.582374691963196,70.7090871874243,0.2609366651251912,249.4555049855262,74.87536347005516,29.70813752617687,Scrambled_Sobol
SOBOL4096_01052,28.43920823186636,90.8596346154809,0.047927768267691136,213.92804010771215,37.11727088782936,77.56248292513192,Scrambled_Sobol
SOBOL4096_01053,21.549048013985157,64.36006398871541,0.16381842264905572,202.71856962703168,27.322117066942155,59.97525722254068,Scrambled_Sobol
SOBOL4096_01054,10.425402894616127,97.40171185694635,0.3293258812464774,260.65814924426377,85.00241903122514,12.875964920967817,Scrambled_Sobol
SOBOL4096_01055,8.691595457494259,60.45964271761477,0.08310232106596233,239.4741538912058,96.8146558245644,48.64391563925892,Scrambled_Sobol
SOBOL4096_01056,39.5222482085228,77.87624429911375,0.2486104931309819,277.16008925810456,60.196623667143285,95.74155256152153,Scrambled_Sobol
SOBOL4096_01057,38.97266421467066,62.66502100042999,0.3259768147952855,254.02217596769333,80.89099792763591,78.2206908473745,Scrambled_Sobol
SOBOL4096_01058,7.850263342261314,99.20354215428233,0.2079679122753441,217.7920957095921,33.66969047114253,30.35459004342556,Scrambled_Sobol
SOBOL4096_01059,11.116587333381176,61.88042014837265,0.21630877565592527,283.7955904658884,64.47417201474309,18.70791905093938,Scrambled_Sobol
SOBOL4096_01060,21.9460429251194,76.54399056918919,0.09830205883830787,224.40118570812047,90.30119867995381,66.57530894502997,Scrambled_Sobol
SOBOL4096_01061,28.066015765070915,56.1174004804343,0.1253202220983803,235.61481361277401,101.42304846085608,94.89797913935035,Scrambled_Sobol
SOBOL4096_01062,18.875930346548557,82.10938042029738,0.3858283998258412,272.59711435995996,53.020176673308015,47.811734871938825,Scrambled_Sobol
SOBOL4096_01063,2.162415236234665,69.404311850667,0.03866145636886358,206.58941389992833,43.7967358995229,12.420914242975414,Scrambled_Sobol
SOBOL4096_01064,31.02045428007841,92.27124569006264,0.2991688979789615,265.2315981686115,71.09585423953831,59.50840584002435,Scrambled_Sobol
SOBOL4096_01065,34.96306519955397,57.55645092576742,0.056932729482650754,277.40012131631374,27.917548757977784,75.65024997107685,Scrambled_Sobol
SOBOL4096_01066,3.2143862545490265,80.76495812274516,0.2699416376650334,241.8736864067614,86.92580346483737,28.564186724834144,Scrambled_Sobol
SOBOL4096_01067,15.240952707827091,67.7213919814676,0.1424622798524797,260.4174546804279,96.21927448082715,40.574712390080094,Scrambled_Sobol
SOBOL4096_01068,26.696648225188255,94.05484991148114,0.35546900233253836,200.319747896865,58.27326931525022,87.66238500829786,Scrambled_Sobol
SOBOL4096_01069,23.311120122671127,73.67714960128069,0.23405098989605902,211.53200519271195,48.47951191943139,55.99842147901654,Scrambled_Sobol
SOBOL4096_01070,14.747312776744366,87.90152021683753,0.06854280650615692,249.21759723685682,106.34511220734566,8.132502404041588,Scrambled_Sobol
SOBOL4096_01071,6.79278127849102,51.01447491906583,0.34407126685604456,230.67236984148622,75.47058522235602,43.89875669032335,Scrambled_Sobol
SOBOL4096_01072,35.024580396711826,87.11389163509011,0.1785638195835054,288.6109194904566,39.0407696319744,91.76632831338793,Scrambled_Sobol
SOBOL4096_01073,36.566010266542435,52.184675773605704,0.2683122631162405,210.4027191735804,93.66687417495996,7.843344886787236,Scrambled_Sobol
SOBOL4096_01074,5.208014063537121,84.39571047201753,0.05530337192118168,264.21161107718945,66.34569675195962,54.988841470330954,Scrambled_Sobol
SOBOL4096_01075,13.171679601073265,73.27028457075357,0.3720347389392555,237.40389195270836,30.46995919663459,90.38409313652664,Scrambled_Sobol
SOBOL4096_01076,24.86173126846552,89.85636555589736,0.15902801079675555,267.9708583559841,78.85336589533836,43.23988564312458,Scrambled_Sobol
SOBOL4096_01077,25.150328390300274,66.5321548935026,0.09066342629492283,279.25993411801755,67.73019663523883,23.053645412437618,Scrambled_Sobol
SOBOL4096_01078,16.82083949446678,96.79058911278844,0.25617159269750117,226.1050717253238,41.9252087874338,70.95580375753343,Scrambled_Sobol
SOBOL4096_01079,4.804665483534336,57.945760898292065,0.17137952787801622,252.91150338947773,56.219910639338195,82.59532609488815,Scrambled_Sobol
SOBOL4096_01080,33.42710964381695,78.82914603687823,0.3368869808129967,221.69050747528672,103.46066291909665,34.694415079429746,Scrambled_Sobol
SOBOL4096_01081,31.979017481207848,71.34347073733807,0.18852595845237374,230.97005413845181,61.63123423233628,51.20735296048224,Scrambled_Sobol
SOBOL4096_01082,1.2471846118569374,91.88464474864304,0.30653485530987384,285.48155069351196,98.08310890570283,99.10969232674688,Scrambled_Sobol
SOBOL4096_01083,17.951561361551285,53.3790476154536,0.10893037471920253,216.83670450933278,83.7339255772531,63.3476875256747,Scrambled_Sobol
SOBOL4096_01084,29.01541154831648,83.29517534002662,0.2269371085241437,246.7007229384035,25.887790378183126,15.446957531385124,Scrambled_Sobol
SOBOL4096_01085,20.99235538393259,59.922150522470474,0.39013641769066454,257.99116930924356,35.682802023366094,33.03409192711115,Scrambled_Sobol
SOBOL4096_01086,12.036703154444695,76.94812868721783,0.12962824562564493,205.53926561959088,73.60676837153733,80.17977023962885,Scrambled_Sobol
SOBOL4096_01087,8.759981505572796,65.38583370856941,0.2860472081974149,274.18007776141167,109.53697220422328,68.16191436722875,Scrambled_Sobol
SOBOL4096_01088,38.00862714648247,98.03686095401645,0.02553974959999323,242.2564664669335,50.50927267409861,21.017888602800667,Scrambled_Sobol
SOBOL4096_01089,37.69990976899862,68.98852726444602,0.2987423579581082,284.6006140112877,33.27045119833201,36.64451030083001,Scrambled_Sobol
SOBOL4096_01090,9.076249599456787,92.5880394410342,0.03675126614049077,232.1984870918095,81.65339178871363,83.80468340124935,Scrambled_Sobol
SOBOL4096_01091,12.352415807545185,55.702996673062444,0.3787170980498195,247.58161670528352,90.8654711721465,72.15783103369176,Scrambled_Sobol
SOBOL4096_01092,20.683130100369453,82.42746256291866,0.11672382052987815,215.60822864063084,63.54674588423222,24.999309773556888,Scrambled_Sobol
SOBOL4096_01093,29.328623116016388,62.24583787843585,0.09585769655182959,204.30679325945675,53.75062153209001,41.47325351834297,Scrambled_Sobol
SOBOL4096_01094,17.639796994626522,76.07920053415,0.21534951316192746,258.86807731352746,100.99350169766694,89.36109809670597,Scrambled_Sobol
SOBOL4096_01095,0.9361235052347183,63.032105611637235,0.2003231632336974,243.48898174241185,70.19841071683913,53.970096092671156,Scrambled_Sobol
SOBOL4096_01096,32.29290384799242,98.74051734805107,0.3198157159611583,273.303212672472,44.393281009979546,6.083861594088376,Scrambled_Sobol
SOBOL4096_01097,33.73543847352266,51.42863863147795,0.18184894114732741,263.6835940927267,86.24609855003655,22.22570572514087,Scrambled_Sobol
SOBOL4096_01098,4.488018229603767,86.79566774517298,0.3488400386273861,210.5778325535357,28.400105210021138,70.11336857452989,Scrambled_Sobol
SOBOL4096_01099,16.50489564985037,74.09298354759812,0.07850109314545989,268.4988324251026,59.119972893968225,82.12407561484724,Scrambled_Sobol
SOBOL4096_01100,25.45933187007904,87.58505894802511,0.24549437632784246,237.22873565740883,95.56971968151629,34.23765938729048,Scrambled_Sobol
SOBOL4096_01101,24.54813100397587,67.35454411245883,0.36118942663073544,225.9286762494594,106.69392565265298,14.422422307543457,Scrambled_Sobol
SOBOL4096_01102,13.483064956963062,94.51801907271147,0.14669760435819626,279.7866582777351,47.663773987442255,61.58241438679397,Scrambled_Sobol
SOBOL4096_01103,5.518843829631805,57.190987188369036,0.28085085203871135,221.86694586649537,38.52692296728492,97.34885004814714,Scrambled_Sobol
SOBOL4096_01104,36.251902244985104,81.229413067922,0.0663582936488092,252.3848221451044,76.4513554237783,50.19014776684344,Scrambled_Sobol
SOBOL4096_01105,35.34093923866749,58.361483085900545,0.3326567291468382,240.99403182044625,66.98504799045622,61.26716434024274,Scrambled_Sobol
SOBOL4096_01106,6.48412574082613,78.5124150570482,0.16566562600433826,278.6298470944166,92.80962252058089,13.438934828154743,Scrambled_Sobol
SOBOL4096_01107,14.437949061393738,66.94659129716456,0.2467409556917846,201.19935956783593,78.38103358633816,48.83400511927903,Scrambled_Sobol
SOBOL4096_01108,23.626818619668484,96.47247400134802,0.0797476894967258,259.1876859869808,31.16019223816693,96.6638864716515,Scrambled_Sobol
SOBOL4096_01109,26.384936161339283,72.90489980950952,0.1542643118649721,247.98641770146787,40.95498634502292,64.62891979143023,Scrambled_Sobol
SOBOL4096_01110,15.554264560341835,90.32112299464643,0.36875613979995253,212.41019529290497,68.2542465440929,17.50516698230058,Scrambled_Sobol
SOBOL4096_01111,3.528248928487301,51.81752839125693,0.04385491264984012,289.84214194118977,104.26587240770459,29.144507944583893,Scrambled_Sobol
SOBOL4096_01112,34.65187519788742,84.85879767686129,0.2583474540524185,229.79422265663743,55.860872734338045,76.26987083349377,Scrambled_Sobol
SOBOL4096_01113,30.703859329223633,64.97173239476979,0.026505535934120417,217.2626249678433,99.02106347959489,92.78280871454626,Scrambled_Sobol
SOBOL4096_01114,2.4708443507552147,98.35502207279205,0.2884966447390616,254.1958248615265,61.07718619983643,45.65887417644262,Scrambled_Sobol
SOBOL4096_01115,19.184910133481026,59.50628397986293,0.13578282061964272,224.93061353452504,25.114848758094013,9.89705075044185,Scrambled_Sobol
SOBOL4096_01116,27.749943025410175,77.26462292484939,0.39777609247714285,283.621898656711,84.12296160589904,57.02223191037774,Scrambled_Sobol
SOBOL4096_01117,22.257519029080868,53.74586251564324,0.2288538225926459,272.4192543979734,72.99999911803752,86.45809275563806,Scrambled_Sobol
SOBOL4096_01118,10.80304890871048,82.8320387750864,0.10936198899522424,236.1400840152055,36.569717419333756,38.629682222381234,Scrambled_Sobol
SOBOL4096_01119,7.5360168889164925,71.70899724587798,0.3151247330382467,265.4095010459423,50.94902299810201,26.612007725052536,Scrambled_Sobol
SOBOL4096_01120,39.28347982466221,91.4201274048537,0.195632185973227,206.06418641284108,108.81707542110234,74.44170805625618,Scrambled_Sobol
SOBOL4096_01121,39.838633351027966,55.16627077013254,0.07112572165206074,229.50405709445477,45.66171414218843,56.549752238206565,Scrambled_Sobol
SOBOL4096_01122,8.382918387651443,81.50010728277266,0.23811899917200208,287.49272683635354,71.63304186426103,9.435963733121753,Scrambled_Sobol
SOBOL4096_01123,10.116060711443424,70.0135366525501,0.17447356965392827,212.69965543411672,99.55915505997837,44.83272974845022,Scrambled_Sobol
SOBOL4096_01124,21.864720210433006,93.2224222458899,0.3414646614715457,250.3365006763488,52.482148660346866,91.94486358202994,Scrambled_Sobol
SOBOL4096_01125,28.127484172582626,63.66725545376539,0.2732898827083409,261.5349767822772,62.27813020348549,75.47100972849876,Scrambled_Sobol
SOBOL4096_01126,19.895703308284283,99.76628781296313,0.058797329980880025,201.48602752946317,89.43102225661278,27.629553992301226,Scrambled_Sobol
SOBOL4096_01127,1.6099058836698532,61.31772301159799,0.353628457300365,276.28330463543534,83.08788012713194,39.270461150445044,Scrambled_Sobol
SOBOL4096_01128,30.173731483519077,75.54170908406377,0.13913664069026707,240.70673890411854,34.53878205269575,87.11030963808298,Scrambled_Sobol
SOBOL4096_01129,33.80382928997278,74.23984776251018,0.38321667984128,207.88338243961334,77.678223378025,94.71846975386143,Scrambled_Sobol
SOBOL4096_01130,2.9743923991918564,88.90380254015326,0.1212233966588974,266.575697530061,39.91994840558618,46.87719574663788,Scrambled_Sobol
SOBOL4096_01131,15.948207788169384,50.012240931391716,0.3032419397495687,234.32013428770006,46.270869984291494,11.116569396108389,Scrambled_Sobol
SOBOL4096_01132,27.070627361536026,86.55114662833512,0.041250842269510035,271.25367750413716,105.4668548842892,58.95659961272031,Scrambled_Sobol
SOBOL4096_01133,22.91732244193554,56.94722565822303,0.20463723778724668,282.45353494770825,94.34271002653986,78.77174680121243,Scrambled_Sobol
SOBOL4096_01134,14.0592635050416,79.8137809149921,0.3241297961771488,223.10787699185312,57.72708947304636,31.658139317296445,Scrambled_Sobol
SOBOL4096_01135,7.012956589460373,68.67252066731453,0.10017177110537887,255.36489935591817,29.79319176170975,19.641804164275527,Scrambled_Sobol
SOBOL4096_01136,36.20302211493254,94.66412221081555,0.219663593377918,219.08469900488853,87.47298708651215,66.75411901902407,Scrambled_Sobol
SOBOL4096_01137,37.12802313268185,65.92158228158951,0.13146874465048314,275.8750690706074,54.426302700303495,31.741547784768045,Scrambled_Sobol
SOBOL4096_01138,6.064154244959354,95.8380885887891,0.393462010845542,243.90271097421646,102.9974598577246,79.61616330780089,Scrambled_Sobol
SOBOL4096_01139,13.100106865167618,58.898213086649776,0.022191459964960813,256.2955101300031,69.52278052922338,67.97101232688874,Scrambled_Sobol
SOBOL4096_01140,23.83192103356123,79.43976549431682,0.28418256310746076,203.89372653327882,42.38935356494039,20.094742132350802,Scrambled_Sobol
SOBOL4096_01141,26.16028193384409,52.74564512073994,0.31062514983117584,215.1925467606634,32.59462057147175,52.12980011943728,Scrambled_Sobol
SOBOL4096_01142,16.91165618598461,85.39628800936043,0.19113260842859744,245.00643436796963,79.64958815369755,99.29994035512209,Scrambled_Sobol
SOBOL4096_01143,3.928668610751629,72.2697555553168,0.22435423938557505,232.61492267251015,91.54127108398825,63.910498884506524,Scrambled_Sobol
SOBOL4096_01144,32.88434073328972,89.2953491769731,0.10486241145059468,287.17517675831914,65.55049853865057,16.738751400262117,Scrambled_Sobol
SOBOL4096_01145,31.74873784184456,60.922680562362075,0.2543019264377654,251.4410454966128,107.42407056502998,23.975817766040564,Scrambled_Sobol
SOBOL4096_01146,0.05870562046766281,77.5091459043324,0.0873086545802653,220.17129205167294,49.722216157242656,71.14613973069936,Scrambled_Sobol
SOBOL4096_01147,18.354862555861473,64.82486482709646,0.34021769989281897,280.7296865899116,37.79680876992643,83.15804950892925,Scrambled_Sobol
SOBOL4096_01148,29.712878204882145,97.03628406859934,0.17322659108787775,227.6249550189823,74.39296423457563,35.98648375365883,Scrambled_Sobol
SOBOL4096_01149,20.275072567164898,70.39101808331907,0.05123028555884958,238.9223939087242,85.51578391343355,6.550531601533294,Scrambled_Sobol
SOBOL4096_01150,11.652610152959824,91.27402463927865,0.2657228326238692,269.4392402190715,26.34183783084154,54.425328145734966,Scrambled_Sobol
SOBOL4096_01151,9.928644336760044,53.989619202911854,0.16163968477398155,208.88487972319126,59.85023654997349,90.19309748895466,Scrambled_Sobol
SOBOL4096_01152,38.258114978671074,84.24767502583563,0.37613151837140324,262.7425184287131,97.62795634567738,42.317008315585554,Scrambled_Sobol
SOBOL4096_01153,38.394985757768154,67.83274514600635,0.04652575524523854,203.40215674601495,64.01682990137488,65.9943675994873,Scrambled_Sobol
SOBOL4096_01154,9.831140041351318,93.84300294332206,0.2595324833877385,257.1717328298837,91.33700417820364,18.82425142917782,Scrambled_Sobol
SOBOL4096_01155,11.867605932056904,57.6706409920007,0.15618573036044836,244.42728534340858,81.84738008771092,30.93333436176181,Scrambled_Sobol
SOBOL4096_01156,20.099443271756172,80.5559478700161,0.3691946215555072,275.0318509526551,33.46297024283558,78.10510591138154,Scrambled_Sobol
SOBOL4096_01157,29.88881140947342,50.933663453906775,0.24718382017686963,286.233116555959,44.91913621779531,59.669692339375615,Scrambled_Sobol
SOBOL4096_01158,18.140170834958553,87.49055783264339,0.08167636724188924,233.21644693613052,70.72312091942877,11.795052750967443,Scrambled_Sobol
SOBOL4096_01159,0.15651382505893707,73.59345299191773,0.3338374210521579,245.95943530090153,101.13171943929046,47.64829664491117,Scrambled_Sobol
SOBOL4096_01160,31.61217112094164,88.27530108392239,0.1683292546495795,214.60196322761476,53.88996401336044,95.52454277407378,Scrambled_Sobol
SOBOL4096_01161,32.982150204479694,61.94273144938052,0.31556757345795633,226.78181468509138,95.76353318989277,87.91643362026662,Scrambled_Sobol
SOBOL4096_01162,3.7921030074357986,76.18544530123472,0.19756083965301513,281.2543494720012,59.31266166269779,40.041613010689616,Scrambled_Sobol
SOBOL4096_01163,17.087590657174587,62.73059817031026,0.23003449043259025,221.04743160307407,28.870343752205372,28.307986385188997,Scrambled_Sobol
SOBOL4096_01164,25.94559133052826,98.84826294146478,0.11202559357509018,250.9493818320334,86.71748209744692,76.18405149318278,Scrambled_Sobol
SOBOL4096_01165,24.0469179302454,69.27483850158751,0.13845368444919587,262.15202877298,76.58939837478101,91.27817173022777,Scrambled_Sobol
SOBOL4096_01166,12.924478836357594,92.50159356743097,0.3989611430466175,209.83796380460262,38.66643517278135,44.1078738309443,Scrambled_Sobol
SOBOL4096_01167,6.201026141643524,55.98470801487565,0.028426975663751367,270.0406759697944,48.1897837202996,8.61846195999533,Scrambled_Sobol
SOBOL4096_01168,37.03052010387182,82.33650936745107,0.288935147728771,237.9802559223026,107.21848639659584,55.79005178064108,Scrambled_Sobol
SOBOL4096_01169,36.06645651161671,53.26731214299798,0.19919033028185368,249.7734258789569,31.33974891155958,43.122823517769575,Scrambled_Sobol
SOBOL4096_01170,7.110766060650349,83.50740312598646,0.3171970470994711,213.58128814958036,78.5620392486453,90.96430331934243,Scrambled_Sobol
SOBOL4096_01171,13.844572901725769,71.22889854945242,0.09545979185029865,288.02288288250566,93.29413816332817,55.10370656847954,Scrambled_Sobol
SOBOL4096_01172,23.093256913125515,92.09403563290834,0.21346869437023996,228.58950562775135,67.4680943787098,7.263882146216929,Scrambled_Sobol
SOBOL4096_01173,26.894999332726,65.46702729538083,0.3768405940383673,239.89094369113445,56.01319278590381,35.319556733593345,Scrambled_Sobol
SOBOL4096_01174,16.163204684853554,97.65981412492692,0.11633315242826939,276.7364249564707,104.41704745404422,82.43332117330283,Scrambled_Sobol
SOBOL4096_01175,2.876889370381832,60.006229439750314,0.2961193290166557,202.29079618118703,68.76599944196641,70.32851037569344,Scrambled_Sobol
SOBOL4096_01176,33.94070118665695,76.57396700233221,0.03561115128919482,261.0708298999816,41.46786398254335,23.216352476738393,Scrambled_Sobol
SOBOL4096_01177,30.07622718811035,73.20759263820946,0.2789743720926345,270.3390482533723,84.60730245802552,15.97933707293123,Scrambled_Sobol
SOBOL4096_01178,1.7467766627669334,90.21529294550419,0.06596764961257577,234.85020182095468,25.59806487057358,63.09292049147189,Scrambled_Sobol
SOBOL4096_01179,19.720074012875557,52.11871778592467,0.35856642175465825,267.4574133940041,61.25689739827067,98.57516105752438,Scrambled_Sobol
SOBOL4096_01180,28.342479951679707,84.75137199275196,0.14555751357227564,207.32040151953697,99.20191968325526,51.46282213740051,Scrambled_Sobol
SOBOL4096_01181,21.650028489530087,58.075615065172315,0.07736823895946145,218.6204582452774,109.32865352835506,20.808041715063155,Scrambled_Sobol
SOBOL4096_01182,10.291993916034698,78.59841585159302,0.2428756862320006,256.16958485916257,51.46207035984844,68.64933978766203,Scrambled_Sobol
SOBOL4096_01183,8.246351666748524,66.66522799059749,0.18145101521164178,223.561085825786,36.7221919959411,80.38742010015994,Scrambled_Sobol
SOBOL4096_01184,39.93644155561924,96.56307804398239,0.34695919860154395,281.6378175187856,73.15102470573038,32.54741394892335,Scrambled_Sobol
SOBOL4096_01185,39.068789295852184,56.25500958412886,0.22247338520362972,260.08030503056943,52.66315685585141,50.99618610460311,Scrambled_Sobol
SOBOL4096_01186,7.711951285600662,80.31218708492815,0.10446449400857091,200.64727109856904,99.73871426656842,98.11991767957807,Scrambled_Sobol
SOBOL4096_01187,10.666483379900455,67.97884902916849,0.3080064682289958,277.7262819558382,72.1160857193172,62.260932424105704,Scrambled_Sobol
SOBOL4096_01188,22.355328425765038,95.16098024323583,0.18999974008649587,241.53517419472337,46.14622725173831,15.135548301041126,Scrambled_Sobol
SOBOL4096_01189,27.652439922094345,74.91219583898783,0.021051377672702074,230.23635664954782,34.689959632232785,33.57087198179215,Scrambled_Sobol
SOBOL4096_01190,19.321782104671,88.42216455377638,0.28155954407528044,289.0153604000807,83.24020271189511,81.39912272803485,Scrambled_Sobol
SOBOL4096_01191,2.2952162474393845,50.689141592010856,0.13107808645814656,211.93506208248436,89.94389736093581,69.29596235509962,Scrambled_Sobol
SOBOL4096_01192,30.91885630041361,86.0741593874991,0.391585539393127,248.78020002506673,62.78988056816161,21.466102236881852,Scrambled_Sobol
SOBOL4096_01193,34.4762459769845,63.756367890164256,0.1604995784163475,284.1629525180906,105.95007352996618,5.3242184687405825,Scrambled_Sobol
SOBOL4096_01194,3.743244633078575,99.48341203853488,0.3735084752738476,224.0269706118852,46.755213369615376,53.15265023615211,Scrambled_Sobol
SOBOL4096_01195,15.456760339438915,61.40523925423622,0.05083960330113769,253.64383026957512,40.10080207604915,88.63618484698236,Scrambled_Sobol
SOBOL4096_01196,26.521806865930557,75.2573296893388,0.26384633710607885,218.1553271599114,77.85793204326183,40.80650574993342,Scrambled_Sobol
SOBOL4096_01197,23.490251824259758,55.05735347978771,0.33833686694502835,206.85788558796048,87.98603698145598,25.712475404143333,Scrambled_Sobol
SOBOL4096_01198,14.535757340490818,81.79978420957923,0.17282869488000868,264.9342739582062,30.30477240215987,72.83638870809227,Scrambled_Sobol
SOBOL4096_01199,6.269433945417404,69.90922205150127,0.25168326606974006,235.31338025815785,57.878112527541816,84.5757113955915,Scrambled_Sobol
SOBOL4096_01200,35.51687251776457,93.52660370059311,0.08617580747231841,272.8614769037813,94.4951820699498,37.450509001500905,Scrambled_Sobol
SOBOL4096_01201,36.46689794957638,71.08279652893543,0.3540669744461775,216.47346501238644,42.86088910419494,73.68218685034662,Scrambled_Sobol
SOBOL4096_01202,5.343214608728886,90.77605721540749,0.14105807192623615,247.07906058989465,69.99286707956344,25.794321037828922,Scrambled_Sobol
SOBOL4096_01203,13.619935661554337,54.68294913880527,0.2744749247841537,231.34428264573216,103.18997636903077,37.90500980336219,Scrambled_Sobol
SOBOL4096_01204,24.45062678307295,83.75116055831313,0.06146820796653628,285.1142020523548,54.620288466103375,85.79122306779027,Scrambled_Sobol
SOBOL4096_01205,25.55714014917612,60.25075167417526,0.17713716574013233,273.9157232642174,66.0752112744376,57.73545717354864,Scrambled_Sobol
SOBOL4096_01206,16.368328854441643,77.9903628397733,0.34264534346759323,242.5579078681767,92.06712882500142,10.575305307283998,Scrambled_Sobol
SOBOL4096_01207,4.663951508700848,64.14828854613006,0.073054389487952,258.28848010860384,79.78892810177058,46.43020528834313,Scrambled_Sobol
SOBOL4096_01208,33.52074667811394,97.51294581219554,0.23856183109804988,205.27078052051365,32.73283577989787,93.58874778263271,Scrambled_Sobol
SOBOL4096_01209,32.46883824467659,52.65620737336576,0.10283539125695824,237.74241221137345,74.5856555365026,77.07577026449144,Scrambled_Sobol
SOBOL4096_01210,0.7214329764246941,85.6794879771769,0.22084429943934084,267.6447057630867,37.99062481150031,29.915799419395626,Scrambled_Sobol
SOBOL4096_01211,17.737606391310692,72.18181807547808,0.20656592968851328,210.0751825608313,50.19359717145562,18.183461176231503,Scrambled_Sobol
SOBOL4096_01212,29.192057587206364,89.58014794625342,0.32457265216857195,264.54874731600285,107.89430657401681,65.34218469168991,Scrambled_Sobol
SOBOL4096_01213,20.82000207155943,66.03084332309663,0.30368043566122654,253.34889255464077,97.76747108437121,95.99705642089248,Scrambled_Sobol
SOBOL4096_01214,12.254912704229355,95.5380697734654,0.0431722522713244,221.28744253888726,59.98828203417361,48.10937233734876,Scrambled_Sobol
SOBOL4096_01215,9.291246570646763,59.00296624749899,0.3844017006829381,278.85550661943853,26.866396041586995,12.621208503842354,Scrambled_Sobol
SOBOL4096_01216,37.52428166568279,79.13514659740031,0.12389425341039896,226.54109832830727,86.0417911130935,60.50760349724442,Scrambled_Sobol
SOBOL4096_01217,37.83269394189119,50.37116804160178,0.39637170689180495,268.8744208123535,100.67798610311002,92.5721852760762,Scrambled_Sobol
SOBOL4096_01218,8.974673226475716,86.48845423012972,0.134380603749305,236.86274689622223,52.107791560702026,44.67000569682568,Scrambled_Sobol
SOBOL4096_01219,11.93889494985342,74.59550807252526,0.29303192149847745,263.3189893513918,45.37200890015811,8.810839066281915,Scrambled_Sobol
SOBOL4096_01220,21.12892210483551,88.8378435280174,0.031038655303418636,210.95480496063828,72.50639847945422,56.71172884758562,Scrambled_Sobol
SOBOL4096_01221,28.8785407692194,68.44179169274867,0.19420607360079883,222.16564336791635,82.63215672690421,86.99541622772813,Scrambled_Sobol
SOBOL4096_01222,18.04906565696001,94.79397740215063,0.31369790153577926,252.11772374808788,35.578151759691536,39.84994087833911,Scrambled_Sobol
SOBOL4096_01223,1.0321888327598572,56.71971486881375,0.11387266244739294,225.66294041462243,63.23094815481454,27.74659913033247,Scrambled_Sobol
SOBOL4096_01224,32.15464677661657,79.94685447774827,0.23336520384997128,280.08671834133565,89.22268331516534,74.89082785788924,Scrambled_Sobol
SOBOL4096_01225,33.21211274713278,70.22576546296477,0.0842830115556717,247.25272021256387,47.39324734546244,58.748944089747965,Scrambled_Sobol
SOBOL4096_01226,4.98029351234436,93.11068798415363,0.25127412036061286,215.9440049994737,105.09413913823664,11.603287011384964,Scrambled_Sobol
SOBOL4096_01227,16.683967597782612,55.37566212005913,0.1642612857185304,284.94049951434135,77.38687646575272,47.08700299728662,Scrambled_Sobol
SOBOL4096_01228,25.247831419110298,81.38553537428379,0.3312545575760305,231.87369974330068,40.7897583860904,94.2310499958694,Scrambled_Sobol
SOBOL4096_01229,24.763921797275543,60.94067571684718,0.26285808220505713,243.08316754177213,29.335826691240072,67.28865595068783,Scrambled_Sobol
SOBOL4096_01230,13.308245204389095,75.62290239147842,0.0483662486076355,273.7378525733948,88.50881015881896,19.386295350268483,Scrambled_Sobol
SOBOL4096_01231,5.032079592347145,63.29309274442494,0.36732998212799434,204.74556376226246,95.29907429590821,31.125799412839115,Scrambled_Sobol
SOBOL4096_01232,36.780700869858265,99.85036551952362,0.15283743506297467,258.4663937147707,57.5203918851912,79.02650817297399,Scrambled_Sobol
SOBOL4096_01233,35.20020842552185,64.46631853468716,0.2410286619514227,225.25539283640683,69.3144388962537,20.25818602181971,Scrambled_Sobol
SOBOL4096_01234,6.57778438180685,97.09859415888786,0.07403757013380527,283.2820051070303,43.342168824747205,67.34440905507654,Scrambled_Sobol
SOBOL4096_01235,14.84481580555439,60.56740088388324,0.3503140106610954,216.92686202004552,55.465674782171845,79.4549164455384,Scrambled_Sobol
SOBOL4096_01236,23.174248225986958,77.5747227948159,0.18332073314115405,254.5247347652912,102.54173883236945,32.36740361433476,Scrambled_Sobol
SOBOL4096_01237,26.833213828504086,54.21996754594147,0.0618708298355341,265.81119269132614,92.4146250076592,16.160001419484615,Scrambled_Sobol
SOBOL4096_01238,15.143143236637115,84.11820195615292,0.276362646445632,205.62542395666242,65.26079060509801,64.02612345758826,Scrambled_Sobol
SOBOL4096_01239,3.4290768578648567,70.61814805492759,0.14814690513536333,271.98460108600557,32.220265846699476,99.88084206357598,Scrambled_Sobol
SOBOL4096_01240,34.78713072836399,91.14133338443935,0.3626394578628242,236.54588480480015,80.76842157170177,52.01347340364009,Scrambled_Sobol
SOBOL4096_01241,31.23514600098133,58.68636639788747,0.1181977472640574,200.8223952073604,37.5901088071987,35.50049588549882,Scrambled_Sobol
SOBOL4096_01242,1.9864820316433907,79.55111912451684,0.3801888447441161,259.55229877494276,75.34932612907141,83.36643619462848,Scrambled_Sobol
SOBOL4096_01243,19.012497067451477,65.7125732395798,0.03228550646454096,241.36000717058778,108.45989632885903,71.63427932653576,Scrambled_Sobol
SOBOL4096_01244,27.96820756047964,95.95227967947721,0.29427878964692356,278.25424529612064,49.26485377829522,23.766728937625885,Scrambled_Sobol
SOBOL4096_01245,22.043547220528126,72.64642054215074,0.32126506203785543,289.5420738309622,60.72004415560514,42.57323696743697,Scrambled_Sobol
SOBOL4096_01246,10.979716554284096,89.21453668735921,0.20177323976531625,230.05995044484735,97.33660705853254,89.65927897952497,Scrambled_Sobol
SOBOL4096_01247,8.02589263767004,53.119425708428025,0.2108620946481824,248.25352950952947,85.14307085890323,54.17129652108997,Scrambled_Sobol
SOBOL4096_01248,38.75766843557358,85.31259093433619,0.09136953625828029,212.11151120252907,27.46421788353473,7.0836026687175035,Scrambled_Sobol
SOBOL4096_01249,39.61975131183863,73.96036381833255,0.16876086892560124,233.97063842974603,90.49113671295345,24.419093220494688,Scrambled_Sobol
SOBOL4096_01250,8.554723486304283,87.81206971034408,0.3357541351206601,271.56885449774563,64.66555903665721,72.27488820441067,Scrambled_Sobol
SOBOL4096_01251,10.601030997931957,51.299284771084785,0.08878259476274253,208.19992199540138,34.14382538758218,84.38415251206607,Scrambled_Sobol
SOBOL4096_01252,21.33405104279518,87.02594456262887,0.25577369790524246,266.22756423428655,81.36366358958185,36.52965015731752,Scrambled_Sobol
SOBOL4096_01253,28.653898760676384,57.25644486956298,0.37164405809715395,254.93848579004407,71.23780306428671,6.245872885920107,Scrambled_Sobol
SOBOL4096_01254,19.406440295279026,80.87420491501689,0.15715151669457553,219.49873954057693,43.93753971904516,53.344959393143654,Scrambled_Sobol
SOBOL4096_01255,1.4326255023479462,67.41678267717361,0.26717215817421675,282.86895950324833,53.542300164699554,89.19838466215879,Scrambled_Sobol
SOBOL4096_01256,30.387100093066692,94.15959198959172,0.05268033023923635,222.6828474458307,101.94629669189453,42.100541945546865,Scrambled_Sobol
SOBOL4096_01257,34.257002882659435,55.61941880732775,0.28565654858946804,213.051897874102,58.74723957385868,34.4924327917397,Scrambled_Sobol
SOBOL4096_01258,2.5681383907794952,82.80117162503302,0.023663276731967928,249.94716596789658,96.6921199997887,81.59170102793723,Scrambled_Sobol
SOBOL4096_01259,15.853936411440372,68.90778630040586,0.3889963339827955,229.11885298788548,87.11588589008898,69.85789302736521,Scrambled_Sobol
SOBOL4096_01260,27.210754975676537,92.96458521857858,0.1270052251778543,287.84909987822175,28.108776188455522,22.76023203972727,Scrambled_Sobol
SOBOL4096_01261,22.781449407339096,63.146225176751614,0.1063116917014122,276.5586561895907,39.56272846553475,49.702715976163745,Scrambled_Sobol
SOBOL4096_01262,14.157827608287334,98.53162751533091,0.2258042387664318,240.4162945598364,75.99401331041008,97.55869198124856,Scrambled_Sobol
SOBOL4096_01263,7.4246858805418015,62.35707229934633,0.18664510285481808,261.2486415822059,106.48720542434603,62.06909873522818,Scrambled_Sobol
SOBOL4096_01264,35.75536195188761,75.86742537096143,0.30613693645223977,201.76548822782934,48.620156147517264,14.214777401648462,Scrambled_Sobol
SOBOL4096_01265,37.338906079530716,59.63928601704538,0.039846475794911386,280.3733215946704,79.33383127208799,96.54754913877696,Scrambled_Sobol
SOBOL4096_01266,5.884474329650402,77.03723134472966,0.30183975331485274,228.01016717217863,30.951873562298715,49.414940094575286,Scrambled_Sobol
SOBOL4096_01267,12.608439549803734,65.10146837681532,0.12575871659442783,251.83036679401994,66.52930432464927,13.554524718783796,Scrambled_Sobol
SOBOL4096_01268,24.355864264070988,98.12436462379992,0.38774980841204526,219.81903620064259,93.8490124931559,60.688426392152905,Scrambled_Sobol
SOBOL4096_01269,25.632086507976055,71.64315744303167,0.21823746614158152,208.60541097819805,103.97614690009505,76.89573728013784,Scrambled_Sobol
SOBOL4096_01270,17.399033159017563,91.77571618929505,0.09874491341412069,263.0288455821574,56.73424961511046,28.98322781547904,Scrambled_Sobol
SOBOL4096_01271,4.102875627577305,53.68324164301157,0.32864043353125455,239.2128516640514,42.07379712257534,16.878598392941058,Scrambled_Sobol
SOBOL4096_01272,32.66794674098492,83.19084667600691,0.20914861692115663,269.16390207596123,67.87990971002728,64.79235164821148,Scrambled_Sobol
SOBOL4096_01273,31.30354903638363,67.0305497944355,0.3459999361075461,256.6436353791505,26.071233293041587,57.555336244404316,Scrambled_Sobol
SOBOL4096_01274,0.47283921390771866,96.0983828175813,0.1790066529251635,203.57717893086374,83.91624375246465,9.643008508719504,Scrambled_Sobol
SOBOL4096_01275,18.455826193094254,58.442604867741466,0.2367145873978734,275.559905488044,98.56371867470443,45.125067699700594,Scrambled_Sobol
SOBOL4096_01276,29.579490832984447,78.13548697158694,0.06972348991781473,244.25222024321556,62.11298900656402,93.039002683945,Scrambled_Sobol
SOBOL4096_01277,20.41271213442087,51.70302800834179,0.14364732334390282,233.0399602651596,50.65769635140896,74.23258596099913,Scrambled_Sobol
SOBOL4096_01278,11.555936858057976,85.06806981749833,0.35813988173380495,286.7597602494061,109.68686513602734,27.100157937966287,Scrambled_Sobol
SOBOL4096_01279,9.519983641803265,72.79328475706279,0.05737124804407358,214.77849281392992,74.1223967447877,38.838056875392795,Scrambled_Sobol
SOBOL4096_01280,38.708814829587936,90.53328027948737,0.2718630703166127,245.43283452279866,36.19698140770197,85.97213956993073,Scrambled_Sobol
SOBOL4096_01281,38.65761402994394,72.67871452495456,0.335405800845474,222.53473276272416,54.08334822393954,9.481200445443392,Scrambled_Sobol
SOBOL4096_01282,9.410204216837883,90.4610964935273,0.1698976174555719,282.67655082046986,101.32492125965655,57.345668342895806,Scrambled_Sobol
SOBOL4096_01283,11.426448933780193,51.579944835975766,0.25468388959765437,219.65850573964417,70.52983787842095,93.1990223005414,Scrambled_Sobol
SOBOL4096_01284,20.38091465830803,84.98728051781654,0.08917644232511521,255.14117269776762,44.72599503584206,45.33579925540835,Scrambled_Sobol
SOBOL4096_01285,29.6259655803442,58.51366808637977,0.1575453302823007,266.4413608517498,33.60179951414466,26.935809208080173,Scrambled_Sobol
SOBOL4096_01286,18.560871221125126,78.24960420839489,0.3705542384646833,208.37080863304436,81.98602696880698,74.02622315566987,Scrambled_Sobol
SOBOL4096_01287,0.5972768366336823,67.11169672198594,0.05381706744432449,271.38739459216595,91.19811395183206,86.1353772226721,Scrambled_Sobol
SOBOL4096_01288,31.33032601326704,96.22268192470074,0.26682378992438316,233.83346179500222,63.878081534057856,39.04625555034727,Scrambled_Sobol
SOBOL4096_01289,32.777745239436626,53.60516966320574,0.024057799540460112,201.9692632742226,107.02526431065053,49.25057703163475,Scrambled_Sobol
SOBOL4096_01290,4.15405735373497,83.0574182793498,0.284565977267921,261.4074467122555,47.99641977529973,96.34117235429585,Scrambled_Sobol
SOBOL4096_01291,17.430849708616734,71.58122779801488,0.12814122201874853,240.22412811405957,38.859556089155376,60.85167802404612,Scrambled_Sobol
SOBOL4096_01292,25.76155535876751,91.6585227008909,0.3886486636288464,276.41008636914194,76.78270168136805,13.762737726792693,Scrambled_Sobol
SOBOL4096_01293,24.250800162553787,65.23372852243483,0.2254566476866603,287.71165049634874,86.57881495077163,28.82143443915993,Scrambled_Sobol
SOBOL4096_01294,12.56198387593031,98.20212665945292,0.10744774516671897,228.93779625184834,28.731534746475518,76.6860830038786,Scrambled_Sobol
SOBOL4096_01295,5.8576782792806625,59.756884817034006,0.30504642175510527,250.1169091463089,59.45138976443559,64.95235763955861,Scrambled_Sobol
SOBOL4096_01296,37.21448753029108,77.10023387335241,0.18703970493748784,213.26662169769406,95.90244368184358,17.08931526169181,Scrambled_Sobol
SOBOL4096_01297,35.62603697180748,62.4834225513041,0.30065660674124955,268.9611078798771,41.287611867301166,81.80100087076426,Scrambled_Sobol
SOBOL4096_01298,7.393030636012554,75.9507158305496,0.04014843467622996,239.05297817662358,68.58560546766967,34.653872796334326,Scrambled_Sobol
SOBOL4096_01299,14.106465503573418,63.25829573906958,0.38730958545580507,263.2213186379522,104.59719839971513,22.549143750220537,Scrambled_Sobol
SOBOL4096_01300,22.671526111662388,98.60053975135088,0.1268021268583834,208.75359003432095,56.19352612178773,69.69751667696983,Scrambled_Sobol
SOBOL4096_01301,27.33535509556532,68.82342295721173,0.0997883576527238,219.95619137771428,67.31645726133138,97.76542284525931,Scrambled_Sobol
SOBOL4096_01302,15.880856066942215,92.83782965503633,0.21779725451022386,252.0118052419275,93.14235918689519,49.86743276473135,Scrambled_Sobol
SOBOL4096_01303,2.6144513860344887,55.55081651546061,0.2094505871273577,227.83943073824048,78.71373732108623,14.006935460492969,Scrambled_Sobol
SOBOL4096_01304,34.36190448701382,82.69026931375265,0.3274573209322989,280.159675180912,31.491629374213517,61.90621781628579,Scrambled_Sobol
SOBOL4096_01305,30.418774411082268,67.48231169767678,0.18005084885284303,245.58125413954258,73.33143894560635,72.48163304757327,Scrambled_Sobol
SOBOL4096_01306,1.5619314089417458,94.27962489426136,0.34555901525542143,214.9705090560019,36.90242384560406,24.583824342116714,Scrambled_Sobol
SOBOL4096_01307,19.516382664442062,57.331675942987204,0.0700247622281313,286.60097657702863,51.28175728954375,36.3217938831076,Scrambled_Sobol
SOBOL4096_01308,28.705241791903973,81.00403840653598,0.23553221516311168,232.83620667643845,109.14848231710494,84.22125761397183,Scrambled_Sobol
SOBOL4096_01309,21.30711231380701,51.178035931661725,0.3569574302248657,244.03743204660714,99.35371892526746,53.55424561072141,Scrambled_Sobol
SOBOL4096_01310,10.476449951529503,86.96005791425705,0.14394853902980684,275.39009793661535,61.40851425006986,6.40729820355773,Scrambled_Sobol
SOBOL4096_01311,8.449802808463573,73.83098332211375,0.2714220928400755,203.75834295526147,25.44620467349887,41.889468342997134,Scrambled_Sobol
SOBOL4096_01312,39.57345739006996,87.73795920424163,0.058415364697575564,256.7811920493841,84.45558412000537,89.03802193701267,Scrambled_Sobol
SOBOL4096_01313,38.88227302581072,52.99557875841856,0.1354240465722978,279.91619111970067,62.60956765618175,83.57462389860302,Scrambled_Sobol
SOBOL4096_01314,8.052807822823524,85.23104102350771,0.39593149384483695,225.44880583882332,89.76372630801052,35.66376715898514,Scrambled_Sobol
SOBOL4096_01315,11.026034019887447,72.53260961733758,0.0313406240940094,252.2545409668237,83.42061711009592,23.560332511551678,Scrambled_Sobol
SOBOL4096_01316,22.14844435453415,89.14312096312642,0.2918488074839115,222.3474412318319,34.87019164022058,71.46994156762958,Scrambled_Sobol
SOBOL4096_01317,27.838886454701424,65.79295489937067,0.31251475354656577,211.14754087291658,45.994367212988436,89.87002150621265,Scrambled_Sobol
SOBOL4096_01318,18.98083794862032,96.07581668533385,0.1945080310665071,263.4667553473264,71.96436753962189,42.733222963288426,Scrambled_Sobol
SOBOL4096_01319,1.9351238012313843,58.758187433704734,0.2329249794781208,236.65973275899887,99.89051366690546,6.873968387953937,Scrambled_Sobol
SOBOL4096_01320,31.125218831002712,79.66600293293595,0.11491607129573822,268.7150033004582,52.81477386597544,54.00947748683393,Scrambled_Sobol
SOBOL4096_01321,34.76019646972418,70.55545630864799,0.2500916702672839,258.6470910347998,94.67533285729587,67.55516025237739,Scrambled_Sobol
SOBOL4096_01322,3.304491341114044,91.02337462827563,0.08458422865718604,204.88335110247135,58.058445705100894,20.41818033438176,Scrambled_Sobol
SOBOL4096_01323,15.038227029144764,54.14266213774681,0.3308135815151036,273.5234881658107,30.12452012859285,32.157761016860604,Scrambled_Sobol
SOBOL4096_01324,26.786915436387062,83.98553137667477,0.16530540378764272,242.91308640502393,87.8056428488344,79.29308874066919,Scrambled_Sobol
SOBOL4096_01325,23.205926418304443,60.68423907272518,0.04941044595092535,231.71456738375127,78.00962995737791,64.23430213704705,Scrambled_Sobol
SOBOL4096_01326,14.97411783784628,77.6369615457952,0.26241716276854277,284.73707315512,40.252682380378246,16.32326473016292,Scrambled_Sobol
SOBOL4096_01327,6.687730625271797,64.59934674203396,0.15313870878890157,216.09290204942226,46.603576093912125,51.8070849403739,Scrambled_Sobol
SOBOL4096_01328,35.25154758244753,97.17711550183594,0.36614761130884294,247.44453797116876,105.79829439520836,99.71651332918555,Scrambled_Sobol
SOBOL4096_01329,36.82718068361282,63.404396548867226,0.07443138513714075,236.3641083985567,32.92595653794706,11.440372471697628,Scrambled_Sobol
SOBOL4096_01330,5.1371195539832115,99.91852012462914,0.2399388437345624,271.8478053249419,79.98223125003278,58.5411131195724,Scrambled_Sobol
SOBOL4096_01331,13.432687893509865,61.06778825633228,0.18445747176185248,205.8394083287567,91.87390658073127,94.39575581345707,Scrambled_Sobol
SOBOL4096_01332,24.79069370776415,75.70695793256164,0.3499656438268721,265.9815697092563,65.8818471711129,47.29376748204231,Scrambled_Sobol
SOBOL4096_01333,25.19663628190756,55.306291580200195,0.27601431358605627,254.6842595655471,54.759016409516335,19.225952620618045,Scrambled_Sobol
SOBOL4096_01334,16.574182510375977,81.27387394197285,0.06300757978111506,217.12998344562948,103.32888670265675,67.07755669020116,Scrambled_Sobol
SOBOL4096_01335,4.850811250507832,70.14216291718185,0.36154965097084646,283.1341747380793,69.85419977456331,79.18795914854854,Scrambled_Sobol
SOBOL4096_01336,33.18030960857868,92.98469601199031,0.14854075411334633,225.06259255111217,42.72207994014025,31.335065634921193,Scrambled_Sobol
SOBOL4096_01337,32.04958774149418,56.794186821207404,0.3798412522487343,212.28165671229362,85.84850823041052,44.509654650464654,Scrambled_Sobol
SOBOL4096_01338,0.9857280924916267,80.07591972127557,0.11933379931375385,248.4679582901299,26.67325501795858,92.36107734497637,Scrambled_Sobol
SOBOL4096_01339,18.022274672985077,68.50808430463076,0.29318827353417876,229.92205581627786,60.18166640307754,56.87318849377334,Scrambled_Sobol
SOBOL4096_01340,28.754117153584957,94.91477110423148,0.03268010713160038,289.36126922257245,97.96067306306213,9.020113605074584,Scrambled_Sobol
SOBOL4096_01341,21.238726265728474,74.46536994539201,0.20216776115819812,278.0625777412206,107.75541650597006,39.68703430145979,Scrambled_Sobol
SOBOL4096_01342,11.990071013569832,88.76296626403928,0.3201744893006981,241.21126032434404,50.05484896246344,86.78759428206831,Scrambled_Sobol
SOBOL4096_01343,9.00649543851614,50.25068428367376,0.0925055316835642,259.755703676492,38.129454241134226,75.05552465096116,Scrambled_Sobol
SOBOL4096_01344,37.962157130241394,86.42332986928523,0.21051442287862301,200.98150610923767,74.7243025759235,27.953355652280152,Scrambled_Sobol
SOBOL4096_01345,37.64888595789671,59.123762929812074,0.10337483858689667,248.643039483577,89.40552942454815,30.126523720100522,Scrambled_Sobol
SOBOL4096_01346,9.318162053823471,79.20143622905016,0.22286739697679878,211.7536075413227,63.413936123251915,77.23578014876693,Scrambled_Sobol
SOBOL4096_01347,12.301229871809483,66.15991154685616,0.18965155869722367,289.18623094446957,35.39540681988001,65.1325265225023,Scrambled_Sobol
SOBOL4096_01348,20.924899503588676,95.61253874562681,0.30914338096976285,230.45014790259302,82.44922939687967,18.021660367958248,Scrambled_Sobol
SOBOL4096_01349,29.06273677945137,72.11669669486582,0.282696490790695,241.73784500919282,72.65544160269201,48.31757791340351,Scrambled_Sobol
SOBOL4096_01350,17.70594697445631,89.45966120809317,0.02070320760831237,277.8860427904874,45.52119388245046,96.16030415985733,Scrambled_Sobol
SOBOL4096_01351,0.6700750440359116,52.581333089619875,0.39197956249117855,200.45487850904465,51.95868748240173,60.30123060569167,Scrambled_Sobol
SOBOL4096_01352,32.35891077667475,85.54934686981142,0.12998846501111985,259.9321957118809,100.5286996345967,12.456852872855961,Scrambled_Sobol
SOBOL4096_01353,33.4938121214509,64.23234110698104,0.37464471559971574,273.0761846341193,57.337383651174605,26.002535638399422,Scrambled_Sobol
SOBOL4096_01354,4.539366289973259,97.64006133191288,0.16015216287225484,235.48311807215214,95.11624845210463,73.8454425521195,Scrambled_Sobol
SOBOL4096_01355,16.263412348926067,60.31890329904854,0.264241103399545,264.75323331542313,88.69171722326428,85.58484221342951,Scrambled_Sobol
SOBOL4096_01356,25.51084205508232,78.10166962444782,0.04974928678944707,206.7204415705055,29.518591896630824,37.74064514786005,Scrambled_Sobol
SOBOL4096_01357,24.482305273413658,54.55695418640971,0.1717382990941405,218.00677343271673,40.64055313821882,10.786020937375724,Scrambled_Sobol
SOBOL4096_01358,13.749237395823002,83.66756099276245,0.3387315766140819,253.45166918821633,77.23785360809416,57.89545874111354,Scrambled_Sobol
SOBOL4096_01359,5.453161150217056,70.97113211639225,0.08582833530381323,224.1857596486807,105.24340534117073,93.3790979301557,Scrambled_Sobol
SOBOL4096_01360,36.51823680847883,90.70668965578079,0.25281942712143063,284.36672220006585,47.54237168934196,46.268413150683045,Scrambled_Sobol
SOBOL4096_01361,35.56335262954235,69.77655445225537,0.1406176847591996,205.0571394711733,80.57763135526329,52.99227229319513,Scrambled_Sobol
SOBOL4096_01362,6.374473609030247,93.44929531216621,0.35511023182421925,258.1177597679198,32.02965802047402,5.113126109354198,Scrambled_Sobol
SOBOL4096_01363,14.660200327634811,54.93939770385623,0.06028489718213678,242.73934095166624,65.4514796519652,40.9679498244077,Scrambled_Sobol
SOBOL4096_01364,23.51702343672514,81.7370894830674,0.27477673077955844,274.052862348035,92.60517219547182,88.84548628237098,Scrambled_Sobol
SOBOL4096_01365,26.470611430704594,61.48376357741654,0.34294711548835044,285.2623757440597,102.40031556691974,72.6735090278089,Scrambled_Sobol
SOBOL4096_01366,15.346975550055504,75.39035491645336,0.17595384363085032,231.5367396082729,55.324433906935155,25.50463788677007,Scrambled_Sobol
SOBOL4096_01367,3.6137620732188225,63.8186096213758,0.2396050771512091,246.91919246688485,43.483653045259416,37.61522136628628,Scrambled_Sobol
SOBOL4096_01368,34.44444313645363,99.60024724714458,0.07261396834626795,216.2706869095564,69.45578125771135,84.78244102094322,Scrambled_Sobol
SOBOL4096_01369,30.813797563314438,50.617722887545824,0.22114531693980097,226.67864963412285,27.654845975339413,97.95703003648669,Scrambled_Sobol
SOBOL4096_01370,2.24875520914793,85.96035144291818,0.10165277553722263,279.03665455058217,85.33384080976248,50.7883395627141,Scrambled_Sobol
SOBOL4096_01371,19.29499141871929,74.83064294792712,0.3256165932863951,221.11764035187662,97.14608013629913,15.300269690342247,Scrambled_Sobol
SOBOL4096_01372,27.52801600843668,88.29832058399916,0.20612476535141466,253.13412045128644,60.52933484315872,62.467670012265444,Scrambled_Sobol
SOBOL4096_01373,22.465132288634777,68.09372985735536,0.04273116720840335,264.3449990916997,49.40611491911113,81.23875310178846,Scrambled_Sobol
SOBOL4096_01374,10.717659741640091,95.23280425928533,0.30472443340346217,209.91641498170793,108.60129932872951,33.35978829301894,Scrambled_Sobol
SOBOL4096_01375,7.743773199617863,56.37854360975325,0.12271169431507588,267.83671664074063,75.20800403319299,21.627537640742958,Scrambled_Sobol
SOBOL4096_01376,39.19825278222561,80.39257172495127,0.3847027974575758,237.89081573486328,37.44860432110727,69.50525547377765,Scrambled_Sobol
SOBOL4096_01377,39.88524105399847,66.79505850188434,0.25983425399288534,214.44254035130143,101.75576992798597,62.92857583146542,Scrambled_Sobol
SOBOL4096_01378,8.136571943759918,96.63831209763885,0.045342431720346216,245.75640507042408,53.35159101057798,15.77293056063354,Scrambled_Sobol
SOBOL4096_01379,10.16250628978014,58.19564498960972,0.37023786619305615,233.36421829648316,44.12816796917468,51.62610349711031,Scrambled_Sobol
SOBOL4096_01380,21.61823071539402,78.66394785232842,0.155745307803154,286.42586856149137,71.4285731734708,98.7833556625992,Scrambled_Sobol
SOBOL4096_01381,28.388954401016235,52.04460429958999,0.0812359786592424,275.21365418098867,81.22234165202826,68.48752800840884,Scrambled_Sobol
SOBOL4096_01382,19.825119338929653,84.6219944767654,0.24822707613930106,244.5641186553985,34.002321059815586,20.598417166620493,Scrambled_Sobol
SOBOL4096_01383,1.8712139874696732,73.14170300960541,0.1671459424495697,256.95759288966656,64.80682033579797,32.7073902124539,Scrambled_Sobol
SOBOL4096_01384,30.103004463016987,90.09404708631337,0.3341392256319523,203.23161343112588,90.63253987114877,80.59815537184477,Scrambled_Sobol
SOBOL4096_01385,34.050499983131886,60.07514465600252,0.1971197560057044,238.17207904532552,48.81084503605962,90.80247685313225,Scrambled_Sobol
SOBOL4096_01386,2.9280707985162735,76.68603458441794,0.3166115726158023,270.18958911299706,106.67775245383382,42.91318534407765,Scrambled_Sobol
SOBOL4096_01387,16.19502153247595,65.55032073520124,0.1108430358953774,209.63453208096325,75.80322293564677,7.423872034996748,Scrambled_Sobol
SOBOL4096_01388,27.024467885494232,97.78616139665246,0.23033558862283826,261.9928803201765,39.37212048098445,55.314456527121365,Scrambled_Sobol
SOBOL4096_01389,22.98819251358509,71.1179992184043,0.399262161962688,250.77929533086717,28.250260250642896,82.26899084635079,Scrambled_Sobol
SOBOL4096_01390,13.798117525875568,92.02543036080897,0.13727107014507056,220.8330511022359,87.25722809322178,35.1131642004475,Scrambled_Sobol
SOBOL4096_01391,7.083969712257385,53.14055955968797,0.2899790902622044,281.3921421766281,96.55069657601416,23.379619857296348,Scrambled_Sobol
SOBOL4096_01392,35.942038260400295,83.42303680256009,0.02798581274226308,226.9625280983746,58.60599854029715,70.53669064771384,Scrambled_Sobol
SOBOL4096_01393,36.90119482576847,55.86751154623926,0.31833399523049594,260.8780135214329,68.06281661614776,40.24837625678629,Scrambled_Sobol
SOBOL4096_01394,6.169371195137501,82.27458270266652,0.19884216163307428,202.14296044781804,42.256562169641256,88.08113501407206,Scrambled_Sobol
SOBOL4096_01395,12.873116433620453,69.14140712469816,0.21386271888390182,276.9395624753088,56.55124122276902,75.97622494678944,Scrambled_Sobol
SOBOL4096_01396,23.936994932591915,92.42352456785738,0.09437017181888223,240.05047385580838,103.79332089796662,28.145073084160686,Scrambled_Sobol
SOBOL4096_01397,26.070191748440266,62.79359771870077,0.11524349842220545,228.7598987389356,93.99827853776515,44.31714164558798,Scrambled_Sobol
SOBOL4096_01398,17.114510014653206,98.96586472168565,0.37723460722714663,288.23687261901796,66.67842851020396,91.43962677568197,Scrambled_Sobol
SOBOL4096_01399,3.838416300714016,62.02049050480127,0.03526297131553292,213.44447629526258,30.8026681561023,55.578948450274765,Scrambled_Sobol
SOBOL4096_01400,33.08705151081085,76.31770842708647,0.297256243173033,249.59164410829544,79.18480825610459,8.458117637783289,Scrambled_Sobol
SOBOL4096_01401,31.64384514093399,73.51266667246819,0.06487725241109729,281.79694451391697,36.01423662621528,19.03353286907077,Scrambled_Sobol
SOBOL4096_01402,0.28582002967596054,88.15221493132412,0.2793690803460777,223.76449609175324,73.93946957308799,66.15583733189851,Scrambled_Sobol
SOBOL4096_01403,18.250112906098366,50.861482648178935,0.14521003998816012,256.02082191966474,109.86971140373498,77.89398789405823,Scrambled_Sobol
SOBOL4096_01404,29.94015473872423,87.37598462030292,0.3597025813907385,218.42878532595932,50.84068447817117,30.7729764143005,Scrambled_Sobol
SOBOL4096_01405,20.072504840791225,57.79494307935238,0.2440119251422584,207.13958081789315,61.96388508658856,12.001802017912269,Scrambled_Sobol
SOBOL4096_01406,11.743024587631226,80.6370918173343,0.07702082199975849,267.3195134010166,98.41443236451596,59.834379400126636,Scrambled_Sobol
SOBOL4096_01407,9.726219661533833,67.94686536304653,0.34735396347939973,235.0646466948092,84.06528703402728,95.31673056073487,Scrambled_Sobol
SOBOL4096_01408,38.348691537976265,93.91406318172812,0.18036069728434084,270.5091991275549,26.22041843365878,47.485397323034704,Scrambled_Sobol
SOBOL4096_01409,38.13369583338499,54.05553267337382,0.23707480749115348,240.54754217155278,82.30081331916153,71.30794160068035,Scrambled_Sobol
SOBOL4096_01410,9.901848882436752,84.36884935945272,0.07156663542613387,276.07981390319765,35.24552148766816,24.185480535961688,Scrambled_Sobol
SOBOL4096_01411,11.606153883039951,70.46510772779584,0.3411633934080601,201.6348602063954,62.89830015040934,35.82646926864982,Scrambled_Sobol
SOBOL4096_01412,20.170009061694145,91.40347368083894,0.17565593481063843,261.72673016786575,88.89134244062006,82.94732414651662,Scrambled_Sobol
SOBOL4096_01413,29.84234645962715,64.70476337708533,0.05997977441176772,250.51721945405006,100.34526431933045,54.58968271501362,Scrambled_Sobol
SOBOL4096_01414,18.38667970150709,96.97077590972185,0.2729886712692678,212.83746423199773,51.77637690678239,6.756899892352521,Scrambled_Sobol
SOBOL4096_01415,0.10988675057888031,60.79292157664895,0.13957761108875275,287.2783838864416,45.04057651385665,42.15376517735422,Scrambled_Sobol
SOBOL4096_01416,31.858536936342716,77.43388800881803,0.35258434489369395,229.3339974153787,72.17367922887206,89.98489297460765,Scrambled_Sobol
SOBOL4096_01417,32.91111711412668,72.3964842967689,0.12240655031055213,219.2774134594947,29.003115515224636,79.78053185623139,Scrambled_Sobol
SOBOL4096_01418,4.05310682952404,89.3797870259732,0.3829147167131305,255.51264389418066,88.17738584708422,31.947930408641696,Scrambled_Sobol
SOBOL4096_01419,17.016700617969036,52.85656829364598,0.04169107230380177,222.90484139695764,94.96765251737088,19.931484661065042,Scrambled_Sobol
SOBOL4096_01420,26.20675727725029,85.46482175588608,0.3021985252387822,282.29409597814083,57.187662976793945,67.76279383338988,Scrambled_Sobol
SOBOL4096_01421,23.80012296140194,58.8149911724031,0.3230863476917148,271.08321465551853,47.06191391218454,99.46172859985381,Scrambled_Sobol
SOBOL4096_01422,12.970619536936283,79.31339438073337,0.20507745649665593,234.1060640849173,104.76149857509881,52.3394482024014,Scrambled_Sobol
SOBOL4096_01423,5.954374223947525,65.85259553976357,0.21936161892488598,266.7125791218132,77.0542384358123,16.578751602210104,Scrambled_Sobol
SOBOL4096_01424,37.0768229290843,95.72604484856129,0.10135489078238608,208.06524467654526,40.45840722043067,63.69978714734316,Scrambled_Sobol
SOBOL4096_01425,36.15672878921032,68.5948331374675,0.39306749511510136,286.98344483040273,92.08322096150368,46.66788971051574,Scrambled_Sobol
SOBOL4096_01426,6.9080353155732155,94.53183524310589,0.13255931172519922,232.46611145325005,64.92805916350335,94.55702461767942,Scrambled_Sobol
SOBOL4096_01427,13.934683054685593,56.884154584258795,0.2830465733446181,245.2097748965025,31.887557203881443,59.16769303381443,Scrambled_Sobol
SOBOL4096_01428,22.89038311690092,79.69620297662914,0.022539126072078943,215.35159328952432,80.43697952758521,11.276951939798892,Scrambled_Sobol
SOBOL4096_01429,27.121970988810062,50.145648466423154,0.19148019526153803,204.0638935007155,68.9818185986951,31.451414292678237,Scrambled_Sobol
SOBOL4096_01430,16.058149561285973,86.62928715348244,0.3094891034439206,256.50996036827564,43.010815125890076,78.60703549813479,Scrambled_Sobol
SOBOL4096_01431,3.1036989018321037,74.35706807300448,0.10595292190089822,243.7648378033191,55.13434388209134,66.9619554746896,Scrambled_Sobol
SOBOL4096_01432,33.83550301194191,88.96565767936409,0.2239596443809569,275.6942859198898,102.2090805368498,19.804679243825376,Scrambled_Sobol
SOBOL4096_01433,30.278633683919907,61.20353126898408,0.0876569931022823,262.90202177129686,60.387393618002534,9.229224375449121,Scrambled_Sobol
SOBOL4096_01434,1.656218282878399,75.47067268751562,0.25316517082974316,209.0879796911031,97.00528391636908,56.38502695597708,Scrambled_Sobol
SOBOL4096_01435,19.922623559832573,63.54302489198744,0.17431640364229678,269.2913883924484,84.81170971877873,92.15271401684731,Scrambled_Sobol
SOBOL4096_01436,28.25208369642496,99.68512002378702,0.3398238452523947,238.72957216575742,27.131590144708753,44.99561916105449,Scrambled_Sobol
SOBOL4096_01437,21.754797510802746,70.08574130013585,0.26532901195809244,227.4432429857552,37.25867388769984,27.420262643136084,Scrambled_Sobol
SOBOL4096_01438,10.06469801068306,93.33692393265665,0.052320109438151116,280.59295520186424,75.01662461087108,75.30957821756601,Scrambled_Sobol
SOBOL4096_01439,8.351263739168644,55.247033247724175,0.37499477408826354,220.38534079678357,108.12715681269765,87.32138943392783,Scrambled_Sobol
SOBOL4096_01440,39.70930777490139,81.62326496094465,0.16198805727064608,251.6114868875593,48.933441657572985,39.430829007178545,Scrambled_Sobol
SOBOL4096_01441,39.33481838554144,71.78384768776596,0.037098851557821035,273.16574183292687,70.90514508541673,45.45068134088069,Scrambled_Sobol
SOBOL4096_01442,7.645963728427887,91.55034003779292,0.2976063101552427,243.3079035487026,43.606209135614336,92.61953124776483,Scrambled_Sobol
SOBOL4096_01443,10.932350344955921,53.8110077381134,0.11781432956457139,259.03779903426766,53.2109467824921,57.22863452974707,Scrambled_Sobol
SOBOL4096_01444,22.2891978174448,82.95245398767292,0.378322501629591,204.5214956253767,101.6136767109856,10.061393640935421,Scrambled_Sobol
SOBOL4096_01445,27.703644037246704,59.37728728167713,0.21495499601587653,215.81206806004047,90.15969435218722,38.41894518118352,Scrambled_Sobol
SOBOL4096_01446,19.079994522035122,77.19013011083007,0.09694826221093536,247.74048620834947,64.3328500771895,86.29811259917915,Scrambled_Sobol
SOBOL4096_01447,2.3462582379579544,64.85086418688297,0.31867972478270534,232.00638501904905,33.81109362933785,74.6513364976272,Scrambled_Sobol
SOBOL4096_01448,30.676925666630268,98.28875628300011,0.20067082792520521,284.4521085638553,81.03225922677666,26.773821273818612,Scrambled_Sobol
SOBOL4096_01449,34.541947431862354,51.929216645658016,0.3484462193772197,252.59855438955128,39.23131666146219,13.228189470246434,Scrambled_Sobol
SOBOL4096_01450,3.4768912941217422,84.92809371091425,0.18293876644223928,222.037768131122,75.66127411089838,61.10717551317066,Scrambled_Sobol
SOBOL4096_01451,15.52260484546423,73.03087092004716,0.24435763346031308,279.60513399913907,106.15450422279537,96.87352358363569,Scrambled_Sobol
SOBOL4096_01452,26.255615651607513,90.40479408577085,0.07884946705773473,225.79143524169922,48.28872154466808,48.995826984755695,Scrambled_Sobol
SOBOL4096_01453,23.73171515762806,66.87836814671755,0.14704594429582357,237.0806424319744,58.414611518383026,17.29698210954666,Scrambled_Sobol
SOBOL4096_01454,14.484267123043537,96.3611910585314,0.3600526724383235,268.30644519999623,96.36075854301453,64.46565134916455,Scrambled_Sobol
SOBOL4096_01455,6.5110403299331665,58.2775020506233,0.06744810761883854,210.73762021027505,86.78456243127584,76.47626442834735,Scrambled_Sobol
SOBOL4096_01456,35.46554442495108,78.38527569547296,0.2804569988138974,263.8863024581224,27.776125334203243,29.30884287226945,Scrambled_Sobol
SOBOL4096_01457,36.38136602938175,57.12867393158376,0.16684807185083628,229.5794130023569,103.64342796616256,70.27627798262984,Scrambled_Sobol
SOBOL4096_01458,5.550665445625782,81.1126017011702,0.33235551912337546,289.67231293208897,56.402817545458674,22.433530502021313,Scrambled_Sobol
SOBOL4096_01459,13.534241616725922,67.27609131485224,0.08018866131082178,212.59133785963058,41.74238278530538,34.072959762997925,Scrambled_Sobol
SOBOL4096_01460,24.657934568822384,94.384970003739,0.24569684470072387,248.12395291402936,67.54718824289739,81.91731626167893,Scrambled_Sobol
SOBOL4096_01461,25.334908850491047,74.21096316538751,0.36771194953471426,259.3361699767411,79.00249008089304,61.74276260193437,Scrambled_Sobol
SOBOL4096_01462,16.478104069828987,87.64768214896321,0.15470522705465553,201.39144018292427,30.61922524124384,14.633527407422662,Scrambled_Sobol
SOBOL4096_01463,4.441558085381985,51.56128238886595,0.25804618740454316,278.4711277950555,66.19667373597622,50.02869095187634,Scrambled_Sobol
SOBOL4096_01464,33.63037884235382,86.87304765917361,0.04503727922216058,240.79034260474145,93.51766876876354,97.1395783405751,Scrambled_Sobol
SOBOL4096_01465,32.26110130548477,62.90864311158657,0.28745319483801723,206.20127721689641,50.32634550239891,83.96504028700292,Scrambled_Sobol
SOBOL4096_01466,0.8066406473517418,98.66010886617005,0.02694575322791934,265.5908751208335,109.35422742273659,36.8556237174198,Scrambled_Sobol
SOBOL4096_01467,17.530012503266335,62.13088552467525,0.3974741166085005,235.969283208251,73.78975649829954,24.8378446418792,Scrambled_Sobol
SOBOL4096_01468,29.2774273827672,76.00740035995841,0.1369659388810396,272.20554361119866,35.86564829107374,71.94855065550655,Scrambled_Sobol
SOBOL4096_01469,20.709902606904507,55.78452572226524,0.11054514123126864,283.41912591829896,25.738504067994654,89.52399848029017,Scrambled_Sobol
SOBOL4096_01470,12.476857900619507,82.55137805826962,0.22855185804888606,224.77076150476933,83.58482165727764,41.6810703324154,Scrambled_Sobol
SOBOL4096_01471,9.181290157139301,69.05996981076896,0.19607241459190844,254.38831937499344,98.23229404632002,5.919169932603836,Scrambled_Sobol
SOBOL4096_01472,37.746388986706734,92.70177586004138,0.31408131711184983,217.4108254816383,61.78027751389891,53.763345764018595,Scrambled_Sobol
SOBOL4096_01473,38.059965409338474,65.31403651461005,0.20766688769683242,265.0615331251174,44.58648283034563,98.89896254055202,Scrambled_Sobol
SOBOL4096_01474,8.869928643107414,97.92190562002361,0.32715943476185205,206.3750548567623,70.39179492741823,51.0473372368142,Scrambled_Sobol
SOBOL4096_01475,12.166004292666912,59.84174502082169,0.09725811064243317,272.734928522259,100.80036051571369,15.656621539965272,Scrambled_Sobol
SOBOL4096_01476,21.024034470319748,76.82466320693493,0.2167499442398548,235.79554848372936,53.55733849108219,63.50949381943792,Scrambled_Sobol
SOBOL4096_01477,28.96911285817623,53.49278701469302,0.3862694891355932,224.59294445812702,63.68539276532829,79.97156979516149,Scrambled_Sobol
SOBOL4096_01478,17.846645452082157,83.36661490611732,0.1242762172780931,283.9444392360747,91.00430044345558,32.870850381441414,Scrambled_Sobol
SOBOL4096_01479,1.122598797082901,71.46738921292126,0.3003514613211155,217.58859961293638,81.51464342139661,21.224255301058292,Scrambled_Sobol
SOBOL4096_01480,31.95208352059126,91.9661708176136,0.03836035251617431,253.86296314187348,33.131560971960425,68.32626486662775,Scrambled_Sobol
SOBOL4096_01481,33.31718157976866,57.81270884908736,0.27038202058523897,288.79278709180653,76.25799147877842,54.780633063055575,Scrambled_Sobol
SOBOL4096_01482,4.753308147192001,78.75069621950388,0.05588947918266059,230.80926752649248,38.33370088133961,7.680094316601753,Scrambled_Sobol
SOBOL4096_01483,16.789179481565952,66.41534054651856,0.35665230887010696,249.00352166965604,47.857077294029295,43.44626136589795,Scrambled_Sobol
SOBOL4096_01484,25.021008178591728,96.7282788362354,0.14216048093512654,211.36152625083923,106.887046569027,90.54845159873366,Scrambled_Sobol
SOBOL4096_01485,24.96662810444832,73.34766150452197,0.06824104156345129,200.16030356287956,95.43091067578644,70.74508228804916,Scrambled_Sobol
SOBOL4096_01486,13.21799736469984,89.98901229351759,0.2352343077585101,260.21440299227834,58.981305747292936,22.89363835938275,Scrambled_Sobol
SOBOL4096_01487,5.234928950667381,52.24729599431157,0.1775205806083977,242.02143630944192,28.539015701971948,34.904070417396724,Scrambled_Sobol
SOBOL4096_01488,36.6906151548028,84.51369307003915,0.3445116837508977,277.592851864174,86.38482665177435,82.75712407194078,Scrambled_Sobol
SOBOL4096_01489,35.1540444791317,51.09814899042249,0.05416712734848261,221.50970823131502,55.6804787600413,28.724559182301164,Scrambled_Sobol
SOBOL4096_01490,6.824602596461773,87.23985976539552,0.2686596857383847,252.77362485416234,104.08562029246241,75.86133649107069,Scrambled_Sobol
SOBOL4096_01491,14.798489734530449,73.7464486155659,0.1586332402564585,226.31953805685043,68.43457987997681,87.50094677321613,Scrambled_Sobol
SOBOL4096_01492,23.42092338949442,88.01320549100637,0.3731250625289977,279.43010644987226,41.13513729069382,40.365416440181434,Scrambled_Sobol
SOBOL4096_01493,26.572224907577038,67.5942556001246,0.25726199556142093,268.1299209780991,31.00841326173395,8.295387215912342,Scrambled_Sobol
SOBOL4096_01494,15.214161425828934,93.97086589597166,0.09026871237903834,237.60723784565926,78.22939646895975,56.20626518968493,Scrambled_Sobol
SOBOL4096_01495,3.16792581230402,57.445170963183045,0.33723446005955343,264.06278376467526,92.96150298323482,91.60160975530744,Scrambled_Sobol
SOBOL4096_01496,34.85800586640835,80.6967319920659,0.1702433625794947,210.21098188124597,67.13674606289715,43.69202193338424,Scrambled_Sobol
SOBOL4096_01497,30.988652035593987,69.52472408302128,0.30762450365349653,242.42692395113409,108.9973072707653,30.517483879812062,Scrambled_Sobol
SOBOL4096_01498,2.0329320803284645,92.33639389276505,0.18813195092603563,274.3941318709403,51.12943723797798,78.4285425208509,Scrambled_Sobol
SOBOL4096_01499,18.766146153211594,56.24761013314128,0.22728528283536434,205.40251813828945,36.38954620808363,66.41058242414147,Scrambled_Sobol
SOBOL4096_01500,28.014819733798504,82.1842338424176,0.10779346622526646,257.80945191159844,72.81968604773283,18.50117526948452,Scrambled_Sobol
SOBOL4096_01501,21.97281513363123,61.81415137834847,0.12849130315706134,246.50788510218263,84.27457845769823,47.972098658792675,Scrambled_Sobol
SOBOL4096_01502,11.241029724478722,76.42312534153461,0.3904845806770027,216.68884731829166,25.266648000106215,95.1090573426336,Scrambled_Sobol
SOBOL4096_01503,7.955303601920605,62.59052520617843,0.025145730748772622,285.6846667546779,60.92546786181629,59.34697592165321,Scrambled_Sobol
SOBOL4096_01504,39.01914373040199,99.07454843632877,0.28713682256639006,231.12956284545362,98.86920328252017,12.211626963689923,Scrambled_Sobol
SOBOL4096_01505,39.39782936125994,60.378471948206425,0.36412050476297736,209.2616875935346,34.35861099977046,17.860385193489492,Scrambled_Sobol
SOBOL4096_01506,8.664799705147743,77.75201671756804,0.1496286711655557,262.3725993093103,82.90756721515208,65.75839933939278,Scrambled_Sobol
SOBOL4096_01507,10.378946922719479,64.28902461193502,0.27785021647810937,238.55590717867017,89.61125426460057,77.39920705091208,Scrambled_Sobol
SOBOL4096_01508,21.44398421049118,97.28752309456468,0.06335766941308975,269.8208537697792,62.4585446016863,29.49994876049459,Scrambled_Sobol
SOBOL4096_01509,28.568676188588142,70.83224188536406,0.18480317866429685,281.1181665956974,52.33043048065156,13.037782893516123,Scrambled_Sobol
SOBOL4096_01510,19.614192135632038,90.94040007330477,0.3517942874692381,227.2653347440064,99.40729502122849,60.184886902570724,Scrambled_Sobol
SOBOL4096_01511,1.3472408056259155,54.42090085707605,0.07552363961935044,251.0862325783819,71.78465887438506,95.58157116640359,Scrambled_Sobol
SOBOL4096_01512,30.594708882272243,83.90410812571645,0.2425169114768505,220.56320612318814,45.81351354252547,48.433174174278975,Scrambled_Sobol
SOBOL4096_01513,34.1472127661109,66.26847605220973,0.09285126265138388,233.69586405344307,87.65332026407123,38.22881305590272,Scrambled_Sobol
SOBOL4096_01514,2.790384590625763,95.4095377586782,0.21234309058636427,286.1038277950138,29.973342549055815,85.37573639769107,Scrambled_Sobol
SOBOL4096_01515,15.744289346039295,59.229108318686485,0.20326003970578313,214.12188360467553,57.546695340424776,73.35947167128325,Scrambled_Sobol
SOBOL4096_01516,27.433163300156593,78.9952163118869,0.3227525811083615,246.08943484723568,94.16245775297284,26.21089401189238,Scrambled_Sobol
SOBOL4096_01517,22.574021816253662,52.49105575494468,0.295759106092155,257.3881236463785,105.6187351886183,46.01435321383178,Scrambled_Sobol
SOBOL4096_01518,14.243336282670498,85.92932624742389,0.033768002949655054,202.83267641440034,46.42256789840758,93.91218598466367,Scrambled_Sobol
SOBOL4096_01519,7.217401340603828,72.02968522906303,0.38167713390663266,274.8160797264427,39.768169270828366,58.1516704056412,Scrambled_Sobol
SOBOL4096_01520,35.84103275090456,89.84290664084256,0.11968386771157384,244.99601197429,77.52658610232174,10.2522307401523,Scrambled_Sobol
SOBOL4096_01521,37.390420734882355,74.77145493030548,0.23187763947993517,255.68780555389822,65.74380168691278,88.22033330332488,Scrambled_Sobol
SOBOL4096_01522,5.642986558377743,88.64759136922657,0.11238581720739603,218.7494554836303,91.73439184203744,41.12994342111051,Scrambled_Sobol
SOBOL4096_01523,12.659792080521584,50.561420200392604,0.31221686029806733,282.1189772337675,79.45622405037284,5.740430816076696,Scrambled_Sobol
SOBOL4096_01524,24.114233441650867,86.3125073723495,0.1927243019081652,223.43284228816628,32.401398327201605,52.82957655377686,Scrambled_Sobol
SOBOL4096_01525,25.89842613786459,56.51705302298069,0.029552580155432225,234.6327399648726,42.528263898566365,84.89951447118074,Scrambled_Sobol
SOBOL4096_01526,17.333345413208008,80.15924361534417,0.29154367763549094,270.9067601710558,69.66150847263634,37.035022508352995,Scrambled_Sobol
SOBOL4096_01527,4.36905313283205,68.22940255515277,0.13289815256372095,207.53852588124573,102.85865069366992,25.389761463738978,Scrambled_Sobol
SOBOL4096_01528,32.6021159440279,94.9966392479837,0.3948914357461035,266.8889906909317,54.28763539530337,73.2529604434967,Scrambled_Sobol
SOBOL4096_01529,31.54532290995121,54.83121550641954,0.15135064078494906,277.30828440748155,97.43481532204896,62.67750557512045,Scrambled_Sobol
SOBOL4096_01530,0.421648807823658,81.93970965221524,0.36584245739504695,239.66663231141865,59.65695366729051,14.812832945026457,Scrambled_Sobol
SOBOL4096_01531,18.697743117809296,69.67159118503332,0.046884527876973156,260.4983025789261,26.535039809532464,50.580701027065516,Scrambled_Sobol
SOBOL4096_01532,29.528462551534176,93.65513459779322,0.26137708060443404,202.51581298187375,85.70916828233749,98.44371933955699,Scrambled_Sobol
SOBOL4096_01533,20.478724129498005,63.90850483439863,0.3297662627510727,213.71433468535542,74.25421602558345,68.97288725711405,Scrambled_Sobol
SOBOL4096_01534,11.289883330464363,99.22064850106835,0.16277517093345523,249.2847202718258,37.65791870187968,21.88231599982828,Scrambled_Sobol
SOBOL4096_01535,9.586138688027859,61.57039273530245,0.24979379825294018,228.45708404667675,49.86086319666356,33.89430823735893,Scrambled_Sobol
SOBOL4096_01536,38.44292342662811,75.00749030150473,0.08280052073299886,288.5108401533216,107.5628999946639,80.98327259998769,Scrambled_Sobol
SOBOL4096_01537,38.505380637943745,64.03635116294026,0.21601495122537015,278.04497574456036,96.59856719896197,52.73554295767099,Scrambled_Sobol
SOBOL4096_01538,9.569225385785103,99.39719191752374,0.09800750961527228,241.76580033265054,58.84078873321414,5.6493195705115795,Scrambled_Sobol
SOBOL4096_01539,11.273531280457973,61.68677122332156,0.3264127650856972,259.78375824168324,28.015227187424898,41.03877006564289,Scrambled_Sobol
SOBOL4096_01540,20.541692972183228,75.17266105860472,0.2084045873582363,200.43844863772392,87.20943884924054,88.12628254294395,Scrambled_Sobol
SOBOL4096_01541,29.47066105902195,54.754450265318155,0.039106852319091556,211.6383409500122,76.08722650445998,73.16144734155387,Scrambled_Sobol
SOBOL4096_01542,18.719301410019398,81.91192760132253,0.299613569136709,248.57154654338956,39.46950846351683,25.295325657352805,Scrambled_Sobol
SOBOL4096_01543,0.4425087571144104,69.60176401771605,0.12501101776957513,230.554876094684,48.713375674560666,36.9406491657719,Scrambled_Sobol
SOBOL4096_01544,31.48685123771429,93.63419506698847,0.3855199202895165,289.2461555171758,106.39399175532162,84.80801817961037,Scrambled_Sobol
SOBOL4096_01545,32.6175582036376,56.58385162241757,0.1429097829386592,253.61078185029328,64.59309209603816,98.35220606066287,Scrambled_Sobol
SOBOL4096_01546,4.307604432106018,80.17715439200401,0.35591723021119837,218.03456514142454,90.5635990621522,50.48626539763063,Scrambled_Sobol
SOBOL4096_01547,17.271199114620686,68.30919487401843,0.05662726448848844,284.2177992500365,81.2912004487589,14.718459425494075,Scrambled_Sobol
SOBOL4096_01548,25.913197472691536,95.02744856290519,0.26963544787839056,224.16987426578999,34.216291536577046,62.58600946050137,Scrambled_Sobol
SOBOL4096_01549,24.093683660030365,74.6581528801471,0.3437737059220672,235.3684013336897,44.010336133651435,80.88923882693052,Scrambled_Sobol
SOBOL4096_01550,12.716122530400753,88.4854968637228,0.17826698344200848,273.00421157851815,71.16500142496079,33.8031971687451,Scrambled_Sobol
SOBOL4096_01551,5.699877515435219,50.43049892410636,0.23448483588173985,206.8250115122646,102.01909943949431,21.791142467409372,Scrambled_Sobol
SOBOL4096_01552,37.3703833296895,86.13288919441402,0.06897592769935727,264.8133429605514,53.469504858367145,68.87883667368442,Scrambled_Sobol
SOBOL4096_01553,35.7850056886673,52.37621581181884,0.372378664650023,231.55293344520032,83.84376541245729,29.591462747193873,Scrambled_Sobol
SOBOL4096_01554,7.240697108209133,85.76571787707508,0.1593712117150426,285.41092050261796,26.143704508431256,77.49364197254181,Scrambled_Sobol
SOBOL4096_01555,14.267343953251839,71.90027800388634,0.26792478332296016,216.2426672130823,62.040516999550164,65.85277215112,Scrambled_Sobol
SOBOL4096_01556,22.51866091042757,89.66482616961002,0.054916616920381786,246.76053846254945,98.63619622308761,17.951882015913725,Scrambled_Sobol
SOBOL4096_01557,27.493694685399532,66.33373675867915,0.1709784348681569,258.0578566528857,109.7596526844427,48.52720723953098,Scrambled_Sobol
SOBOL4096_01558,15.725489556789398,95.425934670493,0.33648516301065684,204.9520894140005,50.584906111471355,95.67268294282258,Scrambled_Sobol
SOBOL4096_01559,2.7710385993123055,59.310414688661695,0.09101530278101563,274.1245484072715,36.269772755913436,60.27606114279479,Scrambled_Sobol
SOBOL4096_01560,34.207227006554604,79.02756333351135,0.25652419397607445,242.8544573392719,74.0496103046462,13.131832769140601,Scrambled_Sobol
SOBOL4096_01561,30.572230890393257,70.75396277941763,0.10853134213015438,209.93245056830347,30.858329627662897,26.304926900193095,Scrambled_Sobol
SOBOL4096_01562,1.4016823843121529,90.9110801294446,0.226538800727576,264.49372892268,79.42736903205514,73.45058362465352,Scrambled_Sobol
SOBOL4096_01563,19.668086767196655,54.352611396461725,0.18888152472674846,237.86334589123726,93.75547489151359,85.46691046096385,Scrambled_Sobol
SOBOL4096_01564,28.545681796967983,83.88468264602125,0.3068896967917681,267.67758252099156,66.62284841760993,38.32286310847849,Scrambled_Sobol
SOBOL4096_01565,21.461198516190052,60.504804411903024,0.2863874412886799,278.97626595571637,56.827474208548665,10.343744549900293,Scrambled_Sobol
SOBOL4096_01566,10.319233313202858,77.92702224105597,0.025880707483738663,226.5741440653801,103.88291803188622,58.246105504222214,Scrambled_Sobol
SOBOL4096_01567,8.605798743665218,64.40694080665708,0.3897468746453524,253.20598621852696,67.97313810326159,94.0065586194396,Scrambled_Sobol
SOBOL4096_01568,39.41570907831192,97.45420790277421,0.1292379777878523,221.23259312473238,41.98057205416262,46.105850213207304,Scrambled_Sobol
SOBOL4096_01569,39.042441584169865,61.833635717630386,0.06409564157947897,244.54805088229477,105.16694156918675,40.2738967910409,Scrambled_Sobol
SOBOL4096_01570,7.899279221892357,76.49140213616192,0.27710381930693984,275.0648921635002,47.32045172248036,87.40650618914515,Scrambled_Sobol
SOBOL4096_01571,11.185666136443615,62.619951693341136,0.15037816002964974,203.2592442072928,40.862554484046996,75.76696934178472,Scrambled_Sobol
SOBOL4096_01572,21.996820718050003,99.15267182514071,0.36338560163974765,257.1168879419565,77.31407450977713,28.633068022318184,Scrambled_Sobol
SOBOL4096_01573,27.99602262675762,69.35800425708294,0.24176761513575912,245.81669710576534,88.43634733464569,43.59799453057349,Scrambled_Sobol
SOBOL4096_01574,18.8266796246171,92.21856188960373,0.07625871261581779,214.54694936051965,29.40829315688461,91.5105036413297,Scrambled_Sobol
SOBOL4096_01575,2.092944234609604,56.07242654077709,0.35105648517608645,286.35405643843114,57.447925261221826,56.11508528701961,Scrambled_Sobol
SOBOL4096_01576,30.969303362071514,82.05803325399756,0.185549768358469,233.2493191678077,95.37153696175665,8.20133167784661,Scrambled_Sobol
SOBOL4096_01577,34.91244953125715,67.7724679466337,0.32200609829276805,220.8168036211282,52.20101077109575,18.407148043625057,Scrambled_Sobol
SOBOL4096_01578,3.1454505026340485,94.10009505227208,0.20399791490286587,250.6306969281286,100.58477211743593,66.31947613321245,Scrambled_Sobol
SOBOL4096_01579,15.19116435199976,57.6088635250926,0.21160828443244098,226.99064435437322,72.59961135685444,78.33736279513687,Scrambled_Sobol
SOBOL4096_01580,26.626117452979088,80.81153691746294,0.09360083715990186,281.55089274048805,45.27878858149052,30.42342816479504,Scrambled_Sobol
SOBOL4096_01581,23.361212462186813,51.065646251663566,0.12041884373873472,270.24933129549026,35.48460307531059,12.120107491500676,Scrambled_Sobol
SOBOL4096_01582,14.815706126391888,87.15865993872285,0.38092775192111733,238.2769681699574,82.72571000270545,59.25253516063094,Scrambled_Sobol
SOBOL4096_01583,6.842480227351189,73.73003903776407,0.034514678288251166,261.92122644744813,89.12913083098829,95.01469037029892,Scrambled_Sobol
SOBOL4096_01584,35.09504083544016,87.94800364412367,0.29502140076830985,209.51944787986577,63.32449763081968,47.880607321858406,Scrambled_Sobol
SOBOL4096_01585,36.67370453476906,73.31667263060808,0.19347370017319918,288.0778994318098,75.44255420565605,63.60352175310254,Scrambled_Sobol
SOBOL4096_01586,5.29738824814558,89.90935035981238,0.31148186657577753,228.73224650509655,37.49688342213631,15.747727123089135,Scrambled_Sobol
SOBOL4096_01587,13.280964121222496,52.2293487098068,0.11312351757660509,249.74055632948875,49.35807805508375,51.13851625472307,Scrambled_Sobol
SOBOL4096_01588,24.950273372232914,84.4469771720469,0.23113097051158546,213.46035094931722,108.36666714400053,98.9930189633742,Scrambled_Sobol
SOBOL4096_01589,25.042568556964397,57.992435060441494,0.39415354285389187,202.2577522881329,97.2430697735399,68.41778363101184,Scrambled_Sobol
SOBOL4096_01590,16.73138067126274,78.88146326877177,0.13364465165883302,260.9500616788864,60.81358856521547,21.31869676988572,Scrambled_Sobol
SOBOL4096_01591,4.694833792746067,66.57749540172517,0.29079410949721934,239.9457858968526,27.370674265548587,32.965218061581254,Scrambled_Sobol
SOBOL4096_01592,33.33803944289684,96.84156971052289,0.030287381354719402,276.87933481298387,85.23660893552005,80.0630604242906,Scrambled_Sobol
SOBOL4096_01593,31.89063750207424,53.32760508172214,0.2606420026533306,267.1606984641403,43.414959856309,90.63997054006904,Scrambled_Sobol
SOBOL4096_01594,1.1380431428551674,83.25029676780105,0.04763383058831096,207.11174351163208,69.24165213946253,43.54070265777409,Scrambled_Sobol
SOBOL4096_01595,17.861414700746536,71.29069156944752,0.36509588398039344,270.65756149590015,102.61452606413513,7.774462173692882,Scrambled_Sobol
SOBOL4096_01596,28.906963877379894,91.83843252249062,0.15208842538297176,235.0810014642775,55.39288422558457,54.8721235152334,Scrambled_Sobol
SOBOL4096_01597,21.080367006361485,65.33505874685943,0.08354692427441478,223.8797734118998,65.18831891473383,82.85115218255669,Scrambled_Sobol
SOBOL4096_01598,12.145457193255424,97.99169627949595,0.24905582113191485,281.8684481829405,92.48710287269205,34.9951758235693,Scrambled_Sobol
SOBOL4096_01599,8.849888555705547,59.86965745687485,0.16351005636155605,218.32391765899956,80.69594354834408,22.98481755424291,Scrambled_Sobol
SOBOL4096_01600,38.11685428023338,76.90124888904393,0.32901679016649726,255.96075787208974,32.29273737873882,70.83913853392005,Scrambled_Sobol
SOBOL4096_01601,37.80546899884939,55.75445559807122,0.17491815021261573,208.34283185191453,46.84876284562051,81.82326001580805,Scrambled_Sobol
SOBOL4096_01602,9.163488745689392,82.47232474386692,0.34190996682271363,266.2824064400047,105.85652104578912,33.981780568137765,Scrambled_Sobol
SOBOL4096_01603,12.459565289318562,69.04131984338164,0.07081733271479607,233.84987020865083,77.95148531906307,22.34242509584874,Scrambled_Sobol
SOBOL4096_01604,20.769537165760994,92.63423825614154,0.23780988544225692,271.5358106046915,40.0072533916682,70.18224987201393,Scrambled_Sobol
SOBOL4096_01605,29.223611056804657,63.082896964624524,0.35333381747826936,282.7480223029852,30.21155208349228,97.04808788839728,Scrambled_Sobol
SOBOL4096_01606,17.553085945546627,98.78566563129425,0.13884272566065192,222.64997789636254,88.0792498588562,49.93432309478521,Scrambled_Sobol
SOBOL4096_01607,0.8290395885705948,62.29834435507655,0.27372664839029315,255.08122666738927,94.40196808427572,14.539086115546525,Scrambled_Sobol
SOBOL4096_01608,32.20658142119646,76.12606692127883,0.0592333708703518,219.55375608988106,57.97133173793554,61.65124366059899,Scrambled_Sobol
SOBOL4096_01609,33.64980388432741,74.0465790964663,0.3029451942071319,228.91002600081265,99.81117693241686,71.85706002637744,Scrambled_Sobol
SOBOL4096_01610,4.381622150540352,87.5320905353874,0.040953371934592725,287.5525592919439,52.590690231882036,24.74347696173936,Scrambled_Sobol
SOBOL4096_01611,16.417494378983974,51.38395228423178,0.3836497104354203,213.28252853825688,46.21869371738285,36.76118224859238,Scrambled_Sobol
SOBOL4096_01612,25.35362958908081,86.74441445618868,0.12165715204551816,250.2658535540104,72.04362289514393,83.87352152261883,Scrambled_Sobol
SOBOL4096_01613,24.634005203843117,57.14429663494229,0.1006200895830989,261.4794412255287,83.16740075591952,53.66928934119642,Scrambled_Sobol
SOBOL4096_01614,13.589681573212147,81.17711222730577,0.22011118706315755,202.08400147035718,34.76275573018938,5.827990914694965,Scrambled_Sobol
SOBOL4096_01615,5.606613457202911,67.30919019319117,0.20433095740154386,276.3499981816858,62.71708494517952,41.58996474929154,Scrambled_Sobol
SOBOL4096_01616,36.357991956174374,94.46705188602209,0.32382424058392645,240.11957962997258,90.01669979188591,89.42997054662555,Scrambled_Sobol
SOBOL4096_01617,35.40857918560505,66.89552874304354,0.021789551563560963,251.8632390256971,38.063096343539655,10.15288497786969,Scrambled_Sobol
SOBOL4096_01618,6.531004197895527,96.427215449512,0.2837813794985414,219.93997608311474,74.51317751314491,57.32300150208175,Scrambled_Sobol
SOBOL4096_01619,14.504890441894531,58.30908687785268,0.13182143652811645,280.3183077275753,107.96678443904966,92.7139720087871,Scrambled_Sobol
SOBOL4096_01620,23.67545899003744,78.4658198710531,0.39381397793069484,227.86742897704244,50.12112548109144,45.54220081306994,Scrambled_Sobol
SOBOL4096_01621,26.317688412964344,51.76637046970427,0.22469734970480204,239.15800677612424,59.91549147758633,26.867876988835633,Scrambled_Sobol
SOBOL4096_01622,15.507759228348732,84.81401596218348,0.10520624656230211,269.0209895372391,97.8402583161369,74.74251622334123,Scrambled_Sobol
SOBOL4096_01623,3.4615233168005943,72.85202676430345,0.310238485429436,208.63845218904316,85.96900435630232,86.38921889010817,Scrambled_Sobol
SOBOL4096_01624,34.60346966981888,90.27462317608297,0.19074521923437715,263.14961112104356,26.939187073148787,38.51297240704298,Scrambled_Sobol
SOBOL4096_01625,30.655991435050964,59.55305499956012,0.34055874837562444,275.24138956330717,70.08640515618026,49.089882522821426,Scrambled_Sobol
SOBOL4096_01626,2.404656372964382,77.31722476892173,0.17356691477820277,244.02141791768372,42.7673454862088,96.964703486301,Scrambled_Sobol
SOBOL4096_01627,19.13786955177784,65.01678531058133,0.2539115680009127,256.9403476268053,54.713832875713706,61.19828162714839,Scrambled_Sobol
SOBOL4096_01628,27.682160027325153,98.40590879321098,0.08691902093589306,203.7858342565596,103.09643908403814,13.322216873057187,Scrambled_Sobol
SOBOL4096_01629,22.3054763302207,71.75529142841697,0.16124146757647395,215.07503608241677,91.97389964014292,29.40033403225243,Scrambled_Sobol
SOBOL4096_01630,10.869307219982147,91.47282461635768,0.37573257638141516,245.6416641920805,66.16843555122614,76.57063157763332,Scrambled_Sobol
SOBOL4096_01631,7.583580799400806,53.79082006402314,0.051585036441683774,232.7212753612548,32.63961039483547,64.56009193323553,Scrambled_Sobol
SOBOL4096_01632,39.35180522501469,82.88340233266354,0.26607830829918383,286.5291322674602,79.88215617835522,17.388501758687198,Scrambled_Sobol
SOBOL4096_01633,39.729268960654736,69.9686714913696,0.37905730849131947,263.615538822487,59.23986635636538,11.18545494042337,Scrambled_Sobol
SOBOL4096_01634,8.29429641366005,93.17096630111337,0.11706475576385857,211.1636301036924,95.83633593749255,59.073320399038494,Scrambled_Sobol
SOBOL4096_01635,10.008443929255009,55.12006897479296,0.298352792263031,268.55572970584035,86.644680458121,94.4625895190984,Scrambled_Sobol
SOBOL4096_01636,21.775423511862755,81.44731768406928,0.03636097565293312,236.63212344050407,28.943140166811645,46.576375900767744,Scrambled_Sobol
SOBOL4096_01637,28.237235993146896,61.27257174812257,0.19992415329441426,225.34441828727722,38.73890132177621,19.71062919124961,Scrambled_Sobol
SOBOL4096_01638,19.98469363898039,75.49092071130872,0.31941743081435564,279.8559205420315,76.51693523395807,66.87078141141683,Scrambled_Sobol
SOBOL4096_01639,1.7177432030439377,63.620386086404324,0.09621328547596932,222.4623618181795,107.2909487457946,78.51592354476452,Scrambled_Sobol
SOBOL4096_01640,30.263267792761326,99.71378431655467,0.2157043772935867,252.32637454755604,48.11731677968055,31.35738140437752,Scrambled_Sobol
SOBOL4096_01641,33.89389846473932,50.065212324261665,0.07809997748583555,284.88565010018647,91.24379050917923,44.901569285430014,Scrambled_Sobol
SOBOL4096_01642,3.082762584090233,86.5975480992347,0.24509253587573765,231.73079340718687,64.11004942841828,92.06153977662325,Scrambled_Sobol
SOBOL4096_01643,16.03666763752699,74.29110403172672,0.1822007949836552,247.2857659496367,33.369750240817666,56.2939151795581,Scrambled_Sobol
SOBOL4096_01644,27.179848700761795,88.9484859071672,0.3491926172561944,216.06476433575153,81.94059328176081,9.135191310197115,Scrambled_Sobol
SOBOL4096_01645,22.82733790576458,68.724824488163,0.2811948003992438,204.77844052016735,70.81667387858033,39.33933218475431,Scrambled_Sobol
SOBOL4096_01646,13.950958885252476,94.71080978401005,0.06670151721686125,258.5873273946345,44.82558721676469,87.22701662220061,Scrambled_Sobol
SOBOL4096_01647,6.925024837255478,56.99819582514465,0.3608019694872201,243.0281491484493,53.9835131727159,75.21514329593629,Scrambled_Sobol
SOBOL4096_01648,36.094347946345806,79.85913185402751,0.14631087200716136,273.59512058086693,101.03816663846374,27.3287486564368,Scrambled_Sobol
SOBOL4096_01649,37.059019431471825,58.94346865825355,0.24644341740757225,217.15765713714063,25.50483980216086,83.04137472994626,Scrambled_Sobol
SOBOL4096_01650,6.013451553881168,79.49083102867007,0.07945087600499391,254.8432542104274,84.70053085125983,35.91764280106872,Scrambled_Sobol
SOBOL4096_01651,13.030256778001785,65.96817448735237,0.33309059778228406,225.04673935472965,99.10869081504643,24.276591604575515,Scrambled_Sobol
SOBOL4096_01652,23.78283243626356,95.89048777706921,0.16609876984730362,282.9852839745581,61.350121991708875,71.40197537373751,Scrambled_Sobol
SOBOL4096_01653,26.229828037321568,72.31453428976238,0.044302393086254596,271.77577862516046,51.555614452809095,90.07638908922672,Scrambled_Sobol
SOBOL4096_01654,16.962882205843925,89.346510078758,0.25879565928131343,236.24933801591396,109.23511592671275,42.2481386968866,Scrambled_Sobol
SOBOL4096_01655,3.9985890313982964,52.79214195907116,0.15395882422104476,266.0418188292533,73.24456246569753,6.851335521787405,Scrambled_Sobol
SOBOL4096_01656,32.93351873755455,85.44916403479874,0.3684499273635447,205.94411774538457,36.628648061305285,54.68119599390775,Scrambled_Sobol
SOBOL4096_01657,31.798598915338516,64.77226596325636,0.13622823921963573,241.23907617293298,78.4892528085038,67.85429012496024,Scrambled_Sobol
SOBOL4096_01658,0.12930911034345627,96.98951006866992,0.39822078628465535,278.22137122042477,31.41254025977105,20.025858003646135,Scrambled_Sobol
SOBOL4096_01659,18.40540312230587,60.871796822175384,0.026196354255080222,200.96512988209724,67.39530413877219,32.04236621502787,Scrambled_Sobol
SOBOL4096_01660,29.781738854944706,77.46409000828862,0.2881881878525019,259.6073198504746,93.36692571174353,79.87204495817423,Scrambled_Sobol
SOBOL4096_01661,20.225446335971355,53.93692497164011,0.3148308859579265,248.39643316343427,104.4895250024274,63.79383790772408,Scrambled_Sobol
SOBOL4096_01662,11.582222431898117,84.20137786306441,0.19533761410042644,212.16635793447495,55.940720778889954,16.669924957677722,Scrambled_Sobol
SOBOL4096_01663,9.878476895391941,70.33965750597417,0.22928975023329257,289.4213118124753,41.54033519793302,52.430559447966516,Scrambled_Sobol
SOBOL4096_01664,38.189646527171135,91.22906411066651,0.10979864142835141,230.0269020255655,68.69352110195905,99.55576219595969,Scrambled_Sobol
SOBOL4096_01665,38.28715082257986,57.61977066285908,0.30840839928016067,283.91635784879327,39.826404470950365,28.053599619306624,Scrambled_Sobol
SOBOL4096_01666,9.74160611629486,80.51087856292725,0.19040094634518026,224.43422876298428,77.77176113799214,75.88182877749205,Scrambled_Sobol
SOBOL4096_01667,11.757851727306843,67.78015671297908,0.2221207159757614,253.8792669493705,105.3733172826469,87.98672203440219,Scrambled_Sobol
SOBOL4096_01668,20.010450556874275,93.7962185125798,0.10411254957318307,217.73725434206426,46.36441407725215,40.156840328127146,Scrambled_Sobol
SOBOL4096_01669,29.996430575847626,73.54210582561791,0.13073495348915457,206.44667386077344,57.82031406648457,8.36404440458864,Scrambled_Sobol
SOBOL4096_01670,18.229469917714596,88.23032714426517,0.3912416816316545,265.1765824574977,94.24948115833104,55.48779756762087,Scrambled_Sobol
SOBOL4096_01671,0.26587583124637604,50.880979653447866,0.021438019424676897,235.73574997484684,87.56621547974646,91.34849305730313,Scrambled_Sobol
SOBOL4096_01672,31.700790710747242,87.44425023905933,0.28194691061973576,272.6299830712378,29.69996669329703,44.22313052229583,Scrambled_Sobol
SOBOL4096_01673,33.07008434087038,62.77717696502805,0.05049857746809721,260.1868231780827,71.56056352425367,30.678903004154563,Scrambled_Sobol
SOBOL4096_01674,3.9007795602083206,98.90067554078996,0.26350603606551887,200.00105947256088,45.7341853575781,77.80283718835562,Scrambled_Sobol
SOBOL4096_01675,17.177572809159756,61.987976590171456,0.1608899595029652,277.6089491415769,52.40967665333301,66.06470343656838,Scrambled_Sobol
SOBOL4096_01676,26.053893566131592,76.23652126640081,0.37389813156798485,242.17022783122957,99.63163260836154,18.93952192272991,Scrambled_Sobol
SOBOL4096_01677,23.958460465073586,56.0311914421618,0.25208146061748266,230.88102868758142,89.50380980502814,47.39392368122935,Scrambled_Sobol
SOBOL4096_01678,12.815259881317616,82.38939880393445,0.08657472681254148,288.9076352585107,62.205339963547885,95.22233456838876,Scrambled_Sobol
SOBOL4096_01679,6.110954582691193,69.31960680522025,0.33798209341242913,211.3012047111988,34.61157340090722,59.73996624350548,Scrambled_Sobol
SOBOL4096_01680,36.922147534787655,92.5527649000287,0.17247319655492901,248.89908315613866,83.01509368699044,11.910266266204417,Scrambled_Sobol
SOBOL4096_01681,35.99653847515583,71.2801652494818,0.27403032157570123,237.45890498161316,49.649749216623604,98.87742836493999,Scrambled_Sobol
SOBOL4096_01682,7.061590440571308,92.13870856910944,0.06102287996560335,268.11359571292996,107.49653291422874,51.71725491061807,Scrambled_Sobol
SOBOL4096_01683,13.7750244140625,53.320296946913004,0.35437534073367716,210.36984778009355,74.32050109375268,15.864065163768828,Scrambled_Sobol
SOBOL4096_01684,23.04202850908041,83.55379118584096,0.1413671630062163,264.0906720329076,37.86927491892129,63.022586070001125,Scrambled_Sobol
SOBOL4096_01685,26.964851804077625,60.057210037484765,0.07334905195981264,252.87846301682293,26.414634245447814,80.68962972145528,Scrambled_Sobol
SOBOL4096_01686,16.212295666337013,76.61930751055479,0.23885576877743006,221.56974277459085,85.44298227410764,32.80178549699485,Scrambled_Sobol
SOBOL4096_01687,2.945890687406063,65.51934452727437,0.1767004227079451,279.3147781677544,97.70075909327716,20.692829615436494,Scrambled_Sobol
SOBOL4096_01688,33.99140149354935,97.70648828707635,0.34220932522788644,226.24798342585564,59.77744124364108,68.57906446792185,Scrambled_Sobol
SOBOL4096_01689,30.126397013664246,52.07250555977225,0.2068626525811851,216.53999142348766,102.90390705689788,55.40593069978058,Scrambled_Sobol
SOBOL4096_01690,1.8152474984526634,84.69859282486141,0.3248700998537243,246.4920667745173,54.51985185965896,7.518267496488988,Scrambled_Sobol
SOBOL4096_01691,19.76969785988331,73.16271406598389,0.10240233801305294,231.288570901379,42.29580456390977,43.00759761594236,Scrambled_Sobol
SOBOL4096_01692,28.412865288555622,90.16385041177273,0.22041052140295506,285.7123538572341,69.61633348837495,90.89401348959655,Scrambled_Sobol
SOBOL4096_01693,21.59949030727148,66.61834819242358,0.38395340485498314,274.4987635035068,79.74280134774745,70.63076317310333,Scrambled_Sobol
SOBOL4096_01694,10.223135650157928,96.51058497838676,0.12344668237492443,242.48709528706968,32.501400569453835,23.470771447755396,Scrambled_Sobol
SOBOL4096_01695,8.196488209068775,58.03045039065182,0.3039867386966944,257.6946252025664,65.64371806569397,35.2042986266315,Scrambled_Sobol
SOBOL4096_01696,39.865835681557655,78.54764088988304,0.04347783051431179,205.33043511211872,91.44805741496384,82.36300126183778,Scrambled_Sobol
SOBOL4096_01697,39.17587082833052,68.0239153560251,0.15648329129442573,227.41430865600705,28.47289624158293,88.75140791758895,Scrambled_Sobol
SOBOL4096_01698,7.798271328210831,95.21185355260968,0.3694914576970041,281.1341029405594,86.17331179324538,40.87679274845868,Scrambled_Sobol
SOBOL4096_01699,10.771497823297977,56.30179103463888,0.04609190925955772,220.40412296541035,95.64250691328198,5.021997168660164,Scrambled_Sobol
SOBOL4096_01700,22.442041859030724,80.36477849818766,0.2590993621945381,251.05847037397325,59.047182337380946,52.89826771710068,Scrambled_Sobol
SOBOL4096_01701,27.545288056135178,50.73411255143583,0.3333899179659784,262.2679784055799,47.59130229707807,84.69097233377397,Scrambled_Sobol
SOBOL4096_01702,19.23537265509367,86.12550953403115,0.16788102677091957,209.20152698643506,106.76640351768583,37.52083174418658,Scrambled_Sobol
SOBOL4096_01703,2.1896594017744064,74.95850045233965,0.24748928517103194,269.9355410039425,76.3788774004206,25.410219775512815,Scrambled_Sobol
SOBOL4096_01704,30.831619538366795,88.47485133446753,0.08198255702853204,238.62785072997212,38.59939449932426,72.58196690585464,Scrambled_Sobol
SOBOL4096_01705,34.388473965227604,61.35282963514328,0.22958909448236225,202.9811487533152,81.74661986529827,62.37620150204748,Scrambled_Sobol
SOBOL4096_01706,3.637152537703514,75.21074791438878,0.11158092241734267,257.40458838641644,33.177225813269615,15.20587989129126,Scrambled_Sobol
SOBOL4096_01707,15.370888523757458,63.7052949052304,0.31587677778676154,244.83713534660637,63.639970161020756,50.693921628408134,Scrambled_Sobol
SOBOL4096_01708,26.415192633867264,99.4381639175117,0.19786931918933987,274.7881807293743,90.772241987288,97.86548773758113,Scrambled_Sobol
SOBOL4096_01709,23.57765071094036,69.85633559525013,0.02872080009430647,285.9990647342056,100.89996441267431,69.4111772859469,Scrambled_Sobol
SOBOL4096_01710,14.641457237303257,93.48011729307473,0.28922969695180656,233.63590461201966,53.84416594170034,21.536380387842655,Scrambled_Sobol
SOBOL4096_01711,6.355070918798447,55.006185127422214,0.13801773415878416,246.20464511215687,44.2997373919934,33.26865952927619,Scrambled_Sobol
SOBOL4096_01712,35.623270981013775,81.75501292571425,0.39852446796372537,214.19332021847367,70.29194879345596,81.14474834874272,Scrambled_Sobol
SOBOL4096_01713,36.53362117707729,54.638273222371936,0.09511955875903369,270.93428634107113,61.17040541023016,18.113128170371056,Scrambled_Sobol
SOBOL4096_01714,5.391617752611637,83.699896838516,0.21312773648649452,234.79193041101098,98.9278494939208,65.22691702935845,Scrambled_Sobol
SOBOL4096_01715,13.687185794115067,71.03640548884869,0.19957987332716584,266.87298997305334,84.21617448329926,77.33019879087806,Scrambled_Sobol
SOBOL4096_01716,24.497134499251842,90.7230753917247,0.3175873149372638,207.38983091898263,25.021628439426422,30.218065311200917,Scrambled_Sobol
SOBOL4096_01717,25.490196384489536,64.10294505767524,0.29651836160570383,218.67753339000046,36.47616873495281,12.550931768491864,Scrambled_Sobol
SOBOL4096_01718,16.319686099886894,97.46196819469333,0.0360094590857625,255.57279645465314,73.09355239383876,60.39238715078682,Scrambled_Sobol
SOBOL4096_01719,4.596313945949078,60.204074531793594,0.37648502776399256,223.4931960143149,108.72352293692529,96.25143221579492,Scrambled_Sobol
SOBOL4096_01720,33.47387060523033,77.938048588112,0.11597831094637513,282.22344793379307,51.042572474107146,48.411583374254405,Scrambled_Sobol
SOBOL4096_01721,32.421271950006485,72.23460022360086,0.35896751476451755,249.31276947259903,92.882424951531,37.83472422044724,Scrambled_Sobol
SOBOL4096_01722,0.653105191886425,89.6263571921736,0.14595933137461542,213.87301819399,66.91225236747414,85.67599858157337,Scrambled_Sobol
SOBOL4096_01723,17.68965147435665,52.70765288732946,0.2786224956065417,288.4946972783655,31.232988336123526,73.93657078500837,Scrambled_Sobol
SOBOL4096_01724,29.125801660120487,85.72436356917024,0.0656150483340025,228.30859025008976,78.30823163036257,26.096540922299027,Scrambled_Sobol
SOBOL4096_01725,20.867040269076824,59.055462293326855,0.18110708950087429,239.59491674788296,68.18178371991962,46.35988113004714,Scrambled_Sobol
SOBOL4096_01726,12.322693318128586,79.18202341534197,0.3466159976832569,277.1931385155767,41.027452810667455,93.47348826006055,Scrambled_Sobol
SOBOL4096_01727,9.339116849005222,66.08162126503885,0.07775571875274181,202.57566513493657,55.78840611036867,57.989877560175955,Scrambled_Sobol
SOBOL4096_01728,37.590472027659416,95.58323146775365,0.24326244123280047,260.6033016741276,104.33833507355303,10.87756235152483,Scrambled_Sobol
SOBOL4096_01729,37.90216255933046,74.54271847382188,0.08843864640221,212.9962013848126,87.0193415414542,47.20222606789321,Scrambled_Sobol
SOBOL4096_01730,9.025821760296822,88.79164173267782,0.2554304743371904,250.5453222990036,27.82400513999164,94.30133699439466,Scrambled_Sobol
SOBOL4096_01731,12.008890472352505,50.31971209682524,0.1691483260691166,229.18536414392292,58.36681372486055,58.44672278966755,Scrambled_Sobol
SOBOL4096_01732,21.17817521095276,86.44358906894922,0.33614086747169497,287.2621015366167,96.12573719583452,11.348904492333531,Scrambled_Sobol
SOBOL4096_01733,28.80945958197117,56.66721137240529,0.2675732738338411,275.96478602848947,106.25188302248716,31.241060351021588,Scrambled_Sobol
SOBOL4096_01734,17.998285479843616,79.8999851103872,0.05308217069134116,240.47594462521374,48.57273619621992,79.09683091565967,Scrambled_Sobol
SOBOL4096_01735,0.9624138474464417,68.39100331999362,0.37129220426082615,261.83169707655907,38.947544246912,66.9864003220573,Scrambled_Sobol
SOBOL4096_01736,32.10563328117132,94.74882613867521,0.15679893806576728,201.69468017295003,75.56381329894066,19.131873548030853,Scrambled_Sobol
SOBOL4096_01737,33.16241141408682,55.420345487073064,0.38939534392207864,234.26528671756387,33.742162003181875,8.92610814422369,Scrambled_Sobol
SOBOL4096_01738,4.909830689430237,81.43679164350033,0.12740351032465697,271.11077301204205,80.81851990427822,56.78206043783575,Scrambled_Sobol
SOBOL4096_01739,16.633877642452717,70.27216693386436,0.28530095966532826,207.9164316970855,90.37367654498667,92.26992079988122,Scrambled_Sobol
SOBOL4096_01740,25.179440453648567,93.16365937702358,0.023308412600308658,266.6964603867382,64.40170032437891,44.41557575482875,Scrambled_Sobol
SOBOL4096_01741,24.813707768917084,63.338443683460355,0.18630489241331816,255.39777426980436,52.947386116720736,27.861814061179757,Scrambled_Sobol
SOBOL4096_01742,13.378773592412472,99.90133568644524,0.30579600121825934,219.20563084073365,101.49583569262177,74.96110600885004,Scrambled_Sobol
SOBOL4096_01743,5.08269764482975,60.987363290041685,0.10670125739648939,282.3985130339861,71.02306748274714,86.69320377521217,Scrambled_Sobol
SOBOL4096_01744,36.849639005959034,75.67520621232688,0.22619452925398945,222.96514147892594,43.86952693108469,39.59556649904698,Scrambled_Sobol
SOBOL4096_01745,35.31003773212433,60.61980007216334,0.12605256367474793,256.5263070911169,98.15557157155126,71.56394632067531,Scrambled_Sobol
SOBOL4096_01746,6.666852198541164,77.62131500057876,0.38804438028484584,204.2122478224337,61.55876760836691,23.651461275294423,Scrambled_Sobol
SOBOL4096_01747,14.952578023076057,64.51738406904042,0.03941054815426469,275.6664191093296,25.960256843827665,35.75492441188544,Scrambled_Sobol
SOBOL4096_01748,23.26370943337679,97.14384973049164,0.30140310088172556,243.60599336214364,83.66146275307983,83.66870208643377,Scrambled_Sobol
SOBOL4096_01749,26.723926924169064,70.6710240803659,0.3281950149312616,232.40609836764634,73.53396641556174,54.10101978573948,Scrambled_Sobol
SOBOL4096_01750,15.05459874868393,91.18783022277057,0.2087039231136441,286.87862812541425,35.75559812132269,6.968386322259903,Scrambled_Sobol
SOBOL4096_01751,3.321384973824024,54.27112844772637,0.21854664782062172,215.42316937819123,50.436477051116526,42.82761276233941,Scrambled_Sobol
SOBOL4096_01752,34.69775892794132,84.16298069059849,0.0990533703006804,245.32512463629246,109.60977463517338,89.96149001643062,Scrambled_Sobol
SOBOL4096_01753,31.14523656666279,65.66751734353602,0.23626710696145892,280.60875207185745,66.43924622796476,79.38463086262345,Scrambled_Sobol
SOBOL4096_01754,1.8782525137066841,95.90139593929052,0.06927528468891979,227.5920774228871,93.5733216907829,32.25217912811786,Scrambled_Sobol
SOBOL4096_01755,18.924487829208374,58.63959239795804,0.34630542375147344,251.58377832733095,78.9469191711396,20.512569956481457,Scrambled_Sobol
SOBOL4096_01756,27.859455905854702,79.49852026067674,0.17931286536157132,220.22631128318608,30.376410512253642,67.64662893954664,Scrambled_Sobol
SOBOL4096_01757,22.133691497147083,53.07446517981589,0.05766878632828594,209.0277868974954,41.83198846876621,99.81051790528,Scrambled_Sobol
SOBOL4096_01758,11.08816184103489,85.26123035699129,0.2721598838083446,262.7973686810583,67.82340951263905,51.89821388106793,Scrambled_Sobol
SOBOL4096_01759,8.114275000989437,72.60012337937951,0.143213454708457,238.80163373425603,103.36744893342257,16.414421806111932,Scrambled_Sobol
SOBOL4096_01760,38.86681228876114,89.16184245608747,0.3577067378908396,269.40619364380836,56.31312984973192,64.32838050182909,Scrambled_Sobol
SOBOL4096_01761,39.552581049501896,51.34548358619213,0.2925836030207575,247.72452840581536,76.83232765179127,69.60350626148283,Scrambled_Sobol
SOBOL4096_01762,8.508295640349388,87.07873714156449,0.030591061618179084,215.6630726903677,40.38193236570805,22.45800932403654,Scrambled_Sobol
SOBOL4096_01763,10.534230284392834,74.00522599928081,0.3966779872775078,284.4798493105918,47.1381465299055,34.56272120587528,Scrambled_Sobol
SOBOL4096_01764,21.285570412874222,87.86352863535285,0.1346861593425274,232.16544671915472,104.98349137138575,81.70692834537476,Scrambled_Sobol
SOBOL4096_01765,28.721616193652153,67.46364906430244,0.11416940798982979,243.36804269813,94.8573648603633,61.81468117982149,Scrambled_Sobol
SOBOL4096_01766,19.45339623838663,94.21209846623242,0.2336626741848886,273.27034127898514,56.93228390533477,13.912523188628256,Scrambled_Sobol
SOBOL4096_01767,1.4994917809963226,57.30159315280616,0.19377304300665854,204.44953061640263,29.25841257441789,49.77303730323911,Scrambled_Sobol
SOBOL4096_01768,30.435665361583233,80.92499626800418,0.3132641461491585,258.92309034243226,88.28791574109346,97.67394867260009,Scrambled_Sobol
SOBOL4096_01769,34.305035285651684,68.85653301142156,0.16455592554062604,268.29000191763043,45.09663791395724,84.12972115445882,Scrambled_Sobol
SOBOL4096_01770,2.6344718039035797,92.9198988713324,0.3315484726056457,236.93219155073166,72.41601170040667,36.2273814342916,Scrambled_Sobol
SOBOL4096_01771,15.901422835886478,55.56645039469004,0.08384624587371946,263.9142229128629,100.10285046882927,24.489429057575762,Scrambled_Sobol
SOBOL4096_01772,27.279002889990807,82.7547671739012,0.2508380794711411,210.8965182956308,51.72055837698281,72.39015869796276,Scrambled_Sobol
SOBOL4096_01773,22.733656615018845,62.30610511265695,0.3668854015693069,222.09774903021753,63.17477157339454,88.94401169847697,Scrambled_Sobol
SOBOL4096_01774,14.091714732348919,75.82207145169377,0.15239212971180677,252.70333890803158,88.98054977878928,41.798333739861846,Scrambled_Sobol
SOBOL4096_01775,7.377567812800407,63.09392433613539,0.26316647114232183,225.7200200855732,82.21136311069131,6.31614679004997,Scrambled_Sobol
SOBOL4096_01776,35.68750146776438,98.48493696190417,0.04867536233738065,279.48994519189,34.96913144364953,53.46017290838063,Scrambled_Sobol
SOBOL4096_01777,37.23381653428078,65.05487319082022,0.350712227858603,201.23222827911377,108.17544762976468,45.4273350071162,Scrambled_Sobol
SOBOL4096_01778,5.797685794532299,98.07196841575205,0.18371967513114212,259.3086223490536,49.16798328049481,93.29343545716256,Scrambled_Sobol
SOBOL4096_01779,12.501430734992027,59.594027465209365,0.2406739110685885,240.93901610933244,37.02405088581145,57.440064335241914,Scrambled_Sobol
SOBOL4096_01780,24.269616939127445,76.98616879060864,0.07368209445849061,278.48710705526173,74.96857666410506,9.572674087248743,Scrambled_Sobol
SOBOL4096_01781,25.737568251788616,53.63674182444811,0.14780585665255785,289.7873005736619,85.09597199037671,39.14026649668813,Scrambled_Sobol
SOBOL4096_01782,17.48619481921196,83.13797363080084,0.3622991341724992,229.6513136383146,27.22856806591153,86.22651111800224,Scrambled_Sobol
SOBOL4096_01783,4.210100211203098,71.59837572835386,0.06226118827238679,248.01946075633168,60.29017282649875,74.11737386137247,Scrambled_Sobol
SOBOL4096_01784,32.754428908228874,91.7245582677424,0.27675228009000424,212.53096267580986,96.72110302373767,27.02988261822611,Scrambled_Sobol
SOBOL4096_01785,31.38934813439846,58.493491588160396,0.03194239614531398,224.61209945380688,54.92020621430129,13.856748850084841,Scrambled_Sobol
SOBOL4096_01786,0.5793807283043861,78.18053988739848,0.2939349545352161,283.39109817519784,102.14039906393737,60.942811742424965,Scrambled_Sobol
SOBOL4096_01787,18.543673306703568,67.08315163850784,0.11858441166579724,217.55934073589742,69.05025783460587,96.43232323694974,Scrambled_Sobol
SOBOL4096_01788,29.685658030211926,96.14515383727849,0.3805762339383364,254.4044837076217,43.22503480594605,49.3446502648294,Scrambled_Sobol
SOBOL4096_01789,20.327002443373203,72.84464831463993,0.21126400304958223,265.70604247041047,31.76947616506368,17.18085119035095,Scrambled_Sobol
SOBOL4096_01790,11.449465677142143,90.57823782786727,0.09177071986719966,206.27301423810422,80.17382733989507,65.04677061922848,Scrambled_Sobol
SOBOL4096_01791,9.432659856975079,51.75572521984577,0.32091237016022206,272.1005659736693,92.3462911369279,76.78047917317599,Scrambled_Sobol
SOBOL4096_01792,38.603190034627914,85.11436400003731,0.20142127268016338,235.9094525128603,65.04638243932277,28.91290790401399,Scrambled_Sobol
SOBOL4096_01793,38.72760836035013,51.62634630687535,0.03177363203838468,258.7192831095308,29.88011763896793,60.78279354143888,Scrambled_Sobol
SOBOL4096_01794,9.459456130862236,85.0402519106865,0.2922825402207673,204.29069329984486,87.74654881563038,13.646015878766775,Scrambled_Sobol
SOBOL4096_01795,11.49592112749815,72.72339789196849,0.13512727838009594,273.46245408058167,94.06922904308885,49.50645974371582,Scrambled_Sobol
SOBOL4096_01796,20.43206676840782,90.51235276274383,0.39563400086015466,243.51655887439847,57.63992009218782,96.64198972284794,Scrambled_Sobol
SOBOL4096_01797,29.55618940293789,67.15838429518044,0.23261872174218295,232.3029282875359,46.51611214969307,64.8835315508768,Scrambled_Sobol
SOBOL4096_01798,18.51185653358698,96.2749857455492,0.11461053835228086,284.66093823313713,105.52519774530083,16.97265393100679,Scrambled_Sobol
SOBOL4096_01799,0.5281992256641388,58.55901902541518,0.3129630946740508,215.49338315613568,77.62012402061373,29.077255218289793,Scrambled_Sobol
SOBOL4096_01800,31.279549412429333,78.3005743753165,0.19495564740151167,247.5098582264036,39.674625494517386,76.98684339411557,Scrambled_Sobol
SOBOL4096_01801,32.727651707828045,71.52977185323834,0.33050526052713397,279.63800623081625,82.83478061668575,93.13018240965903,Scrambled_Sobol
SOBOL4096_01802,4.085662811994553,91.6136575397104,0.16499635800719262,225.91237512417138,34.43140218965709,45.219123414717615,Scrambled_Sobol
SOBOL4096_01803,17.38114956766367,53.55238006450236,0.25053631877526644,252.54354052245617,62.38575420342386,9.737035734578967,Scrambled_Sobol
SOBOL4096_01804,25.69109372794628,83.01121648401022,0.085029601957649,221.8950299359858,89.6840416546911,57.646442535333335,Scrambled_Sobol
SOBOL4096_01805,24.301414638757706,59.706096444278955,0.15357540652155877,210.68277532234788,99.47977241128683,86.06650654226542,Scrambled_Sobol
SOBOL4096_01806,12.630918435752392,77.05508260987699,0.36658358424901966,263.7433899194002,52.25795831531286,38.92954821232706,Scrambled_Sobol
SOBOL4096_01807,5.907465443015099,65.18122502602637,0.04911573817953467,237.11368364281952,45.8859845995903,27.191677410155535,Scrambled_Sobol
SOBOL4096_01808,37.28501711040735,98.15525729209185,0.26212317978963257,268.4272107388824,71.71218037605286,74.3270267220214,Scrambled_Sobol
SOBOL4096_01809,35.73379561305046,63.21152173914015,0.18406713597476482,212.38251087255776,59.58415820263326,36.43847113940865,Scrambled_Sobol
SOBOL4096_01810,7.482488267123699,98.54794088751078,0.3495760328322649,247.82741232775152,97.5076179113239,84.29009608924389,Scrambled_Sobol
SOBOL4096_01811,14.216296002268791,62.438366655260324,0.07477245626971125,229.81004366651177,85.63636648468673,72.18086027074605,Scrambled_Sobol
SOBOL4096_01812,22.760595120489597,75.8998320903629,0.24027919007465243,289.9910005182028,26.6078360658139,24.327987637370825,Scrambled_Sobol
SOBOL4096_01813,27.2276596352458,55.504519352689385,0.3619043792039156,278.70192743837833,37.730384692549706,42.006174265407026,Scrambled_Sobol
SOBOL4096_01814,15.79148069024086,82.63757508248091,0.14889620713889598,241.1088558472693,74.18175272643566,89.10689403302968,Scrambled_Sobol
SOBOL4096_01815,2.505165673792362,68.7784624285996,0.2756160737387836,259.1275119688362,107.63536218553782,53.25344062875956,Scrambled_Sobol
SOBOL4096_01816,34.273361191153526,92.78646907769144,0.06260861514136196,201.09472525306046,49.78839609771967,6.151431417092681,Scrambled_Sobol
SOBOL4096_01817,30.33076398074627,57.38274147734046,0.29354089746251705,236.11219306476414,91.64117833133787,22.665864182636142,Scrambled_Sobol
SOBOL4096_01818,1.4531785622239113,81.04929397813976,0.0330320062674582,272.2603858169168,65.83702137228101,69.76640257518739,Scrambled_Sobol
SOBOL4096_01819,19.426476806402206,67.53471088595688,0.3794392758980394,206.0805089958012,32.30817848350853,81.50018208660185,Scrambled_Sobol
SOBOL4096_01820,28.597015850245953,94.32621710002422,0.11893254775553942,265.5578312277794,79.54943740274757,34.397991499863565,Scrambled_Sobol
SOBOL4096_01821,21.395493485033512,73.88214422389865,0.0921189352311194,254.2673821747303,69.75506159011275,14.123598206788301,Scrambled_Sobol
SOBOL4096_01822,10.585592612624168,87.7827379386872,0.21012710163369774,217.37795593217015,42.43471505586058,61.97504248935729,Scrambled_Sobol
SOBOL4096_01823,8.539950661361217,51.230911957100034,0.20251093942672013,283.56186679564416,54.38118471298367,97.46466387063265,Scrambled_Sobol
SOBOL4096_01824,39.68190625309944,87.00655475258827,0.32051839236170054,224.82577805407345,102.76509805116802,49.61161056999117,Scrambled_Sobol
SOBOL4096_01825,38.81547350436449,72.47964120469987,0.2550357207842171,201.5139292087406,38.406172255054116,32.45857696980238,Scrambled_Sobol
SOBOL4096_01826,8.00432838499546,89.0967165119946,0.08952899830415845,261.6938560921699,76.1855132970959,79.54896720591933,Scrambled_Sobol
SOBOL4096_01827,10.95886018127203,52.94432546943426,0.3350046625360847,240.69027684628963,106.95952427573502,67.43844265118241,Scrambled_Sobol
SOBOL4096_01828,22.102012932300568,85.18635467626154,0.16949575435370207,276.1348349787295,47.784605445340276,20.349297267384827,Scrambled_Sobol
SOBOL4096_01829,27.905753925442696,58.70588659308851,0.053429632950574166,287.4212875403464,58.90851503238082,52.107846746221185,Scrambled_Sobol
SOBOL4096_01830,19.029404409229755,79.61931237950921,0.2664370802231133,229.38884414732456,95.50369774922729,99.97233835514635,Scrambled_Sobol
SOBOL4096_01831,2.002837657928467,65.7419877126813,0.15788930129259823,250.3964574355632,86.31203973665833,64.11763655953109,Scrambled_Sobol
SOBOL4096_01832,31.17217119783163,96.0304627660662,0.3708974846825004,212.8044158127159,28.611806575208902,16.254437225870788,Scrambled_Sobol
SOBOL4096_01833,34.80768647044897,54.18752431869507,0.12775172427296638,223.13563651405275,70.4853331623599,23.861102457158267,Scrambled_Sobol
SOBOL4096_01834,3.3727428317070007,84.03699030168355,0.38825844109058383,282.612615423277,44.492939370684326,71.72577544115484,Scrambled_Sobol
SOBOL4096_01835,15.086258240044117,70.60165512375534,0.0243980779312551,219.06875997781754,53.65088305901736,83.4579494735226,Scrambled_Sobol
SOBOL4096_01836,26.85324765741825,91.07616720721126,0.28490698045119645,255.2159227617085,100.7068233890459,35.594931514933705,Scrambled_Sobol
SOBOL4096_01837,23.158811926841736,64.64449502527714,0.30540194272994997,266.50375666096807,90.91107141692191,7.17477620113641,Scrambled_Sobol
SOBOL4096_01838,14.906260930001736,97.22790685482323,0.18739450111985206,207.76869788765907,63.77861720044166,54.265347104519606,Scrambled_Sobol
SOBOL4096_01839,6.63993664085865,60.73110545985401,0.2250575697980821,271.3138407934457,33.03833574522287,89.75331275258213,Scrambled_Sobol
SOBOL4096_01840,35.18543351441622,77.6894680224359,0.10704939207062125,234.42475787363946,81.60787165630609,42.6643480360508,Scrambled_Sobol
SOBOL4096_01841,36.7201754450798,61.12039010040462,0.38700042642652993,245.1549254823476,51.222986872307956,56.61735603585839,Scrambled_Sobol
SOBOL4096_01842,5.050875805318356,75.75372895225883,0.12649369262158872,215.2086869534105,108.90375494491309,8.719342243857682,Scrambled_Sobol
SOBOL4096_01843,13.32759715616703,63.455283269286156,0.3011020479910076,287.01649056747556,72.91323948185891,44.5784917101264,Scrambled_Sobol
SOBOL4096_01844,24.70390398055315,99.96357304044068,0.04059315113350749,232.5868707895279,36.29599768202752,92.47775035444647,Scrambled_Sobol
SOBOL4096_01845,25.30386444181204,70.19486012868583,0.2098864921182394,243.79771456122398,25.173427839763463,74.79965361766517,Scrambled_Sobol
SOBOL4096_01846,16.66066825389862,93.0309901945293,0.3278939507156611,275.8152195997536,84.36779149342328,27.652549254707992,Scrambled_Sobol
SOBOL4096_01847,4.956291802227497,55.35765513777733,0.09949448792263867,204.00887510739267,98.77598945517093,39.755907813087106,Scrambled_Sobol
SOBOL4096_01848,33.26747007668018,81.31883149035275,0.21750265998765825,256.3672283757478,61.01868723053485,86.90430445130914,Scrambled_Sobol
SOBOL4096_01849,32.13743604719639,68.46282575279474,0.07045856291428208,269.58793786354363,104.158082799986,94.13987593259662,Scrambled_Sobol
SOBOL4096_01850,1.0918964818120003,94.86370855011046,0.235965291056782,238.93839730881155,55.60801197774708,46.99295294471085,Scrambled_Sobol
SOBOL4096_01851,18.108070194721222,56.7475916352123,0.17975324261933565,262.5833306647837,41.20760359801352,11.509254123084247,Scrambled_Sobol
SOBOL4096_01852,28.860655091702938,80.0235235132277,0.3452621338143945,208.85735623538494,68.3621168974787,58.65783213637769,Scrambled_Sobol
SOBOL4096_01853,21.151403672993183,50.20590256899595,0.27111667314544324,220.06681866943836,78.15659435465932,78.93213553819805,Scrambled_Sobol
SOBOL4096_01854,11.884447410702705,86.37217194773257,0.0581092202104628,251.38068908825517,31.08120920136571,31.034302413463593,Scrambled_Sobol
SOBOL4096_01855,8.920782171189785,74.41887012682855,0.35740497861057524,227.73996143601835,67.06395028159022,19.29478154052049,Scrambled_Sobol
SOBOL4096_01856,37.855682373046875,88.71009321883321,0.14439681220799686,280.8016060013324,93.03430525586009,67.19422085210681,Scrambled_Sobol
SOBOL4096_01857,37.539132945239544,66.2051566876471,0.3699324238486588,238.41317518614233,75.75450234580785,85.88565816637129,Scrambled_Sobol
SOBOL4096_01858,9.22917053103447,95.6636147107929,0.1554391406662762,269.7658353764564,39.13809143472463,37.996523613110185,Scrambled_Sobol
SOBOL4096_01859,12.193391360342503,59.17034172452986,0.2602817797288299,209.3826212733984,48.38194597978145,25.885818037204444,Scrambled_Sobol
SOBOL4096_01860,20.835362002253532,79.25384882837534,0.04579068224877119,262.4054760672152,106.0612751962617,73.77655948512256,Scrambled_Sobol
SOBOL4096_01861,29.172099977731705,52.62610139325261,0.1675797657854855,251.20699191465974,96.26722141634673,93.67985973600298,Scrambled_Sobol
SOBOL4096_01862,17.79456775635481,85.60051820240915,0.3345723241753876,220.59625186026096,58.508156086318195,46.52423817664385,Scrambled_Sobol
SOBOL4096_01863,0.7776906341314316,72.16318012215197,0.08093839507550002,280.9752602595836,27.68258187454194,10.669355359859765,Scrambled_Sobol
SOBOL4096_01864,32.4482062831521,89.51255064457655,0.24793021734803913,227.2104853298515,86.8781006662175,57.82663123682141,Scrambled_Sobol
SOBOL4096_01865,33.583797849714756,60.266314866021276,0.11127891823649406,214.3305344041437,43.67900000885129,65.43329646810889,Scrambled_Sobol
SOBOL4096_01866,4.647672101855278,78.05488519370556,0.2307721957564354,246.38615329749882,70.83235817030072,18.27749424148351,Scrambled_Sobol
SOBOL4096_01867,16.351345293223858,64.18147077783942,0.19682586362585425,233.46506625413895,101.68646378442645,30.009849295020103,Scrambled_Sobol
SOBOL4096_01868,25.619517415761948,97.59499202482402,0.3163169554434717,285.7853056676686,53.138156067579985,77.1669445047155,Scrambled_Sobol
SOBOL4096_01869,24.392237290740013,70.91844831593335,0.2896699538826943,274.58545627072453,64.26037822850049,60.602038418874145,Scrambled_Sobol
SOBOL4096_01870,13.640868403017521,90.66038206219673,0.027677401155233382,244.67732086777687,90.23217205889523,12.712722490541637,Scrambled_Sobol
SOBOL4096_01871,5.364702492952347,54.50560702010989,0.39970762586221104,257.59694878943264,80.95978104509413,48.20086915977299,Scrambled_Sobol
SOBOL4096_01872,36.40901666134596,83.62258705310524,0.1377158092521131,203.12922588549554,33.883565003052354,96.0914292326197,Scrambled_Sobol
SOBOL4096_01873,35.49380771815777,54.89451913163066,0.21421826250851153,282.08592881448567,109.42702969536185,15.044437232427299,Scrambled_Sobol
SOBOL4096_01874,6.323248781263828,81.68564694933593,0.09472499065101148,223.31208026967943,50.253549721091986,62.16689865104854,Scrambled_Sobol
SOBOL4096_01875,14.59028109908104,69.73034222610295,0.31793493999168276,255.7426522858441,35.9384442307055,98.02586709614843,Scrambled_Sobol
SOBOL4096_01876,23.467846624553204,93.39651614427567,0.19844383118674158,218.8923591375351,73.71695438399911,50.905012572184205,Scrambled_Sobol
SOBOL4096_01877,26.53961632400751,63.77344494685531,0.03487345091998577,207.59354695677757,83.51235867477953,21.37166660744697,Scrambled_Sobol
SOBOL4096_01878,15.397679433226585,99.5494722854346,0.2968659979850054,267.03172536566854,25.810970375314355,69.20444907620549,Scrambled_Sobol
SOBOL4096_01879,3.6836133524775505,61.436883779242635,0.11558375416323544,234.59986588917673,61.707810731604695,81.30762661341578,Scrambled_Sobol
SOBOL4096_01880,34.49353292584419,75.33786185085773,0.3775755877606571,270.785829173401,98.30475655384362,33.47649846225977,Scrambled_Sobol
SOBOL4096_01881,30.863422602415085,74.88362775184214,0.14482262814417482,260.81699636764824,56.49603691417724,40.71206994354725,Scrambled_Sobol
SOBOL4096_01882,2.319141738116741,88.34470864385366,0.35931589433923367,202.74643911980093,103.55021413881332,88.54467174503952,Scrambled_Sobol
SOBOL4096_01883,19.3451576679945,50.6689895875752,0.06522124607115984,277.01173761859536,67.64040127862245,53.06115394458175,Scrambled_Sobol
SOBOL4096_01884,27.596483267843723,86.00502437911928,0.2797123492136598,239.45780985057354,41.64916262496263,5.229845126159489,Scrambled_Sobol
SOBOL4096_01885,22.415270023047924,56.43086084164679,0.34770577201619746,228.1603629142046,30.52567671518773,37.35939775593579,Scrambled_Sobol
SOBOL4096_01886,10.647055059671402,80.4392458871007,0.18071323061361907,288.30218667164445,79.09604351501912,84.48167779948562,Scrambled_Sobol
SOBOL4096_01887,7.69323144108057,68.14471045508981,0.24361076418310404,214.03285413049161,93.42411644291133,72.74233794771135,Scrambled_Sobol
SOBOL4096_01888,39.12939094007015,95.27814476750791,0.07661893624812365,249.5155153889209,66.2902233703062,25.621302048675716,Scrambled_Sobol
SOBOL4096_01889,39.9902543053031,58.144572004675865,0.18926493959501384,272.4382135923952,88.10490734875202,7.3549875523895025,Scrambled_Sobol
SOBOL4096_01890,8.223284184932709,78.61869973130524,0.30875603707507254,235.58689047582448,29.075586572289467,55.19773467909545,Scrambled_Sobol
SOBOL4096_01891,10.269591398537159,66.7426488827914,0.10371799420565367,265.38004636764526,57.11519081145525,91.05835956521332,Scrambled_Sobol
SOBOL4096_01892,21.704554334282875,96.59173032268882,0.22321127738803626,206.60585450008512,95.04012990742922,43.214002712629735,Scrambled_Sobol
SOBOL4096_01893,28.283396363258362,73.09053465723991,0.39233220906928185,217.9072871990502,104.83428596518934,23.31079376861453,Scrambled_Sobol
SOBOL4096_01894,19.737881384789944,90.04927580244839,0.13034038679674267,254.09359380602837,46.989123513922095,70.42002931702882,Scrambled_Sobol
SOBOL4096_01895,1.7640656977891922,51.99171784333885,0.2822945370897651,224.29640387184918,40.5311984103173,82.52481162548065,Scrambled_Sobol
SOBOL4096_01896,30.016598589718342,84.57550806924701,0.020301978699862958,283.73561224900186,76.98145183734596,35.41392459068447,Scrambled_Sobol
SOBOL4096_01897,33.96462459117174,65.59710218571126,0.2645958089828491,249.05853821896017,35.151977711357176,51.557263606227934,Scrambled_Sobol
SOBOL4096_01898,2.8214529901742935,97.83875280991197,0.05010471716523171,211.50426712818444,82.39435123745352,98.66667982190847,Scrambled_Sobol
SOBOL4096_01899,16.107250712811947,60.120210982859135,0.37424645310267807,288.75991754233837,88.79780499730259,63.184411120601,Scrambled_Sobol
SOBOL4096_01900,26.918376982212067,76.7369078937918,0.15975317558273672,230.68833032622933,62.991844401694834,16.07370475307107,Scrambled_Sobol
SOBOL4096_01901,23.073825910687447,53.186864173039794,0.08543802216649056,241.9883924163878,51.869601658545434,32.63851953204721,Scrambled_Sobol
SOBOL4096_01902,13.904512412846088,83.47572358325124,0.2524298387765884,277.4720836430788,100.25203560944647,80.48144803382456,Scrambled_Sobol
SOBOL4096_01903,7.171369791030884,71.16297017782927,0.17207939287647603,200.21514576859772,72.26690778043121,68.7433962104842,Scrambled_Sobol
SOBOL4096_01904,36.04773934930563,92.07678050734103,0.33907194560393694,260.3573128487915,44.947351603768766,20.899220732972026,Scrambled_Sobol
SOBOL4096_01905,36.968441382050514,69.19285263866186,0.06072161756455899,226.08891007490456,96.91173127386719,78.01066515035927,Scrambled_Sobol
SOBOL4096_01906,6.215875335037708,92.46840015985072,0.27521272636950017,279.11142154596746,60.48094293568283,30.84181488957256,Scrambled_Sobol
SOBOL4096_01907,12.939840853214264,55.920293694362044,0.14032299963757397,221.71853790059686,27.038041302002966,18.732760092243552,Scrambled_Sobol
SOBOL4096_01908,23.985399268567562,82.3207919485867,0.35481627149507405,253.0701681226492,84.90526283625513,65.90000062715262,Scrambled_Sobol
SOBOL4096_01909,26.00255060940981,62.07126844674349,0.23929673351347447,264.27143909037113,75.10983796324581,95.43343648314476,Scrambled_Sobol
SOBOL4096_01910,17.067630365490913,76.36287012137473,0.07230489991605282,210.50769412890077,37.165454044006765,47.55426941905171,Scrambled_Sobol
SOBOL4096_01911,3.771473728120327,62.84609376452863,0.3433917413465679,267.89911865256727,49.026661342941225,11.700997035950422,Scrambled_Sobol
SOBOL4096_01912,33.038409948349,99.01274153962731,0.17639919428154827,237.2887219209224,108.03394330199808,59.57851261366159,Scrambled_Sobol
SOBOL4096_01913,31.595889031887054,50.81509160809219,0.32531035820022225,205.52328367717564,64.85559206455946,76.09294537920505,Scrambled_Sobol
SOBOL4096_01914,0.21956291049718857,87.32300279662013,0.20581925505772233,257.84249312244356,92.1556831523776,28.213958982378244,Scrambled_Sobol
SOBOL4096_01915,18.202550187706947,73.46799075603485,0.22159368071705102,242.28401141241193,80.36451622843742,39.947557472623885,Scrambled_Sobol
SOBOL4096_01916,29.87183053046465,88.10095121152699,0.10210041452199221,274.33928698301315,31.960023194551468,87.8252537176013,Scrambled_Sobol
SOBOL4096_01917,20.12037392705679,67.90018822066486,0.12314467960968614,285.5419285595417,43.08361138217151,55.6956111965701,Scrambled_Sobol
SOBOL4096_01918,11.809213757514954,93.86174893006682,0.38513650754466655,231.0745489783585,68.90901680104434,8.526942310854793,Scrambled_Sobol
SOBOL4096_01919,9.773261435329914,57.74959959089756,0.04243437636643648,246.62882498465478,102.28188312612474,44.01638267096132,Scrambled_Sobol
SOBOL4096_01920,38.41647572815418,80.58611419983208,0.30442691776901487,216.72171954996884,55.061548417434096,91.1838045809418,Scrambled_Sobol
SOBOL4096_01921,38.24084650725126,70.42042138054967,0.1174588085897267,252.13360644876957,106.58453894313425,20.185871073044837,Scrambled_Sobol
SOBOL4096_01922,9.988257139921188,91.35222039185464,0.3779677054472268,222.3145636357367,48.90406472142786,68.06501690298319,Scrambled_Sobol
SOBOL4096_01923,11.711709536612034,54.009128222242,0.03749792944639921,280.05892395041883,39.27890063729137,79.71024167258292,Scrambled_Sobol
SOBOL4096_01924,20.257244631648064,84.31588094681501,0.2980046632513404,225.50382507033646,75.8964362880215,31.832704860717058,Scrambled_Sobol
SOBOL4096_01925,29.735263735055923,60.747567657381296,0.31906922252848746,236.802639933303,87.35078121069819,16.833169511519372,Scrambled_Sobol
SOBOL4096_01926,18.300358466804028,77.38292082212865,0.20106105046346784,268.7698535528034,28.15671140793711,64.00204100646079,Scrambled_Sobol
SOBOL4096_01927,0.00487111508846283,64.65807282365859,0.21461471762508152,211.02678069844842,58.69954785797745,99.39140904229134,Scrambled_Sobol
SOBOL4096_01928,31.771822310984135,96.91847506910563,0.0966072590276599,263.43370877206326,96.45714393351227,52.224189741536975,Scrambled_Sobol
SOBOL4096_01929,32.823719419538975,52.9093608725816,0.2447450679540634,273.7542851269245,53.27879554592073,36.0809016879648,Scrambled_Sobol
SOBOL4096_01930,3.9474081248044968,85.51102057099342,0.0792361767590046,243.23160769417882,101.82857251726091,83.2495918078348,Scrambled_Sobol
SOBOL4096_01931,16.93106483668089,72.44794322177768,0.34810224836692216,258.438441073522,71.35577137582004,71.23760824091733,Scrambled_Sobol
SOBOL4096_01932,26.10036000609398,89.42464920692146,0.18259552022442221,204.58663349039853,44.20096422545612,24.07020756509155,Scrambled_Sobol
SOBOL4096_01933,23.887896165251732,65.90510201640427,0.06709627643227577,215.88407774455845,34.07478705048561,42.4081370793283,Scrambled_Sobol
SOBOL4096_01934,13.07671282440424,95.77291123569012,0.28010444283485414,247.14798933826387,81.14987835288048,90.2871022420004,Scrambled_Sobol
SOBOL4096_01935,6.040247231721878,58.86578252539039,0.14744708260521291,231.94519000127912,90.70500206202269,54.51940633356571,Scrambled_Sobol
SOBOL4096_01936,37.18343835324049,79.35854266397655,0.36045453554019335,285.05576342344284,64.73435323685408,6.641688854433596,Scrambled_Sobol
SOBOL4096_01937,36.2236737459898,56.92920750007033,0.08049408100545406,205.7845607586205,73.86668297462165,91.85044493991882,Scrambled_Sobol
SOBOL4096_01938,6.9566792622208595,79.74708969704807,0.24600298918783664,265.8386652171612,36.08702781610191,44.741188157349825,Scrambled_Sobol
SOBOL4096_01939,14.002321809530258,68.64160415716469,0.16640052346512674,236.39715765602887,50.76789407990873,9.344495930708945,Scrambled_Sobol
SOBOL4096_01940,22.937260381877422,94.58443708717823,0.33190724594518545,271.96856818161905,109.94249879382551,56.45536173135042,Scrambled_Sobol
SOBOL4096_01941,27.055248953402042,74.40202562138438,0.25761238671839237,283.1670496519655,98.4869097545743,87.0191815821454,Scrambled_Sobol
SOBOL4096_01942,16.009747609496117,89.01702123694122,0.04460420332849026,225.1835243869573,61.89141292124987,39.17645568959415,Scrambled_Sobol
SOBOL4096_01943,3.0364499613642693,50.19194264896214,0.36800955576822164,254.62923765182495,26.29288949072361,27.535475096665323,Scrambled_Sobol
SOBOL4096_01944,33.78899648785591,86.68198436498642,0.15500210849568247,216.9872479327023,83.99280853569508,75.37985318340361,Scrambled_Sobol
SOBOL4096_01945,30.231594294309616,63.490628683939576,0.3970382116176188,230.21860176697373,42.16333725955337,58.86547137983143,Scrambled_Sobol
SOBOL4096_01946,1.5884364768862724,99.63852483779192,0.13652930909767746,289.57009084522724,68.1560451677069,11.022564112208784,Scrambled_Sobol
SOBOL4096_01947,19.874752089381218,61.15246871486306,0.2877470645681024,211.96296376176178,103.70009218808264,46.78311667405069,Scrambled_Sobol
SOBOL4096_01948,28.185892142355442,75.4254141356796,0.027240347750484943,248.23733299039304,56.64446597453207,94.62731338571757,Scrambled_Sobol
SOBOL4096_01949,21.802362613379955,55.194160202518106,0.19638157362118364,259.4371850695461,66.77197276148945,66.65970019996166,Scrambled_Sobol
SOBOL4096_01950,10.133024603128433,81.57676514238119,0.3143897513486445,200.75071183033288,93.90474109444767,19.55026275012642,Scrambled_Sobol
SOBOL4096_01951,8.399217464029789,70.03458337858319,0.11009969998151065,278.35929803550243,79.27834617439657,31.56667133793235,Scrambled_Sobol
SOBOL4096_01952,39.77556250989437,93.29214221797884,0.22810714159160853,241.4199129678309,30.70912437979132,78.67735647130758,Scrambled_Sobol
SOBOL4096_01953,39.22720041126013,53.86226400732994,0.3407266956754029,219.339991658926,95.18871095962822,96.75829945132136,Scrambled_Sobol
SOBOL4096_01954,7.55666583776474,82.99713735468686,0.17521996187046168,254.91037221625447,57.26491686888039,48.92554104793817,Scrambled_Sobol
SOBOL4096_01955,10.822989530861378,71.8368190806359,0.23736951526254416,222.8314485307783,29.591058203950524,13.530408293008804,Scrambled_Sobol
SOBOL4096_01956,22.200579419732094,91.5967415086925,0.07186061840504408,282.88520966656506,88.61925424076617,61.36156050954014,Scrambled_Sobol
SOBOL4096_01957,27.811480164527893,64.90183435380459,0.13988593207672237,271.6839360166341,77.16505149379373,76.36100455187261,Scrambled_Sobol
SOBOL4096_01958,19.169529639184475,98.33410722203553,0.35289339067414405,234.04228962026536,40.71334907785058,29.23851906787604,Scrambled_Sobol
SOBOL4096_01959,2.456013634800911,59.42959110252559,0.059535125903785235,266.12267242744565,47.46957590803504,17.59924021549523,Scrambled_Sobol
SOBOL4096_01960,30.76591957360506,77.23681768402457,0.27254329796880483,208.14017713069916,105.316207613796,64.72007067408413,Scrambled_Sobol
SOBOL4096_01961,34.63040370494127,72.98466912470758,0.041997330039739614,240.2569968253374,63.50748575758189,57.11336580570787,Scrambled_Sobol
SOBOL4096_01962,3.5861090570688248,90.35200448706746,0.3025040581822396,276.53102273121476,89.31197709869593,9.991061696782708,Scrambled_Sobol
SOBOL4096_01963,15.612675212323666,51.88435148447752,0.12195820918306709,201.9142475631088,82.54278283100575,45.75294758658856,Scrambled_Sobol
SOBOL4096_01964,26.363987028598785,84.87663776613772,0.3824671003781259,261.2647066731006,35.3018582938239,92.87395942024887,Scrambled_Sobol
SOBOL4096_01965,23.643779829144478,58.23063268326223,0.2189286109805107,250.06206777878106,45.42797372210771,74.53612121287733,Scrambled_Sobol
SOBOL4096_01966,14.37558937817812,78.3327721990645,0.10092115804553033,213.12371267937124,72.74865463841707,26.703543476760387,Scrambled_Sobol
SOBOL4096_01967,6.4210569858551025,66.83321688324213,0.32338311588391666,287.74469355121255,100.43548580724746,38.721155864186585,Scrambled_Sobol
SOBOL4096_01968,35.35724099725485,96.31040268577635,0.20537494948133825,229.05856363475323,52.05190685112029,86.55248874798417,Scrambled_Sobol
SOBOL4096_01969,36.31151236593723,67.22520757466555,0.2834331697970629,263.01248813048005,85.42737904470414,24.9081751704216,Scrambled_Sobol
SOBOL4096_01970,5.501573272049427,94.33991410769522,0.022926447317004203,208.45704592764378,27.561302515678108,72.06382079515606,Scrambled_Sobol
SOBOL4096_01971,13.465239107608795,57.07607506774366,0.3927243168465793,269.1917367000133,60.62287941109389,83.71061069890857,Scrambled_Sobol
SOBOL4096_01972,24.607233069837093,81.06582770124078,0.13221540866419673,239.3716639187187,97.05254300963134,36.55335888732225,Scrambled_Sobol
SOBOL4096_01973,25.404825694859028,51.50992181152105,0.10560029797255993,228.07023390196264,108.50807030219585,5.989449145272374,Scrambled_Sobol
SOBOL4096_01974,16.527278497815132,86.82808713056147,0.22360774524509905,280.4781919438392,49.4993393542245,53.87855963315815,Scrambled_Sobol
SOBOL4096_01975,4.511105380952358,74.15826893411577,0.19188217161223292,219.7475352138281,37.35537909436971,89.26962374709547,Scrambled_Sobol
SOBOL4096_01976,33.68160605430603,87.60138498619199,0.3098903550021351,251.7150921560824,75.30123226810247,41.37885823380202,Scrambled_Sobol
SOBOL4096_01977,32.31164067983627,62.17747773043811,0.1739616754092276,286.7438882775605,32.10212939418852,34.143247115425766,Scrambled_Sobol
SOBOL4096_01978,0.8755001053214073,76.05979954823852,0.33946839222684505,232.8910507261753,80.50515317358077,82.03253897838295,Scrambled_Sobol
SOBOL4096_01979,17.57987715303898,62.953898683190346,0.08805523294955492,245.4604894388467,92.67764990217984,70.02189440187067,Scrambled_Sobol
SOBOL4096_01980,29.34803444892168,98.7111744005233,0.25356413546949624,214.9374686833471,65.37900780327618,22.13131026364863,Scrambled_Sobol
SOBOL4096_01981,20.659733973443508,69.10646664910018,0.37538510987535123,203.63740391097963,55.25164319202304,50.09901334065944,Scrambled_Sobol
SOBOL4096_01982,12.408388257026672,92.75465188547969,0.1623776682652533,256.74832065589726,102.4731026403606,97.25483963266015,Scrambled_Sobol
SOBOL4096_01983,9.131667502224445,55.829304456710815,0.26498794082552196,244.180169403553,69.38299434259534,61.48834186140448,Scrambled_Sobol
SOBOL4096_01984,37.676004841923714,82.60253896005452,0.051979763098061085,275.44511096552014,43.55644391849637,14.331270717084408,Scrambled_Sobol
SOBOL4096_01985,37.9922491684556,59.79516324587166,0.27824052961543205,233.06750521063805,58.15166507381946,43.33103723358363,Scrambled_Sobol
SOBOL4096_01986,8.822973892092705,76.77225358784199,0.06374725775793195,286.2172123976052,94.58211902994663,90.47816566191614,Scrambled_Sobol
SOBOL4096_01987,12.099139206111431,65.26878839358687,0.36377941098064187,214.7610571142286,87.89885588455945,55.082851885817945,Scrambled_Sobol
SOBOL4096_01988,20.975470393896103,97.87083263508976,0.14928830217570066,245.98720823414624,30.031299968250096,7.934479312971234,Scrambled_Sobol
SOBOL4096_01989,29.036284312605858,71.42090280540287,0.07516893403604627,257.27627863176167,40.159133854322135,34.788810540921986,Scrambled_Sobol
SOBOL4096_01990,17.893074490129948,91.91328436136246,0.24216148110106586,203.46224225126207,78.10318339150399,82.68680026754737,Scrambled_Sobol
SOBOL4096_01991,1.18940070271492,53.44801573082805,0.1852014411613345,274.9171100743115,105.70474206935614,71.04734039399773,Scrambled_Sobol
SOBOL4096_01992,32.000565342605114,83.31544655375183,0.35219327475875617,244.35528814792633,46.6971257282421,23.14805768430233,Scrambled_Sobol
SOBOL4096_01993,33.364973179996014,66.46621385589242,0.20290739312767983,209.68954510986805,89.83652858063579,15.541352815926075,Scrambled_Sobol
SOBOL4096_01994,4.819419831037521,96.77334516309202,0.32240065932273865,262.13561767712235,62.53677187487483,63.43916187528521,Scrambled_Sobol
SOBOL4096_01995,16.83629635721445,57.865300262346864,0.09325321635231376,238.13920765183866,34.94298757985234,99.20122878625989,Scrambled_Sobol
SOBOL4096_01996,25.088867470622063,78.7974776700139,0.21274431949481368,270.0686500687152,83.34781499579549,51.30176540929824,Scrambled_Sobol
SOBOL4096_01997,24.918594509363174,52.29864614084363,0.3820637530088425,281.3591018039733,71.89190455712378,21.109040016308427,Scrambled_Sobol
SOBOL4096_01998,13.15166275948286,84.55866402946413,0.12007121160626412,226.84176339767873,46.06683352030814,68.25598706956953,Scrambled_Sobol
SOBOL4096_01999,5.18744133412838,73.40034828521311,0.29541595047339797,250.83413938060403,52.742307083681226,80.27378047816455,Scrambled_Sobol
SOBOL4096_02000,36.622366048395634,90.03531690686941,0.033424122538417575,220.97596280276775,99.96297617442906,33.12522653024644,Scrambled_Sobol
SOBOL4096_02001,35.04856154322624,73.79265786148608,0.3117838750034571,276.70893097296357,26.746045891195536,66.48091295268387,Scrambled_Sobol
SOBOL4096_02002,6.73743974417448,88.06598763912916,0.19229059182107447,239.73178543150425,85.7757213152945,18.61644540913403,Scrambled_Sobol
SOBOL4096_02003,14.69126395881176,51.14302458241582,0.23217443032190202,261.086841346696,98.03346013650298,30.263054291717708,Scrambled_Sobol
SOBOL4096_02004,23.334440030157566,87.29130527935922,0.11268333284184337,202.4395018722862,60.108875688165426,78.12627769075334,Scrambled_Sobol
SOBOL4096_02005,26.67731326073408,57.49204778112471,0.13320438764989376,213.65313514135778,49.98237711377442,59.41725513432175,Scrambled_Sobol
SOBOL4096_02006,15.300948768854141,80.74922803789377,0.3951969460397959,249.88835987634957,107.82789421267807,12.326840832829475,Scrambled_Sobol
SOBOL4096_02007,3.274933435022831,67.63941729441285,0.029104216378182175,228.52909825742245,74.65182439424098,47.717723925597966,Scrambled_Sobol
SOBOL4096_02008,34.944251999258995,94.02164383791387,0.2910960386507213,287.9183585382998,38.20192561484873,94.80684524402022,Scrambled_Sobol
SOBOL4096_02009,31.07436291873455,56.196346413344145,0.0471928715147078,256.1415893025696,80.07545948494226,87.57123412564397,Scrambled_Sobol
SOBOL4096_02010,2.1394044533371925,82.13955792598426,0.26168614903464915,218.46182838082314,32.8327313112095,40.480639156885445,Scrambled_Sobol
SOBOL4096_02011,18.853471130132675,69.4717422593385,0.15090601492673159,281.65403549559414,65.97507160622627,28.470175601541996,Scrambled_Sobol
SOBOL4096_02012,28.12044572085142,92.2900028526783,0.365397106744349,223.7096547242254,91.78067755419761,75.559116252698,Scrambled_Sobol
SOBOL4096_02013,21.887017227709293,62.539547588676214,0.24935707787051797,234.9219066556543,103.23534957598895,91.67193214409053,Scrambled_Sobol
SOBOL4096_02014,11.13448940217495,99.02920494787395,0.08236452514305712,270.4541834164411,54.8525609774515,43.80728322546929,Scrambled_Sobol
SOBOL4096_02015,7.867457680404186,61.76183712668717,0.33006094787269835,207.26051717996597,42.62853648047894,8.040966475382447,Scrambled_Sobol
SOBOL4096_02016,38.91297772526741,76.37644819915295,0.16306913126260042,267.35238211229444,69.94773800950497,55.90400849934667,Scrambled_Sobol
SOBOL4096_02017,39.46690935641527,64.3414372112602,0.09756724702194333,289.0434954315424,47.92395267635584,73.61385808326304,Scrambled_Sobol
SOBOL4096_02018,8.715578690171242,97.33410188928246,0.2170583558268845,230.39512598887086,107.09772650152445,26.51311708148569,Scrambled_Sobol
SOBOL4096_02019,10.448720715939999,60.42954791337252,0.2072214237973094,248.76397131942213,76.71023838222027,38.15852287225425,Scrambled_Sobol
SOBOL4096_02020,21.492996513843536,77.79726185835898,0.3267146956548095,211.7864824552089,38.9320220798254,85.26051084976643,Scrambled_Sobol
SOBOL4096_02021,28.499206379055977,54.47379029355943,0.2999155789799988,200.57564136572182,28.804331002756953,58.406088314950466,Scrambled_Sobol
SOBOL4096_02022,19.563042409718037,83.9505915530026,0.03792374538257718,259.9652449693531,86.50601315312088,10.554484599269927,Scrambled_Sobol
SOBOL4096_02023,1.2772440910339355,70.88341321796179,0.38656338151544334,241.5949405170977,95.97524627111852,45.94403365626931,Scrambled_Sobol
SOBOL4096_02024,30.5454545840621,90.98516837693751,0.12457083445042372,277.8311952203512,59.37859429977834,93.79692752379924,Scrambled_Sobol
SOBOL4096_02025,34.09742798656225,59.18403901159763,0.35621848553419116,264.96188595891,101.23136861715466,77.65363947022706,Scrambled_Sobol
SOBOL4096_02026,2.719857394695282,78.94434598274529,0.14172738239169122,207.01716186478734,54.17689754161984,29.802216421812773,Scrambled_Sobol
SOBOL4096_02027,15.693672485649586,66.22169162146747,0.27067960416898135,272.8453903552145,44.632446193136275,17.790051833726466,Scrambled_Sobol
SOBOL4096_02028,27.36422635614872,95.35694932565093,0.05618633797392249,235.16459946520627,70.62339099589735,65.64312636852264,Scrambled_Sobol
SOBOL4096_02029,22.623724341392517,71.98471128940582,0.177826022952795,223.95513434894383,82.07924032118171,95.83594306837767,Scrambled_Sobol
SOBOL4096_02030,14.313800297677517,89.79155947454274,0.34481785088777545,284.048029249534,33.50857967045158,48.73538344167173,Scrambled_Sobol
SOBOL4096_02031,7.267492488026619,52.44474816136062,0.06779351582750678,218.21559505537152,63.971301219426095,12.967506512068212,Scrambled_Sobol
SOBOL4096_02032,35.90942490845919,85.87664244696498,0.23478605723008514,253.7482151389122,91.10490044113249,60.0696758646518,Scrambled_Sobol
SOBOL4096_02033,37.49970883131027,50.508641032502055,0.15828143171966075,242.7062943764031,36.80888006929308,50.27843195013702,Scrambled_Sobol
SOBOL4096_02034,5.731532238423824,86.26629514619708,0.3727725291997194,273.9321021735668,73.42497686389834,98.18928833585232,Scrambled_Sobol
SOBOL4096_02035,12.767485156655312,74.72001239657402,0.05456828830763698,205.1119897235185,109.05494487378746,62.79277713038027,Scrambled_Sobol
SOBOL4096_02036,24.20360643416643,88.602712797001,0.2690615714900196,258.2606669422239,51.37530154082924,14.883167720399797,Scrambled_Sobol
SOBOL4096_02037,25.788598023355007,68.17690948955715,0.3376218719035387,246.974211698398,61.5017390018329,33.59210038557649,Scrambled_Sobol
SOBOL4096_02038,17.24427878856659,94.94975944980979,0.17063004963099956,216.41341974027455,99.26049021538347,80.72889928240329,Scrambled_Sobol
SOBOL4096_02039,4.261292107403278,56.466278061270714,0.2569180019013584,285.2294981479645,84.54881267156452,69.08809971064329,Scrambled_Sobol
SOBOL4096_02040,32.512655928730965,80.11407894082367,0.08992544351145626,231.41580509021878,25.352979763410985,21.952590965665877,Scrambled_Sobol
SOBOL4096_02041,31.455177441239357,69.71626412123442,0.2276748032309115,221.43633062019944,68.51312696933746,5.438209162093699,Scrambled_Sobol
SOBOL4096_02042,0.313202328979969,93.7064012978226,0.10818371141329408,253.36474306881428,41.360082924366,52.57518872618675,Scrambled_Sobol
SOBOL4096_02043,18.609359562397003,54.87760356627405,0.30728424791246656,226.38210100121796,56.12105395644903,88.33556026685983,Scrambled_Sobol
SOBOL4096_02044,29.41931750625372,81.99269445613027,0.18779097039252518,278.82783024571836,104.66967578977346,41.200232189148664,Scrambled_Sobol
SOBOL4096_02045,20.568632371723652,61.61573324352503,0.024790187124162914,267.5399990286678,93.21514657698572,25.087506189011037,Scrambled_Sobol
SOBOL4096_02046,11.398111656308174,75.05847089923918,0.2867820037342608,237.68216577358544,67.24366686306894,72.99854394979775,Scrambled_Sobol
SOBOL4096_02047,9.674146734178066,63.95517899654806,0.1288903583958745,264.6635203808546,31.564420564100146,85.01477151643485,Scrambled_Sobol
SOBOL4096_02048,38.551673889160156,99.2729657329619,0.3908829111233354,210.14721194282174,78.64095072261989,37.10534348152578,Scrambled_Sobol
SOBOL4096_02049,38.541423082351685,50.44473586603999,0.2631410251930356,280.1953763049096,51.514009297825396,33.16551258787513,Scrambled_Sobol
SOBOL4096_02050,9.684628807008266,86.22033107094467,0.048649191595613955,227.83667937852442,109.19383502099663,80.32568745780736,Scrambled_Sobol
SOBOL4096_02051,11.389155462384224,74.66831435449421,0.366864939276129,252.00904164463282,73.28596512321383,68.21495197713375,Scrambled_Sobol
SOBOL4096_02052,20.577967651188374,88.56895565986633,0.1523723922111094,219.99188026413321,36.67037496808916,21.056432486511767,Scrambled_Sobol
SOBOL4096_02053,29.42979957908392,68.320148345083,0.08400641474872828,208.7782925926149,25.546120866201818,51.35361841879785,Scrambled_Sobol
SOBOL4096_02054,18.59910875558853,95.11170233599842,0.25099752355366944,263.2075687125325,84.74213616456836,99.24146122764796,Scrambled_Sobol
SOBOL4096_02055,0.3225376084446907,56.59730997867882,0.16472107807174324,239.03924048878253,99.06696406658739,63.38660796172917,Scrambled_Sobol
SOBOL4096_02056,31.446221247315407,80.26381470263004,0.33171434992924337,268.98582267574966,61.30871949251741,15.500371693633497,Scrambled_Sobol
SOBOL4096_02057,32.503606751561165,69.56692771054804,0.19374682767316698,256.81690256111324,104.44816287606955,23.10705532785505,Scrambled_Sobol
SOBOL4096_02058,4.270572550594807,93.57498195022345,0.3132386556081474,203.75560098327696,55.89903440326452,70.99471711553633,Scrambled_Sobol
SOBOL4096_02059,17.23408281803131,54.716060031205416,0.11414980567991734,275.38736786693335,41.581980884075165,82.7271020738408,Scrambled_Sobol
SOBOL4096_02060,25.799173079431057,81.84906817041337,0.23364234708249568,244.07315446063876,68.73484253883362,34.8406847845763,Scrambled_Sobol
SOBOL4096_02061,24.21288687735796,61.649114871397614,0.39683729616925123,232.86094276234508,78.5309390258044,7.881893017329276,Scrambled_Sobol
SOBOL4096_02062,12.758435979485512,75.11053252965212,0.13484619302675127,286.58726017922163,31.453902227804065,55.041886158287525,Scrambled_Sobol
SOBOL4096_02063,5.742107294499874,64.00076756253839,0.29274952493608,214.9567807558924,67.35398254357278,90.53000327665359,Scrambled_Sobol
SOBOL4096_02064,37.489512860774994,99.33723448775709,0.030756258741021156,245.6059783231467,93.32527986727655,43.37130205705762,Scrambled_Sobol
SOBOL4096_02065,35.90047109872103,64.39349884167314,0.32080526968464257,233.79775010980666,38.69753919541836,55.839915946125984,Scrambled_Sobol
SOBOL4096_02066,7.276830151677132,97.36748351715505,0.2013134474121034,271.390135390684,76.47524885833263,8.011688203550875,Scrambled_Sobol
SOBOL4096_02067,14.303547106683254,60.49381666816771,0.2111386914551258,208.3735398761928,107.33259443193674,43.870626743882895,Scrambled_Sobol
SOBOL4096_02068,22.634204030036926,77.84285042434931,0.09164613306522369,266.4056396111846,48.15863821655512,91.70050986576825,Scrambled_Sobol
SOBOL4096_02069,27.373564019799232,54.34237094596028,0.11866279011592269,255.11643778532743,59.28155257366598,75.529800998047,Scrambled_Sobol
SOBOL4096_02070,15.684718675911427,83.80125514231622,0.3806538875959814,219.67222331091762,95.87769790552557,28.406046419404447,Scrambled_Sobol
SOBOL4096_02071,2.730337083339691,70.7397869322449,0.0320025634765625,282.6902779471129,86.6033588629216,40.509253507480025,Scrambled_Sobol
SOBOL4096_02072,34.08717479556799,90.82362484186888,0.2939958466589451,222.5100074056536,28.90149432234466,87.63461462687701,Scrambled_Sobol
SOBOL4096_02073,30.535260997712612,59.34598189778626,0.06215322639793158,213.23092208243906,70.77506872359663,94.87020451109856,Scrambled_Sobol
SOBOL4096_02074,1.2878215312957764,79.08758483827114,0.2766450430080295,250.11966201476753,44.78430631104857,47.74626891128719,Scrambled_Sobol
SOBOL4096_02075,19.553990848362446,66.37142738327384,0.14768131585791705,228.94055834040046,54.0249158302322,12.262781015597284,Scrambled_Sobol
SOBOL4096_02076,28.508484438061714,95.48798124305904,0.362173868585378,287.67596010118723,101.07989354524761,59.38796111382544,Scrambled_Sobol
SOBOL4096_02077,21.503573954105377,71.93874721415341,0.2407515187188983,276.3853823021054,91.2850715732202,78.15487664658576,Scrambled_Sobol
SOBOL4096_02078,10.438527129590511,89.72765430808067,0.07376042690128089,240.23787653073668,64.15165474172682,30.32646717503667,Scrambled_Sobol
SOBOL4096_02079,8.724856749176979,52.41099102422595,0.35077325658872727,261.4211859088391,33.328023492358625,18.5870977723971,Scrambled_Sobol
SOBOL4096_02080,39.45785779505968,85.82494440488517,0.1837799790687859,201.9445499870926,81.89919078256935,66.41679916530848,Scrambled_Sobol
SOBOL4096_02081,38.92231300473213,73.64330347627401,0.1067742020264268,225.0763304065913,59.87421041354537,60.02875136677176,Scrambled_Sobol
SOBOL4096_02082,7.858501486480236,87.93457434512675,0.2262667490914464,283.1094601098448,97.79865300282836,12.91496392339468,Scrambled_Sobol
SOBOL4096_02083,11.14497147500515,50.98146325908601,0.18637122401967643,217.10528071969748,86.01073110476136,48.77560455817729,Scrambled_Sobol
SOBOL4096_02084,21.87676642090082,87.14768486097455,0.3058630576170981,254.69800932332873,26.98058957234025,95.88773945346475,Scrambled_Sobol
SOBOL4096_02085,28.11148952692747,57.52542335540056,0.28518842536956074,265.9843331389129,38.104701498523355,65.59064341243356,Scrambled_Sobol
SOBOL4096_02086,18.862806409597397,80.8013076428324,0.023195153512060643,205.8037192746997,74.55445841886103,17.7491866145283,Scrambled_Sobol
SOBOL4096_02087,2.129153646528721,67.68499999307096,0.38927619660273194,271.81210436858237,107.92538178153336,29.85395352821797,Scrambled_Sobol
SOBOL4096_02088,31.08484499156475,94.08593038097024,0.12728508779779077,236.36685992591083,50.07939857430756,77.69380095414817,Scrambled_Sobol
SOBOL4096_02089,34.954827055335045,56.13245922140777,0.3713643795065582,200.99523457698524,91.93221342284232,93.83711307309568,Scrambled_Sobol
SOBOL4096_02090,3.2647374644875526,82.09358779713511,0.1568718381039798,259.7309796605259,66.12707358319312,45.99583729635924,Scrambled_Sobol
SOBOL4096_02091,15.31022921204567,69.42006200551987,0.26764046542346476,241.18652407079935,32.68093199003488,10.513552846387029,Scrambled_Sobol
SOBOL4096_02092,26.66826408356428,92.25623984821141,0.053148637488484377,278.07629397138953,79.9238020228222,58.35358129348606,Scrambled_Sobol
SOBOL4096_02093,23.324244059622288,62.6827924977988,0.16903493179008364,289.3639991246164,70.12776728253812,85.31228316947818,Scrambled_Sobol
SOBOL4096_02094,14.70183901488781,99.19112985953689,0.3360281979851425,229.88633323460817,42.80903186183423,38.198677455075085,Scrambled_Sobol
SOBOL4096_02095,6.728390567004681,61.8928749114275,0.08832026846706868,248.43224794603884,54.67218718957156,26.460641026496887,Scrambled_Sobol
SOBOL4096_02096,35.05784198641777,76.52616617269814,0.2553113716095686,212.2843988519162,103.05511764716357,73.57295765075833,Scrambled_Sobol
SOBOL4096_02097,36.63284573704004,59.9570881575346,0.14336746072396636,268.7012763414532,30.169865866191685,37.16880325693637,Scrambled_Sobol
SOBOL4096_02098,5.177188143134117,76.91549849696457,0.3578600191138685,236.6844582837075,88.03788789082319,85.04341984167695,Scrambled_Sobol
SOBOL4096_02099,13.161000423133373,65.41850636713207,0.057839371263980865,263.4914900921285,94.44328967947513,72.93438079301268,Scrambled_Sobol
SOBOL4096_02100,24.909640699625015,98.00187041983008,0.27233119353652,211.13382313400507,58.01297758240253,25.058111660182476,Scrambled_Sobol
SOBOL4096_02101,25.0786142796278,71.37493267655373,0.3462738149426878,222.3447098210454,46.890124971978366,41.22891183476895,Scrambled_Sobol
SOBOL4096_02102,16.84677604585886,91.84939716942608,0.17928053176030515,252.29026203975081,105.89820742141455,88.39905100874603,Scrambled_Sobol
SOBOL4096_02103,4.810466021299362,53.414252726361156,0.2362520770728588,225.48451769165695,77.90983963292092,52.545763230882585,Scrambled_Sobol
SOBOL4096_02104,33.374310843646526,83.2637662999332,0.06926097959280014,279.9134504888207,39.96593195479363,5.374014684930444,Scrambled_Sobol
SOBOL4096_02105,32.00984340161085,66.51829346083105,0.21869979243725537,247.4307989422232,83.12611969187856,21.88842055387795,Scrambled_Sobol
SOBOL4096_02106,1.1803491413593292,96.80672073736787,0.09920723970979453,216.11761550419033,34.721150416880846,69.05874074902385,Scrambled_Sobol
SOBOL4096_02107,17.90365193039179,57.92958680540323,0.32836637066677216,284.76177705451846,62.75881169363856,80.79232349060476,Scrambled_Sobol
SOBOL4096_02108,29.02609072625637,78.84306036867201,0.20887455405667424,231.7008187994361,90.05810229107738,33.620755965821445,Scrambled_Sobol
SOBOL4096_02109,20.966418832540512,52.167232846841216,0.03937816854566335,242.91032414883375,99.85278208740056,14.853749126195908,Scrambled_Sobol
SOBOL4096_02110,12.108417265117168,84.40930964425206,0.30137144606560473,273.55917839333415,52.63197113759816,62.72854743991047,Scrambled_Sobol
SOBOL4096_02111,8.812780305743217,73.25672786682844,0.12603839518502355,204.9190508853644,46.17729105986655,98.21800319477916,Scrambled_Sobol
SOBOL4096_02112,38.00282660871744,89.8737555835396,0.388029487002641,258.64433833397925,72.00189598836005,50.34191579092294,Scrambled_Sobol
SOBOL4096_02113,37.68617935478687,67.36845844425261,0.13817110810428856,216.2953896354884,97.28479668032378,6.578295612707734,Scrambled_Sobol
SOBOL4096_02114,9.121109135448933,94.50184497982264,0.39867856670171026,246.90544270910323,60.85499122273177,54.49078207369894,Scrambled_Sobol
SOBOL4096_02115,12.417420744895935,57.207118812948465,0.02889238515868783,231.5230017527938,27.329393359832466,90.35124133341014,Scrambled_Sobol
SOBOL4096_02116,20.6504749879241,81.21555163525045,0.28940055722370744,285.2870903722942,85.19500378053635,42.43746507447213,Scrambled_Sobol
SOBOL4096_02117,29.337476082146168,51.4460286591202,0.31584453690797093,274.0885633043945,75.40115170646459,24.04164258390665,Scrambled_Sobol
SOBOL4096_02118,17.590051665902138,86.78211104124784,0.19783780310302973,242.73658942431211,37.455156673677266,71.17427463177592,Scrambled_Sobol
SOBOL4096_02119,0.8662411198019981,74.10658271983266,0.22957506472244857,258.11499633826315,49.39968336839229,83.27886017039418,Scrambled_Sobol
SOBOL4096_02120,32.320673167705536,87.56761602126062,0.11156616786494851,205.0928285252303,108.40794820804149,36.144981500692666,Scrambled_Sobol
SOBOL4096_02121,33.69057893753052,62.21084734424949,0.24764342991635202,237.91555198840797,65.2296403516084,52.28829361964017,Scrambled_Sobol
SOBOL4096_02122,4.501748643815517,76.11187319271266,0.08213597698137164,267.8230004105717,92.5287485588342,99.42074393853545,Scrambled_Sobol
SOBOL4096_02123,16.537550762295723,62.99947542138398,0.3335606416314841,209.90268651396036,80.65425717271864,63.938640863634646,Scrambled_Sobol
SOBOL4096_02124,25.39432693272829,98.7754549831152,0.16805247522890568,264.3697231076658,32.25137525238097,16.804580464959145,Scrambled_Sobol
SOBOL4096_02125,24.597876332700253,68.9571182243526,0.046060529779642825,253.1698307953775,43.37331401184201,31.86200879048556,Scrambled_Sobol
SOBOL4096_02126,13.474211990833282,92.62324455194175,0.25906725792214275,221.11489821225405,69.20033054426312,79.77431423030794,Scrambled_Sobol
SOBOL4096_02127,5.49107450991869,55.66774909384549,0.15646849073469637,279.03392464853823,102.65588803216815,68.03645917680115,Scrambled_Sobol
SOBOL4096_02128,36.321784630417824,82.45892450213432,0.3694773819297552,226.71437221579254,55.43457044288516,20.122501896694303,Scrambled_Sobol
SOBOL4096_02129,35.36627110093832,53.730856673792005,0.07782766466960311,259.9074609670788,88.47766877152026,78.71834750287235,Scrambled_Sobol
SOBOL4096_02130,6.411795616149902,82.84778892993927,0.24333511194214225,200.46859624795616,29.449938843026757,31.61923799198121,Scrambled_Sobol
SOBOL4096_02131,14.38576627522707,71.69320462271571,0.18117405176162718,277.8997697494924,57.406238885596395,19.51001756824553,Scrambled_Sobol
SOBOL4096_02132,23.633223846554756,91.43518614582717,0.34668223515152935,241.7131194844842,95.3301748353988,66.60783728118986,Scrambled_Sobol
SOBOL4096_02133,26.354725658893585,64.95390799827874,0.278508962597698,230.4144360497594,105.12529572471976,94.67991100624204,Scrambled_Sobol
SOBOL4096_02134,15.621705316007137,98.3674768358469,0.0655022401176393,289.18897157534957,47.27913012728095,46.824139025993645,Scrambled_Sobol
SOBOL4096_02135,3.575553074479103,59.49387168511748,0.35884899809956555,211.75633895210922,40.90391645208001,10.970669873058796,Scrambled_Sobol
SOBOL4096_02136,34.64058060199022,77.2823944222182,0.14584008991718292,248.6073184106499,77.35576072707772,58.825195231474936,Scrambled_Sobol
SOBOL4096_02137,30.77618945389986,72.93869303539395,0.37655783366411927,284.3420183006674,35.52632998209447,75.33960110042244,Scrambled_Sobol
SOBOL4096_02138,2.4455124884843826,90.28811133466661,0.11605039205402136,224.19950823299587,82.76711266022176,27.483647391200066,Scrambled_Sobol
SOBOL4096_02139,19.178504906594753,51.85058251954615,0.2965845544822514,253.4654082171619,89.08784992527217,39.217411507852376,Scrambled_Sobol
SOBOL4096_02140,27.802125811576843,84.82495155185461,0.03607637675479054,217.98205997794867,63.28289247583598,87.07175513729453,Scrambled_Sobol
SOBOL4096_02141,22.190078273415565,58.39256355538964,0.1994671097025275,206.68474178761244,52.15960827190429,56.40347474720329,Scrambled_Sobol
SOBOL4096_02142,10.833259411156178,78.47602306865156,0.31747382652014494,264.7559860162437,100.54304536897689,9.304184215143323,Scrambled_Sobol
SOBOL4096_02143,7.54731148481369,66.9829408172518,0.09500018211081625,235.48588032834232,72.64121667016298,44.793821345083416,Scrambled_Sobol
SOBOL4096_02144,39.236175678670406,96.44144643098116,0.21300908463075757,273.0404944065958,45.320069645531476,91.89146003685892,Scrambled_Sobol
SOBOL4096_02145,39.76630352437496,56.9625950884074,0.33787472326308493,249.59440770559013,109.80105518363416,86.61669313441962,Scrambled_Sobol
SOBOL4096_02146,8.408249951899052,79.79915728792548,0.17236655119806527,213.40878740884364,50.626632859930396,38.75059409998357,Scrambled_Sobol
SOBOL4096_02147,10.12246623635292,68.6871986836195,0.2519575115479529,288.2011714950204,36.2281674426049,26.640039994381368,Scrambled_Sobol
SOBOL4096_02148,21.812537126243114,94.6487118024379,0.08645005295053125,228.76265009865165,74.00832924060524,74.50743165798485,Scrambled_Sobol
SOBOL4096_02149,28.194924630224705,74.25268325023353,0.16096806827932594,240.06421154364944,83.80203850567341,92.90334403980523,Scrambled_Sobol
SOBOL4096_02150,19.86549310386181,88.88559592887759,0.37397696513682605,276.9148476794362,26.102301850914955,45.81709800288081,Scrambled_Sobol
SOBOL4096_02151,1.5986109897494316,50.03039315342903,0.050560107324272394,202.1182578895241,62.081797905266285,9.962426112033427,Scrambled_Sobol
SOBOL4096_02152,30.221035927534103,86.53835211880505,0.2635668411292136,260.89176344685256,98.67780137807131,57.04991593956947,Scrambled_Sobol
SOBOL4096_02153,33.778497725725174,63.63386157900095,0.021331420075148343,270.5119291972369,56.86912005301565,64.65659957379103,Scrambled_Sobol
SOBOL4096_02154,3.04672222584486,99.80046176351607,0.2818395864777267,235.02892428077757,103.92423962708563,17.57053526584059,Scrambled_Sobol
SOBOL4096_02155,16.000390872359276,61.28349467180669,0.13061014302074908,267.2838028892875,67.93177613522857,29.30273884907365,Scrambled_Sobol
SOBOL4096_02156,27.06422183662653,75.5751439370215,0.3911175959557295,207.14232278987765,41.93888583686203,76.39041040558368,Scrambled_Sobol
SOBOL4096_02157,22.947532646358013,55.13026099652052,0.22219968615099786,218.44251362606883,30.81700819078833,61.33289218880236,Scrambled_Sobol
SOBOL4096_02158,13.99182304739952,81.53080702759326,0.10419079495593905,255.99609773606062,79.385723345913,13.466974175535142,Scrambled_Sobol
SOBOL4096_02159,6.965652145445347,69.98289129696786,0.3084691583365202,223.73976000584662,93.79716126713902,48.9549099188298,Scrambled_Sobol
SOBOL4096_02160,36.21431700885296,93.25839104130864,0.19046243019402026,281.81066091172397,66.66421054396778,96.82248260360211,Scrambled_Sobol
SOBOL4096_02161,37.17288237065077,70.37446326576173,0.3039599316380918,203.22888218797743,76.12887234892696,14.291096492670476,Scrambled_Sobol
SOBOL4096_02162,6.050424128770828,91.28832118585706,0.04345174824818969,256.99331413023174,39.51083005871624,61.436594845727086,Scrambled_Sobol
SOBOL4096_02163,13.06745145469904,53.975377045571804,0.3839332108199597,244.59983034059405,48.67201370652765,97.29571476113051,Scrambled_Sobol
SOBOL4096_02164,23.896926268935204,84.26418886519969,0.1234257635474205,275.2109133824706,106.35230553802103,50.15150903724134,Scrambled_Sobol
SOBOL4096_02165,26.11053690314293,60.909504583105445,0.10256114577874542,286.4121414348483,96.5572457620874,22.079526619054377,Scrambled_Sobol
SOBOL4096_02166,16.920508854091167,77.52615371719003,0.220570053961128,233.38894365355372,58.79914304707199,69.9816831946373,Scrambled_Sobol
SOBOL4096_02167,3.9564382284879684,64.80780262500048,0.2070280733704567,245.78113998286426,28.05691356305033,82.08507165778428,Scrambled_Sobol
SOBOL4096_02168,32.814458049833775,97.04950102604926,0.32503479585051537,214.42882278002799,87.2508009755984,34.184158872812986,Scrambled_Sobol
SOBOL4096_02169,31.762467958033085,52.777935564517975,0.17667447563260794,226.9597660098225,44.0517386328429,41.41974875703454,Scrambled_Sobol
SOBOL4096_02170,0.01384638249874115,85.36167819984257,0.3421826533600688,281.4278325717896,71.20672817341983,89.32208706159145,Scrambled_Sobol
SOBOL4096_02171,18.2898573204875,72.30431097559631,0.07332808854058386,220.8687507174909,101.97749412618577,53.838417790830135,Scrambled_Sobol
SOBOL4096_02172,29.745533615350723,89.26309971138835,0.23883553015068174,250.77654246240854,53.428223794326186,5.937686734832823,Scrambled_Sobol
SOBOL4096_02173,20.266219899058342,65.95716960728168,0.354534917883575,261.97914112359285,64.55136518925428,36.60587581805885,Scrambled_Sobol
SOBOL4096_02174,11.702355183660984,95.80629882402718,0.14152601536363363,209.65924536809325,90.5221964046359,83.75155519228429,Scrambled_Sobol
SOBOL4096_02175,9.998527020215988,58.93005724065006,0.27419488238170747,270.21429318003356,81.33248135447502,72.01200441457331,Scrambled_Sobol
SOBOL4096_02176,38.230345360934734,79.40413719043136,0.061188165564090014,238.1583306286484,34.257896691560745,24.867979711852968,Scrambled_Sobol
SOBOL4096_02177,38.406279757618904,69.25675780512393,0.3607240213826299,275.69703828543425,85.05436683539301,96.05118829756975,Scrambled_Sobol
SOBOL4096_02178,9.783836491405964,92.51436423510313,0.14623219911009072,243.72913835570216,27.18728716019541,48.1490076566115,Scrambled_Sobol
SOBOL4096_02179,11.800164580345154,55.97199173644185,0.28113343263044954,256.4742704760283,60.33157548401505,12.753712106496096,Scrambled_Sobol
SOBOL4096_02180,20.129654370248318,82.35454908572137,0.06664087424054742,204.06665542162955,96.76282993052155,60.654600826092064,Scrambled_Sobol
SOBOL4096_02181,29.8824055865407,61.92802959121764,0.1823083711043,215.36534153856337,108.21672869380563,77.11504601873457,Scrambled_Sobol
SOBOL4096_02182,18.19235421717167,76.2009272351861,0.34929946858435873,245.18507133238018,49.209588593803346,29.969571731053293,Scrambled_Sobol
SOBOL4096_02183,0.2288433536887169,62.71506184712052,0.07822413394227624,232.44139833375812,36.98232413735241,18.33009327761829,Scrambled_Sobol
SOBOL4096_02184,31.586839854717255,98.86300577782094,0.2452174171246588,286.99718352407217,74.9271741649136,65.47432306688279,Scrambled_Sobol
SOBOL4096_02185,33.02945375442505,50.96442801877856,0.09613447738811375,251.61422718316317,31.728114038705826,57.86758847068995,Scrambled_Sobol
SOBOL4096_02186,3.7808090075850487,87.45442214421928,0.21562629399821162,220.34962927922606,80.13214096426964,10.721933161839843,Scrambled_Sobol
SOBOL4096_02187,17.05737955868244,73.62953429110348,0.19986355490982533,280.55723446421325,92.38793682307005,46.48398184683174,Scrambled_Sobol
SOBOL4096_02188,26.01303268224001,88.24457749724388,0.3193561076372862,227.4459740612656,65.08770387619734,93.62803061492741,Scrambled_Sobol
SOBOL4096_02189,23.994734548032284,67.86680659279227,0.2984595989994705,238.7432895693928,54.96189243160188,73.82919125724584,Scrambled_Sobol
SOBOL4096_02190,12.930884659290314,93.80968729965389,0.03646850718185306,269.26665398292243,102.18176103197038,25.926828887313604,Scrambled_Sobol
SOBOL4096_02191,6.2263574078679085,57.70401102490723,0.37918232493102555,209.0632545016706,69.00893623940647,37.94464087579399,Scrambled_Sobol
SOBOL4096_02192,36.95819057524204,80.52184544503689,0.11718904741108419,262.91574839502573,43.18338896147907,85.84534786641598,Scrambled_Sobol
SOBOL4096_02193,36.03868778795004,58.09251037426293,0.22913078179582952,229.33125561103225,94.81600273400545,25.685439724475145,Scrambled_Sobol
SOBOL4096_02194,7.180647850036621,78.58531810343266,0.10963894819840789,287.3140938952565,56.89059752970934,72.77166169602424,Scrambled_Sobol
SOBOL4096_02195,13.894318826496601,66.6783801279962,0.31466530308127405,212.8731864783913,29.300058260560036,84.4182888045907,Scrambled_Sobol
SOBOL4096_02196,23.084403350949287,96.54614175669849,0.19517275601625442,250.51448988728225,88.32923717796803,37.33077491167933,Scrambled_Sobol
SOBOL4096_02197,26.927655041217804,73.22195400483906,0.02622295534238219,261.71301427297294,76.87401386909187,5.259114904329181,Scrambled_Sobol
SOBOL4096_02198,16.098199151456356,90.19861221313477,0.28821406414732337,201.65959612466395,40.42329433374107,53.125238004140556,Scrambled_Sobol
SOBOL4096_02199,2.8320304304361343,52.13534412905574,0.13624822586774826,276.1045375838876,47.09682493470609,88.51610251702368,Scrambled_Sobol
SOBOL4096_02200,33.954431004822254,84.73705160431564,0.39824149772524836,240.53381403908134,104.94184552691877,40.648734918795526,Scrambled_Sobol
SOBOL4096_02201,30.00634539872408,65.43515929952264,0.15379908498376607,208.06249348446727,63.13316641841084,33.41309407260269,Scrambled_Sobol
SOBOL4096_02202,1.7745453864336014,97.69551395438612,0.3682909129187465,266.74827974289656,88.93926887307316,81.27903615124524,Scrambled_Sobol
SOBOL4096_02203,19.728927575051785,59.970475221052766,0.04413767160847783,234.14175280369818,82.25276576820761,69.268554369919,Scrambled_Sobol
SOBOL4096_02204,28.292734026908875,76.60587597638369,0.2586302130110562,271.08045156113803,35.01085835043341,21.401005750522017,Scrambled_Sobol
SOBOL4096_02205,21.715034022927284,53.23282824829221,0.3331163374707103,282.28034655563533,45.1379189779982,50.8764590928331,Scrambled_Sobol
SOBOL4096_02206,10.259338207542896,83.5396287497133,0.16612523432821036,222.9295437876135,72.45761701371521,97.96249933540821,Scrambled_Sobol
SOBOL4096_02207,8.232621848583221,71.19672731496394,0.24646417485550046,255.53735818713903,100.06112372037023,62.19620116520673,Scrambled_Sobol
SOBOL4096_02208,39.98130049556494,92.12847854942083,0.07947090866044164,219.26367593929172,51.679155877791345,15.108505543321371,Scrambled_Sobol
SOBOL4096_02209,39.13867138326168,55.04387351684272,0.2043629965558648,240.81505555659533,73.49268535152078,20.940100108273327,Scrambled_Sobol
SOBOL4096_02210,7.68418226391077,81.81706024333835,0.32385555494576695,278.457388933748,35.713992808014154,68.79589332267642,Scrambled_Sobol
SOBOL4096_02211,10.657630115747452,69.89190354943275,0.10063391903415322,201.37769210152328,50.47820379957557,80.44127239380032,Scrambled_Sobol
SOBOL4096_02212,22.405074052512646,93.54013656266034,0.22012574130669235,259.36087370850146,109.65117713436484,32.58676826953888,Scrambled_Sobol
SOBOL4096_02213,27.587434090673923,63.740069372579455,0.3834961800649762,248.15964297391474,98.19717672653496,16.126233185641468,Scrambled_Sobol
SOBOL4096_02214,19.354438111186028,99.49739268049598,0.12150289688259364,212.5885761063546,61.60004851408303,63.225321462377906,Scrambled_Sobol
SOBOL4096_02215,2.308945767581463,61.391301080584526,0.3027734541334212,289.66956039890647,25.918854186311364,98.61489759292454,Scrambled_Sobol
SOBOL4096_02216,30.873997658491135,75.27357530780137,0.04078235665336251,229.61511228233576,83.61973584629595,51.517056645825505,Scrambled_Sobol
SOBOL4096_02217,34.50401499867439,74.94751494377851,0.2737578275613487,217.43555050343275,41.79030225146562,35.373784163966775,Scrambled_Sobol
SOBOL4096_02218,3.673362545669079,88.39067877270281,0.05926527483388781,254.3745925836265,67.78204754460603,82.47305346187204,Scrambled_Sobol
SOBOL4096_02219,15.407014712691307,50.72066984139383,0.35334841631352903,224.757044268772,103.40877052862197,70.4609155934304,Scrambled_Sobol
SOBOL4096_02220,26.53066013008356,86.03878738358617,0.13885659970343112,283.443860495463,56.354775694198906,23.363255667500198,Scrambled_Sobol
SOBOL4096_02221,23.457595817744732,56.287615932524204,0.07066303296014667,272.2412645164877,66.48060835432261,43.16218491643667,Scrambled_Sobol
SOBOL4096_02222,14.60076317191124,80.27732097543776,0.23765631048008798,235.96655230037868,93.61500806640834,91.01815985981375,Scrambled_Sobol
SOBOL4096_02223,6.314292587339878,68.01367267034948,0.17474727012217045,265.5881346575916,78.90527348499745,55.25025585666299,Scrambled_Sobol
SOBOL4096_02224,35.50314299762249,95.12842679396272,0.3417383619397879,206.23698856681585,30.335089075379074,7.3959334613755345,Scrambled_Sobol
SOBOL4096_02225,36.4195941016078,66.04323177598417,0.05169877117499709,284.4273847155273,106.21019680518657,91.12029968295246,Scrambled_Sobol
SOBOL4096_02226,5.3545089066028595,95.52036980167031,0.2661913182400167,232.02011298388243,48.531374228186905,43.9876888692379,Scrambled_Sobol
SOBOL4096_02227,13.650146462023258,59.02062375098467,0.16136018455028533,247.75420227088034,38.98886584211141,8.591150944121182,Scrambled_Sobol
SOBOL4096_02228,24.383185729384422,79.12281104363501,0.375852018147707,215.78733230940998,75.60545914340764,55.7250508479774,Scrambled_Sobol
SOBOL4096_02229,25.60932382941246,52.67207152210176,0.25383977850899103,204.4857735466212,87.06070366781205,87.79661954846233,Scrambled_Sobol
SOBOL4096_02230,16.3619227334857,85.66440539434552,0.08684650665149093,259.04052876867354,27.865691515617073,39.884111853316426,Scrambled_Sobol
SOBOL4096_02231,4.638620540499687,72.19694312661886,0.34049194112420084,243.31064518541098,58.3251680387184,28.24333935510367,Scrambled_Sobol
SOBOL4096_02232,33.59307590872049,89.56423089839518,0.17350083231925964,273.1300316564739,96.08441575895995,76.15709437988698,Scrambled_Sobol
SOBOL4096_02233,32.457543946802616,60.21423526108265,0.3103514493629337,263.86158799752593,52.90610505267978,59.642728148028255,Scrambled_Sobol
SOBOL4096_02234,0.7687368243932724,78.02150961942971,0.19085890796035526,210.75135756283998,101.45423037931323,11.730401474051178,Scrambled_Sobol
SOBOL4096_02235,17.805047444999218,64.11718423478305,0.22481692807748913,268.3201947901398,71.06479423120618,47.49079973436892,Scrambled_Sobol
SOBOL4096_02236,29.161846786737442,97.54940932616591,0.10532510014250875,237.0559402089566,43.910929430276155,95.40473578032106,Scrambled_Sobol
SOBOL4096_02237,20.826408192515373,71.04986160993576,0.1317487856373191,225.7557466905564,33.783767158165574,65.92937374487519,Scrambled_Sobol
SOBOL4096_02238,12.202729023993015,90.8097364474088,0.3937420518323779,279.60789726115763,80.85980080999434,18.796944660134614,Scrambled_Sobol
SOBOL4096_02239,9.218917340040207,54.64922743849456,0.021723515111953022,222.04051915556192,90.33227388747036,30.81314515322447,Scrambled_Sobol
SOBOL4096_02240,37.54961263388395,83.78414837643504,0.283714618254453,252.56285360082984,64.35997341759503,77.94722678605467,Scrambled_Sobol
SOBOL4096_02241,37.865954637527466,60.977139230817556,0.03462705615907907,210.22472996264696,36.517895641736686,74.39037448726594,Scrambled_Sobol
SOBOL4096_02242,8.910283409059048,75.59179808013141,0.29513450343161823,264.0380800329149,73.13495505135506,27.22025654744357,Scrambled_Sobol
SOBOL4096_02243,11.893420293927193,63.32423952408135,0.12053783604875208,237.58252489380538,108.68224203120917,38.86545424349606,Scrambled_Sobol
SOBOL4096_02244,21.142046935856342,99.81384910643101,0.3810460194386542,268.1436598394066,51.00096731912345,86.0372240236029,Scrambled_Sobol
SOBOL4096_02245,28.8501563295722,70.25875328108668,0.21153513807803392,279.43285898305476,61.1290029110387,57.675052639096975,Scrambled_Sobol
SOBOL4096_02246,18.118342459201813,93.07696628384292,0.09352841559797526,226.28383877687156,98.88612274546176,9.800414820201695,Scrambled_Sobol
SOBOL4096_02247,1.0825397446751595,55.40934135206044,0.3219395663775504,252.73793479427695,84.25777979660779,45.18980957567692,Scrambled_Sobol
SOBOL4096_02248,32.146408930420876,81.35260045528412,0.20393065819516779,221.512469984591,25.06290950346738,93.06605747435242,Scrambled_Sobol
SOBOL4096_02249,33.276502564549446,68.42945613898337,0.3511697244457901,231.14328008145094,68.22310515679419,76.92278499249369,Scrambled_Sobol
SOBOL4096_02250,4.947032816708088,94.81163490563631,0.18566228283569217,285.65993217751384,41.0690984968096,29.047965444624424,Scrambled_Sobol
SOBOL4096_02251,16.67084276676178,56.70201489701867,0.2418858366459608,216.66412229649723,55.74671973474324,17.03600895125419,Scrambled_Sobol
SOBOL4096_02252,25.293306075036526,79.95924293063581,0.07637765891849994,246.52161189354956,104.29697294719517,64.9120751209557,Scrambled_Sobol
SOBOL4096_02253,24.69464499503374,50.35525099374354,0.1503057844750583,257.8121923748404,92.84077910706401,96.6126406705007,Scrambled_Sobol
SOBOL4096_02254,13.336629644036293,86.5035792812705,0.3633125012926758,205.36680678837,66.87093077227473,49.44234170950949,Scrambled_Sobol
SOBOL4096_02255,5.040317438542843,74.58042548969388,0.06402824826538563,274.3584109656513,31.274350304156542,13.674619081430137,Scrambled_Sobol
SOBOL4096_02256,36.73034995794296,88.8537076767534,0.277037150785327,242.4296548590064,78.34991784766316,60.84620784036815,Scrambled_Sobol
SOBOL4096_02257,35.194408781826496,72.61104853823781,0.16354182159528136,253.8492470793426,47.63262373395264,49.57057406194508,Scrambled_Sobol
SOBOL4096_02258,6.6305822879076,89.24606493674219,0.329049280192703,217.61333536356688,106.80804920382798,97.41205209400505,Scrambled_Sobol
SOBOL4096_02259,14.916530810296535,53.087939927354455,0.08356210917234422,283.9691630844027,76.33719102479517,62.015332793816924,Scrambled_Sobol
SOBOL4096_02260,23.148310780525208,85.34791003912687,0.2490702812373638,224.57921649329364,38.55803237296641,14.175506602041423,Scrambled_Sobol
SOBOL4096_02261,26.8438933044672,58.65381294861436,0.3649420796893537,235.79280684702098,28.431250397115946,34.34543900191784,Scrambled_Sobol
SOBOL4096_02262,15.095233507454395,79.58594276569784,0.15193534588441251,272.770638698712,86.13199019804597,81.45920521114022,Scrambled_Sobol
SOBOL4096_02263,3.3622416853904724,65.6777071300894,0.260471618026495,206.4107769355178,95.683868881315,69.81825133785605,Scrambled_Sobol
SOBOL4096_02264,34.81795635074377,95.98488602787256,0.0474627211689949,265.05880339071155,59.08886855468154,22.7060952084139,Scrambled_Sobol
SOBOL4096_02265,31.18234809488058,54.233500408008695,0.29082664411514997,277.57910227403045,100.94169131945819,6.191728976555169,Scrambled_Sobol
SOBOL4096_02266,1.9922816753387451,84.1008834540844,0.030319191180169583,242.04613853245974,53.88556859921664,53.30531345680356,Scrambled_Sobol
SOBOL4096_02267,19.038434512913227,70.6354240886867,0.3941678677685559,260.2391174528748,44.25845648627728,89.06589309219271,Scrambled_Sobol
SOBOL4096_02268,27.896492555737495,91.12785342149436,0.13365970136597752,200.14656621031463,70.25034363847226,41.95355523377657,Scrambled_Sobol
SOBOL4096_02269,22.091456949710846,64.48256415314972,0.11297057326883078,211.3587752263993,81.70521736610681,24.379829498939216,Scrambled_Sobol
SOBOL4096_02270,10.96903707832098,97.08465598523617,0.2309773014113307,249.03922245837748,33.135499064810574,72.22112650983036,Scrambled_Sobol
SOBOL4096_02271,7.99506701529026,60.581381525844336,0.19330254616215825,230.8449560776353,63.68157547432929,84.23750837799162,Scrambled_Sobol
SOBOL4096_02272,38.82450360804796,77.5584242772311,0.3113114373572171,288.79002382978797,90.81352305132896,36.39750116504729,Scrambled_Sobol
SOBOL4096_02273,39.6725495159626,63.17813415080309,0.23432487297803162,266.924680583179,26.456036744639277,42.600189126096666,Scrambled_Sobol
SOBOL4096_02274,8.548923544585705,98.49587329663336,0.06881668958812952,207.53576396033168,85.48470902256668,89.72391963936388,Scrambled_Sobol
SOBOL4096_02275,10.575093850493431,62.39277212880552,0.3436087607778609,270.90400780551136,97.65915377996862,54.328805464319885,Scrambled_Sobol
SOBOL4096_02276,21.405765749514103,75.83555737510324,0.17810131350532174,234.66843941248953,59.73616017960012,7.203420279547572,Scrambled_Sobol
SOBOL4096_02277,28.60598873347044,55.65386172384024,0.05665287110954523,223.45755540765822,49.608022309839725,35.5655017727986,Scrambled_Sobol
SOBOL4096_02278,19.417120069265366,82.76900039054453,0.2696617792919278,282.10523854009807,107.45513025671244,83.39375358074903,Scrambled_Sobol
SOBOL4096_02279,1.463450826704502,68.9400119241327,0.1429304073192179,218.73570723459125,74.3617819994688,71.75445650238544,Scrambled_Sobol
SOBOL4096_02280,30.320265218615532,92.9301013238728,0.3559371297992766,255.71250911802053,37.91088007390499,23.924597445875406,Scrambled_Sobol
SOBOL4096_02281,34.262802824378014,57.239508582279086,0.12485191626474262,288.5465608909726,79.78444719221443,16.31786284968257,Scrambled_Sobol
SOBOL4096_02282,2.5153401866555214,80.88735705241561,0.3853600939922035,228.45435297116637,32.54272216465324,64.14629638660699,Scrambled_Sobol
SOBOL4096_02283,15.78222170472145,67.40368492901325,0.038941136375069615,249.28197997622192,65.60235609766096,99.90816369652748,Scrambled_Sobol
SOBOL4096_02284,27.236692123115063,94.17648729868233,0.2994485779851675,213.75004620291293,91.40637119766325,52.078486368991435,Scrambled_Sobol
SOBOL4096_02285,22.770769633352757,73.94604342989624,0.32643914250656964,202.54053817130625,102.86258562002331,20.378010710701346,Scrambled_Sobol
SOBOL4096_02286,14.205737635493279,87.82869605347514,0.2084302399866283,260.4845759551972,54.47820617351681,67.5019222451374,Scrambled_Sobol
SOBOL4096_02287,7.491520754992962,51.28260403871536,0.21603471420705317,239.65291490778327,42.3374909395352,79.51955285854638,Scrambled_Sobol
SOBOL4096_02288,35.72453662753105,87.04030592925847,0.09802799738943577,277.33301881700754,69.6576956147328,32.39434869494289,Scrambled_Sobol
SOBOL4096_02289,37.274515964090824,51.672304421663284,0.38966829022392635,220.52748387679458,57.861959910951555,67.23444055300206,Scrambled_Sobol
SOBOL4096_02290,5.917735323309898,85.10415111668408,0.12916011815890668,251.0889621451497,94.29080275353044,19.346573678776622,Scrambled_Sobol
SOBOL4096_02291,12.621564082801342,72.75714906863868,0.2863270665705204,227.26807654835284,87.52485351171345,30.99338216241449,Scrambled_Sobol
SOBOL4096_02292,24.310389906167984,90.56404484435916,0.025819607973098756,281.0824565868825,29.658280475996435,78.87959436513484,Scrambled_Sobol
SOBOL4096_02293,25.70136360824108,66.99644736945629,0.1889884645305574,269.7961300890893,39.7850830340758,58.709570658393204,Scrambled_Sobol
SOBOL4096_02294,17.37064842134714,96.13175285048783,0.3069973613880575,238.5696353111416,77.73011545185,11.549419853836298,Scrambled_Sobol
SOBOL4096_02295,4.094638079404831,58.40928922407329,0.10865649163722993,262.38631520420313,105.41500365827233,46.94046574179083,Scrambled_Sobol
SOBOL4096_02296,32.718297354876995,78.16954841837287,0.2266632254421711,209.23695167526603,46.40577620361,94.09900929778814,Scrambled_Sobol
SOBOL4096_02297,31.270288042724133,71.66119716130197,0.09093748774379493,244.96032325550914,89.5452123042196,86.8633684515953,Scrambled_Sobol
SOBOL4096_02298,0.5372293293476105,91.76299991086125,0.25644565414637327,274.8188428208232,62.24706671200693,39.703399376012385,Scrambled_Sobol
SOBOL4096_02299,18.501300550997257,53.69601231068373,0.17091720016673206,202.83542760647833,34.56996808759868,27.692736219614744,Scrambled_Sobol
SOBOL4096_02300,29.56636629998684,83.17276597954333,0.3364246531017125,257.35242302529514,82.97381262294948,74.85146150458604,Scrambled_Sobol
SOBOL4096_02301,20.441096872091293,59.65402885340154,0.2680325831100345,246.0647205542773,71.51883661746979,92.42527854628861,Scrambled_Sobol
SOBOL4096_02302,11.48665975779295,77.02169502153993,0.05502369191497565,214.13562112487853,45.6927827000618,44.537592693232,Scrambled_Sobol
SOBOL4096_02303,9.469633027911186,65.1169503107667,0.3725030447728932,286.1175772175193,52.45095755904913,8.771113147959113,Scrambled_Sobol
SOBOL4096_02304,38.71705237776041,98.10966276563704,0.15949631663039326,233.6711616627872,99.67323776334524,56.657506371848285,Scrambled_Sobol
SOBOL4096_02305,38.612146228551865,65.19239605404437,0.06777255453169347,255.86129368282855,75.0685163680464,39.54302532598376,Scrambled_Sobol
SOBOL4096_02306,9.423324577510357,98.23961537331343,0.23476582072675228,218.9274017792195,37.12380819953978,86.65228352416307,Scrambled_Sobol
SOBOL4096_02307,11.459716483950615,59.719343204051256,0.17780007941648363,281.94613283500075,49.06834756024182,75.01289814710617,Scrambled_Sobol
SOBOL4096_02308,20.316520370543003,77.14160881005228,0.3447911825589836,223.25416643172503,108.0753052700311,27.902033762075007,Scrambled_Sobol
SOBOL4096_02309,29.676322750747204,53.56636964716017,0.270844167098403,234.45401582866907,96.95337696000934,44.37470912002027,Scrambled_Sobol
SOBOL4096_02310,18.552629500627518,83.09848848730326,0.05635162569582462,270.73387822136283,60.5222643725574,92.2174335969612,Scrambled_Sobol
SOBOL4096_02311,0.5688986554741859,71.54021048918366,0.35637806622311474,207.71660628728569,26.996679175645113,56.822226168587804,Scrambled_Sobol
SOBOL4096_02312,31.399598941206932,91.69728024862707,0.14188623828813435,267.0626022014767,84.8635764606297,8.977846666239202,Scrambled_Sobol
SOBOL4096_02313,32.76462487876415,58.52114511653781,0.3865431910194457,277.12986000813544,43.04188463371247,19.183681434951723,Scrambled_Sobol
SOBOL4096_02314,4.1995251551270485,78.23834153823555,0.12454991916194559,239.4933634530753,68.86761430185288,67.02658728696406,Scrambled_Sobol
SOBOL4096_02315,17.49524399638176,67.12301229126751,0.29988877404481173,260.6773707084358,102.3231641901657,79.04432247858495,Scrambled_Sobol
SOBOL4096_02316,25.728287808597088,96.21516242623329,0.03789766523987055,202.68835227936506,55.10315373074263,31.20012435130775,Scrambled_Sobol
SOBOL4096_02317,24.259041883051395,72.6888089440763,0.20738684812560676,213.88683643192053,64.89699472207576,11.389054828323424,Scrambled_Sobol
SOBOL4096_02318,12.511626705527306,90.45330951921642,0.3268793951906264,249.4637401215732,92.19741005916148,58.49849369376898,Scrambled_Sobol
SOBOL4096_02319,5.788405351340771,51.5876789111644,0.09772605691105128,228.28393856994808,80.32291107345372,94.26043797750026,Scrambled_Sobol
SOBOL4096_02320,37.24286571145058,84.9772285670042,0.2172178905084729,288.33254986442626,31.918742288835347,47.149754259735346,Scrambled_Sobol
SOBOL4096_02321,35.69775465875864,51.22055527754128,0.12876554580405355,209.44040502421558,104.7925592167303,64.35702458024025,Scrambled_Sobol
SOBOL4096_02322,7.367088124155998,86.92289777100086,0.3907588233239949,262.5454852823168,46.94772101473063,16.47788016591221,Scrambled_Sobol
SOBOL4096_02323,14.100668542087078,73.8680905662477,0.02468358423560858,238.37783347815275,40.57247947435826,51.868820767849684,Scrambled_Sobol
SOBOL4096_02324,22.724318951368332,87.69548232667148,0.286674676053226,269.64723823592067,77.0230571506545,99.74635899532586,Scrambled_Sobol
SOBOL4096_02325,27.268523201346397,67.52145071513951,0.3073450048454106,280.9446851722896,88.14631000626832,67.71012392826378,Scrambled_Sobol
SOBOL4096_02326,15.911676026880741,94.23975199460983,0.1878524521179497,227.08738442510366,29.117313479073346,20.541251017712057,Scrambled_Sobol
SOBOL4096_02327,2.625134140253067,57.37160174176097,0.22775376986712217,251.25907027162611,57.07358565647155,32.18798323534429,Scrambled_Sobol
SOBOL4096_02328,34.31398909538984,80.96485692076385,0.1082619532570243,220.74188600294292,94.9988490017131,79.35520112048835,Scrambled_Sobol
SOBOL4096_02329,30.444716922938824,68.81704786792397,0.2567940492928028,233.5233690124005,51.82828006334603,89.93212963920087,Scrambled_Sobol
SOBOL4096_02330,1.4902137219905853,92.84952669404447,0.08980076611042023,285.92480392195284,100.21038976497948,42.763438103720546,Scrambled_Sobol
SOBOL4096_02331,19.46358982473612,55.53917237557471,0.33751449963077906,214.29502237588167,72.3085939977318,6.997046149335802,Scrambled_Sobol
SOBOL4096_02332,28.711038753390312,82.696601934731,0.17052340215072034,246.26772915944457,44.98871357180178,54.16444540955126,Scrambled_Sobol
SOBOL4096_02333,21.276292353868484,62.473752070218325,0.054629814624786374,257.5665413402021,35.19362339749932,83.60447381157428,Scrambled_Sobol
SOBOL4096_02334,10.543281845748425,75.95959431491792,0.2691223730146885,203.00594929605722,82.43567267432809,35.72551006451249,Scrambled_Sobol
SOBOL4096_02335,8.497718200087547,63.24936435557902,0.15835953837260602,274.63701830245554,88.75644287094474,23.714940869249403,Scrambled_Sobol
SOBOL4096_02336,39.56277463585138,98.61025270074606,0.3728513606451452,244.82346865348518,62.9501580260694,71.59265976399183,Scrambled_Sobol
SOBOL4096_02337,38.85633021593094,60.64745965413749,0.29548214547336105,221.6822508815676,83.47071298863739,53.51208130363375,Scrambled_Sobol
SOBOL4096_02338,8.124525807797909,77.67909867689013,0.033491042330861094,252.95268560759723,25.769648938439786,6.356437094509602,Scrambled_Sobol
SOBOL4096_02339,11.078826561570168,64.55725058913231,0.382136562447995,226.1462658457458,61.74917285796255,41.745721963234246,Scrambled_Sobol
SOBOL4096_02340,22.142647691071033,97.21384053118527,0.12014329625293613,279.25168942660093,98.34644292946905,88.90297519043088,Scrambled_Sobol
SOBOL4096_02341,27.869706712663174,70.51520268432796,0.09313384182751179,267.95162733644247,109.46835129056126,72.43038972374052,Scrambled_Sobol
SOBOL4096_02342,18.914005756378174,91.06289586052299,0.21262566976249217,237.43409974500537,50.29519556555897,24.54127782024443,Scrambled_Sobol
SOBOL4096_02343,1.8872087076306343,54.103099927306175,0.20279463304206727,264.24180696718395,35.896758013404906,36.18640455882996,Scrambled_Sobol
SOBOL4096_02344,31.135901287198067,84.02583939023316,0.32228717444464566,210.38347625173628,73.6755924159661,84.0771686565131,Scrambled_Sobol
SOBOL4096_02345,34.688478484749794,65.80503415316343,0.1852684069611132,242.24824340082705,30.484274057671428,97.62132964096963,Scrambled_Sobol
SOBOL4096_02346,3.330434150993824,96.06906087137759,0.3522595157660544,274.22129350714386,79.05431660823524,49.73203636240214,Scrambled_Sobol
SOBOL4096_02347,15.04402369260788,58.76490226946771,0.07524088207632304,205.58046912774444,93.46572159789503,13.964396016672254,Scrambled_Sobol
SOBOL4096_02348,26.734122894704342,79.65397806838155,0.2422341539338231,257.9829340055585,66.33150427602232,61.85497873928398,Scrambled_Sobol
SOBOL4096_02349,23.27275861054659,53.00407502800226,0.3636608978547156,246.68150130659342,56.53776366263628,81.6659583710134,Scrambled_Sobol
SOBOL4096_02350,14.94329757988453,85.22175126709044,0.14916906425729393,216.86692168936133,103.59161663800478,34.510133494623005,Scrambled_Sobol
SOBOL4096_02351,6.677048169076443,72.54194035194814,0.27812699873000385,285.51178011111915,67.59912021458149,22.498275563120842,Scrambled_Sobol
SOBOL4096_02352,35.29946267604828,89.13457030430436,0.06363445166498423,230.95084474422038,41.60755731165409,69.65534812305123,Scrambled_Sobol
SOBOL4096_02353,36.84030134230852,74.50323938392103,0.3302316694147885,265.23982274346054,96.22581875883043,28.88362538535148,Scrambled_Sobol
SOBOL4096_02354,5.091651454567909,88.72125158086419,0.16324057759717106,206.5481996629387,58.466429179534316,76.71638520434499,Scrambled_Sobol
SOBOL4096_02355,13.368293903768063,50.29243994504213,0.24951121907681226,272.55590934306383,27.724187029525638,65.07534975651652,Scrambled_Sobol
SOBOL4096_02356,24.823960959911346,86.38540604151785,0.08251794155687094,235.6230474077165,86.91938157193363,17.244198955595493,Scrambled_Sobol
SOBOL4096_02357,25.188394263386726,56.834876304492354,0.15089121224358676,224.42040583118796,75.79622909426689,49.28052532952279,Scrambled_Sobol
SOBOL4096_02358,16.624539978802204,80.03750192001462,0.3653830288536847,283.76537177711725,39.17949393391609,96.40300939790905,Scrambled_Sobol
SOBOL4096_02359,4.9200838804244995,68.54646112769842,0.047161488495767116,217.7618678007275,48.34066491574049,61.00619082804769,Scrambled_Sobol
SOBOL4096_02360,33.15193172544241,94.87413601018488,0.261654041223228,254.04138687066734,106.01966988295317,13.885358953848481,Scrambled_Sobol
SOBOL4096_02361,32.09505584090948,55.29541112482548,0.02927579790353775,288.61917491070926,64.21873254235834,27.05842618830502,Scrambled_Sobol
SOBOL4096_02362,0.972607433795929,81.28097024746239,0.29126689538359646,230.63118644990027,90.19085062202066,74.18072888161987,Scrambled_Sobol
SOBOL4096_02363,17.98900742083788,70.13502563349903,0.13335775947198272,249.17640428990126,81.00114317145199,86.19722134433687,Scrambled_Sobol
SOBOL4096_02364,28.81851114332676,92.99563085660338,0.3953510426543653,211.54025105759501,33.925251378677785,39.07620809506625,Scrambled_Sobol
SOBOL4096_02365,21.188368797302246,63.39622735977173,0.23216039702296257,200.33898008987308,43.720321604050696,9.636088386178017,Scrambled_Sobol
SOBOL4096_02366,11.998313032090664,99.92899526841938,0.11266857475042344,260.38724806159735,70.8740040147677,57.468667537905276,Scrambled_Sobol
SOBOL4096_02367,9.034873321652412,61.057354090735316,0.311751632001251,241.84348934330046,101.64477756712586,93.22931742295623,Scrambled_Sobol
SOBOL4096_02368,37.892884500324726,75.71507273241878,0.19225907361134886,277.4193630646914,53.09679409954697,45.397985954768956,Scrambled_Sobol
SOBOL4096_02369,37.58143953979015,54.56788903102279,0.3235544737428427,229.75302853621542,25.21478980779648,11.939705917611718,Scrambled_Sobol
SOBOL4096_02370,9.348375834524632,83.66042370907962,0.20554558254778385,289.8503866326064,84.40947771072388,59.80417487677187,Scrambled_Sobol
SOBOL4096_02371,12.312518805265427,70.9782284218818,0.21908175913617015,212.4184518866241,98.73434361070395,95.19364076666534,Scrambled_Sobol
SOBOL4096_02372,20.877598635852337,90.69580920040607,0.10107503099367023,247.94523548334837,60.977365635335445,47.33041878324002,Scrambled_Sobol
SOBOL4096_02373,29.135060645639896,64.24045590683818,0.12194404281675816,259.1574900969863,51.181300496682525,19.003670923411846,Scrambled_Sobol
SOBOL4096_02374,17.68061898648739,97.62962716631591,0.38245220921933654,201.21860248968005,108.86239281855524,66.0940838092938,Scrambled_Sobol
SOBOL4096_02375,0.6636635586619377,60.32937844283879,0.04196495397016406,278.64907811395824,72.95456091873348,77.73939156904817,Scrambled_Sobol
SOBOL4096_02376,32.411097437143326,78.09350043535233,0.3024724069051445,240.96382402814925,36.337643368169665,30.650268835015595,Scrambled_Sobol
SOBOL4096_02377,33.46359834074974,72.07877286709845,0.05970571437850594,206.02298290468752,78.19819966796786,44.194429819472134,Scrambled_Sobol
SOBOL4096_02378,4.606812708079815,89.50141686946154,0.27271461123600604,265.4177363496274,31.122490265406668,91.28502337262034,Scrambled_Sobol
SOBOL4096_02379,16.310713216662407,52.53961840644479,0.14003994021564722,236.14830708131194,67.02254778239876,55.51720200572163,Scrambled_Sobol
SOBOL4096_02380,25.499553121626377,85.58721630834043,0.3530466740205884,272.37803865224123,92.99257850740105,8.428259938955307,Scrambled_Sobol
SOBOL4096_02381,24.50763326138258,59.08312783576548,0.2373544889129698,283.5916692391038,104.11680189426988,40.093401963822544,Scrambled_Sobol
SOBOL4096_02382,13.676913529634476,79.23981305211782,0.07184631684795022,224.94982292875648,55.56640682276338,87.9580522980541,Scrambled_Sobol
SOBOL4096_02383,5.400974489748478,66.12149374559522,0.3406950889900327,254.21504649333656,41.2493305047974,75.94601334538311,Scrambled_Sobol
SOBOL4096_02384,36.524648293852806,95.65322822891176,0.175187630392611,217.23240778781474,68.403519554995,28.082972737029195,Scrambled_Sobol
SOBOL4096_02385,35.613094083964825,68.08170499280095,0.26505513029173017,273.34441768936813,58.950120345689356,82.31124999932945,Scrambled_Sobol
SOBOL4096_02386,6.365626901388168,95.23951909504831,0.05204622777178884,243.48074794746935,95.54497881326824,35.16412298660725,Scrambled_Sobol
SOBOL4096_02387,14.632427133619785,56.37178779579699,0.3754572815820575,258.85985273867846,86.27063723746687,23.52326855994761,Scrambled_Sobol
SOBOL4096_02388,23.58691208064556,80.40465097874403,0.16245056476444006,204.34800749644637,28.57007982674986,70.67164254840463,Scrambled_Sobol
SOBOL4096_02389,26.425748616456985,50.609172228723764,0.08793685289099813,215.63845654949546,38.364891349337995,90.85380652919412,Scrambled_Sobol
SOBOL4096_02390,15.360711626708508,85.96968217752874,0.25344503061845897,247.5624058023095,76.1439081421122,42.95581538695842,Scrambled_Sobol
SOBOL4096_02391,3.6464139074087143,74.82135319150984,0.17384827759116886,232.179266968742,107.0012511825189,7.559177838265896,Scrambled_Sobol
SOBOL4096_02392,34.37944386154413,88.30681685358286,0.3393557192012668,284.6308327000588,47.826008102856576,55.45845913235098,Scrambled_Sobol
SOBOL4096_02393,30.822644270956516,61.520488606765866,0.19194849967956543,252.42601509205997,90.95243338495493,68.63152636680752,Scrambled_Sobol
SOBOL4096_02394,2.1990137547254562,75.34825876355171,0.30995740786194803,221.8587000016123,63.82030341774225,20.733715891838074,Scrambled_Sobol
SOBOL4096_02395,19.22510277479887,63.86074675247073,0.10567324047908187,279.77840285748243,32.99668990075588,32.75002733338624,Scrambled_Sobol
SOBOL4096_02396,27.555789202451706,99.5634678285569,0.22367996295914053,225.96985964104533,81.56655006110668,80.64948929473758,Scrambled_Sobol
SOBOL4096_02397,22.451396211981773,69.81686246581376,0.3926051659882069,237.25893272086978,70.44364678673446,63.06353197898716,Scrambled_Sobol
SOBOL4096_02398,10.7625225558877,93.40973310172558,0.13209698259830474,268.4795906767249,44.45157724432647,15.91658634133637,Scrambled_Sobol
SOBOL4096_02399,7.808772474527359,54.97891893610358,0.2833206333778799,210.55860036052763,53.69220449589193,51.677055205218494,Scrambled_Sobol
SOBOL4096_02400,39.16560094803572,81.69683585874736,0.02281318610534072,263.71380071155727,100.74846907518804,98.82561056874692,Scrambled_Sobol
SOBOL4096_02401,39.87639404833317,71.12433183938265,0.1473225439339876,287.1559459064156,37.77207106817514,81.11612550448626,Scrambled_Sobol
SOBOL4096_02402,8.186313696205616,92.01378622092307,0.3603292720764876,232.64513063244522,74.22311485279351,33.20527053438127,Scrambled_Sobol
SOBOL4096_02403,10.232394635677338,53.15225659869611,0.06698831809684634,245.03663009032607,107.59404074866325,21.565704136155546,Scrambled_Sobol
SOBOL4096_02404,21.590457819402218,83.41666171327233,0.2799972092919052,215.1733036711812,49.74675041157752,69.47531496174634,Scrambled_Sobol
SOBOL4096_02405,28.402690775692463,60.0848576053977,0.34816327922046186,203.88546977192163,59.542796234600246,97.80215271282941,Scrambled_Sobol
SOBOL4096_02406,19.78025622665882,76.67710320092738,0.18265582628548144,256.33669218048453,97.46593169402331,50.665352400392294,Scrambled_Sobol
SOBOL4096_02407,1.8062150105834007,65.55919921956956,0.244822679143399,243.94390526227653,85.67801232915372,15.26996395085007,Scrambled_Sobol
SOBOL4096_02408,30.135655999183655,97.77649091556668,0.07931451274082064,275.86682454682887,26.649157661013305,62.40547128021717,Scrambled_Sobol
SOBOL4096_02409,34.00075823068619,52.00212742201984,0.21448940956965087,262.7232969645411,69.79634249582887,72.61130604892969,Scrambled_Sobol
SOBOL4096_02410,2.9369178041815758,84.65910172089934,0.09648267576470972,208.91509707085788,42.47632021084428,25.474325069226325,Scrambled_Sobol
SOBOL4096_02411,16.22279442846775,73.10454286634922,0.3189621241763234,269.46946946904063,54.33945780619979,37.49224128201604,Scrambled_Sobol
SOBOL4096_02412,26.954579539597034,90.13656643219292,0.20095322731882334,238.9031843468547,102.72369539365172,84.62756794411689,Scrambled_Sobol
SOBOL4096_02413,23.033055625855923,66.75587701611221,0.03755810031667352,227.6167317852378,91.59957301802933,52.96233602799475,Scrambled_Sobol
SOBOL4096_02414,13.78438115119934,96.67823789641261,0.2980655589140952,280.7709021680057,65.79574030824006,5.051299682818353,Scrambled_Sobol
SOBOL4096_02415,7.051318176090717,58.15577208995819,0.11753718916326762,220.21249572746456,32.34958098269999,40.81342498771846,Scrambled_Sobol
SOBOL4096_02416,36.00703723728657,78.70308686979115,0.37804536122828725,251.43281036056578,79.59116415120661,88.72285443823785,Scrambled_Sobol
SOBOL4096_02417,36.931408904492855,57.78742358088493,0.11008009554818272,240.7259591948241,46.55739305540919,10.93012475874275,Scrambled_Sobol
SOBOL4096_02418,6.101924479007721,80.64840738661587,0.22808681236580014,276.2530861143023,105.56680290028453,58.030867176130414,Scrambled_Sobol
SOBOL4096_02419,12.825815863907337,67.93560269288719,0.19635535474866628,201.4557994529605,77.57839711382985,93.42162675689906,Scrambled_Sobol
SOBOL4096_02420,23.948283568024635,93.92154021188617,0.3143642572686076,261.5541875176132,39.633222837001085,46.31964019499719,Scrambled_Sobol
SOBOL4096_02421,26.04486346244812,73.50261472165585,0.28791298436000945,250.34472508355975,29.838512325659394,26.137567521072924,Scrambled_Sobol
SOBOL4096_02422,17.186834178864956,88.15994900651276,0.027405542749911548,212.65844102948904,87.70526775158942,73.98916982114315,Scrambled_Sobol
SOBOL4096_02423,3.8906026631593704,50.85369567386806,0.39719751697033645,287.4515219870955,94.11063154228032,85.63572101760656,Scrambled_Sobol
SOBOL4096_02424,33.0806403234601,87.38607903942466,0.13668933924287557,229.51229105703533,57.68164684064686,37.782825734466314,Scrambled_Sobol
SOBOL4096_02425,31.71129185706377,62.834972655400634,0.36798908993601803,219.10393136553466,99.52145878691226,48.359754253178835,Scrambled_Sobol
SOBOL4096_02426,0.25560595095157623,98.9283231087029,0.1549823674559593,255.33469290472567,52.299320441670716,96.21117588598281,Scrambled_Sobol
SOBOL4096_02427,18.238824270665646,62.057979218661785,0.2575869386456907,223.0776797607541,45.84466316271573,60.444964952766895,Scrambled_Sobol
SOBOL4096_02428,29.987455308437347,76.27637595869601,0.0445780304633081,282.47277652844787,71.67053468991071,12.591889002360404,Scrambled_Sobol
SOBOL4096_02429,20.000180676579475,55.906269093975425,0.16656567245721815,271.2619327567518,82.79341864865273,30.17775501124561,Scrambled_Sobol
SOBOL4096_02430,11.768352873623371,82.2335653938353,0.33207311972975734,234.27895072847605,34.3897159723565,77.27831605356187,Scrambled_Sobol
SOBOL4096_02431,9.732630848884583,69.18247733265162,0.08065424775704741,266.5345047507435,62.42740004789084,65.2679278794676,Scrambled_Sobol
SOBOL4096_02432,38.29650517553091,92.38472455181181,0.24616243114694952,207.89162847213447,89.7253632498905,18.165759942494333,Scrambled_Sobol
SOBOL4096_02433,38.198695704340935,58.8059457950294,0.17201816029846667,261.05158848688006,61.460417406633496,89.48246624320745,Scrambled_Sobol
SOBOL4096_02434,9.869196452200413,79.3231840711087,0.33901143781840803,202.32099290937185,99.21884437091649,41.6308398777619,Scrambled_Sobol
SOBOL4096_02435,11.592418402433395,65.84285874851048,0.08536021066829563,276.76663124002516,84.59049888886511,5.776243899017572,Scrambled_Sobol
SOBOL4096_02436,20.214871279895306,95.73504775762558,0.25235130248591303,239.87171183340251,25.394341731444,53.629115116782486,Scrambled_Sobol
SOBOL4096_02437,29.772458411753178,72.38490646705031,0.37437083534896376,228.5812600981444,36.85052575543523,83.91443328000605,Scrambled_Sobol
SOBOL4096_02438,18.41445229947567,89.38599522225559,0.15987828262150286,288.0640754941851,73.4662983007729,36.813714927993715,Scrambled_Sobol
SOBOL4096_02439,0.11873405426740646,52.85030719824135,0.26470361230894923,213.62247120589018,109.01358274742961,24.703265754505992,Scrambled_Sobol
SOBOL4096_02440,31.808794885873795,85.47644205391407,0.05021179569885135,249.76517079398036,51.33361516520381,71.80527638178319,Scrambled_Sobol
SOBOL4096_02441,32.94376954436302,64.74461243487895,0.28223416591063144,281.6186069510877,93.17341982852668,61.59948125015944,Scrambled_Sobol
SOBOL4096_02442,3.988106958568096,96.93170841783285,0.020240882728248834,223.59131339937449,67.20226436387748,14.498944273218513,Scrambled_Sobol
SOBOL4096_02443,16.971838399767876,60.83193616941571,0.39225362677127124,256.19980321265757,31.605701628141105,49.986786409281194,Scrambled_Sobol
SOBOL4096_02444,26.220492757856846,77.39408141933382,0.13026252929121257,218.60123845748603,78.68255603592843,97.0889784116298,Scrambled_Sobol
SOBOL4096_02445,23.77235036343336,54.092764342203736,0.103843147251755,207.3121680598706,68.55452962685376,70.1420544134453,Scrambled_Sobol
SOBOL4096_02446,13.040507584810257,84.32630617171526,0.2233357056416571,267.4986180756241,41.401809831149876,22.29060871526599,Scrambled_Sobol
SOBOL4096_02447,6.004116274416447,70.50770381465554,0.18937188152223824,234.89141572266817,56.07944880146533,34.02272506151348,Scrambled_Sobol
SOBOL4096_02448,37.067975625395775,91.36619954369962,0.3088637037947774,270.33082401379943,104.62839488405734,81.87577694654465,Scrambled_Sobol
SOBOL4096_02449,36.10454153269529,70.09359980002046,0.042268658298999076,214.62117228657007,28.762604254297912,17.359812203794718,Scrambled_Sobol
SOBOL4096_02450,6.914447396993637,93.326805671677,0.3042619244940579,245.92920621857047,86.46461065392941,64.4965884508565,Scrambled_Sobol
SOBOL4096_02451,13.960010446608067,55.257204407826066,0.12298557456582786,233.1862300913781,96.01652733515948,76.60006981343031,Scrambled_Sobol
SOBOL4096_02452,22.818059846758842,81.61536399275064,0.3849766777083278,286.25233785249293,59.42019961308688,29.46453841868788,Scrambled_Sobol
SOBOL4096_02453,27.169271260499954,61.21477009728551,0.22161344157531856,275.040085921064,47.96535533387214,13.258767006918788,Scrambled_Sobol
SOBOL4096_02454,16.046861223876476,75.4632671829313,0.10212090017274023,244.38608217053115,107.13945340830833,61.16964604239911,Scrambled_Sobol
SOBOL4096_02455,3.0734845250844955,63.55037749744952,0.3253367320820689,257.13051741942763,76.66863322723657,97.02885390259326,Scrambled_Sobol
SOBOL4096_02456,33.90295002609491,99.673923663795,0.20584490414708853,203.41037947684526,38.89074117410928,49.119267142377794,Scrambled_Sobol
SOBOL4096_02457,30.272221602499485,50.10469746775925,0.34322679266333583,237.9994985088706,82.03791872598231,38.54237826075405,Scrambled_Sobol
SOBOL4096_02458,1.708405539393425,86.66792027652264,0.1762335208058357,270.010480415076,33.4669338259846,86.45343867130578,Scrambled_Sobol
SOBOL4096_02459,19.99494682997465,74.31838205084205,0.23913676848635076,209.80775634758174,64.01298743672669,74.71381127368659,Scrambled_Sobol
SOBOL4096_02460,28.226756304502487,89.00665114633739,0.0721456596814096,262.17125945724547,91.1462624091655,26.804405888542533,Scrambled_Sobol
SOBOL4096_02461,21.766085848212242,68.55717753060162,0.1403436204791069,250.9576261881739,101.2730143032968,45.60638396535069,Scrambled_Sobol
SOBOL4096_02462,10.017397738993168,94.5732869207859,0.35483616754412656,221.0062378179282,54.218218978494406,92.74334087967873,Scrambled_Sobol
SOBOL4096_02463,8.28381672501564,56.84275580570102,0.060747222062200304,281.2131675891578,44.59108406677842,57.25956738460809,Scrambled_Sobol
SOBOL4096_02464,39.739522151649,79.73381611518562,0.275239055659622,226.79007094353437,70.58170462027192,10.12421665713191,Scrambled_Sobol
SOBOL4096_02465,39.34123016893864,66.8678691610694,0.3997219529002905,205.22959729656577,49.94073142763227,27.276885737664998,Scrambled_Sobol
SOBOL4096_02466,7.593776769936085,96.36943177320063,0.13773086108267307,258.2967350259423,107.7865727758035,75.1748981140554,Scrambled_Sobol
SOBOL4096_02467,10.860026776790619,58.26922035776079,0.2897024920396507,242.5661535654217,74.69318652059883,87.27958327624947,Scrambled_Sobol
SOBOL4096_02468,22.3145255073905,78.39582907035947,0.027709214519709348,273.874530820176,38.243611990474164,39.380323216319084,Scrambled_Sobol
SOBOL4096_02469,27.69235599786043,51.92219186574221,0.1966547117382288,285.08399593643844,26.787367486394942,9.094915161840618,Scrambled_Sobol
SOBOL4096_02470,19.12729449570179,84.93895032443106,0.3161465283483267,231.36351467110217,85.81736715976149,56.24202094040811,Scrambled_Sobol
SOBOL4096_02471,2.413705550134182,73.02005528472364,0.11112597746774555,247.09830183535814,97.99177391920239,92.1025621285662,Scrambled_Sobol
SOBOL4096_02472,30.646710991859436,90.4117644764483,0.2306185301952064,216.44326811656356,60.06751372013241,44.95416690595448,Scrambled_Sobol
SOBOL4096_02473,34.59413439035416,59.415538189932704,0.08095358351245523,226.49988425895572,103.19394691847265,31.409954959526658,Scrambled_Sobol
SOBOL4096_02474,3.4704795107245445,77.14955983683467,0.24794468099251388,278.86373069137335,54.810834070667624,78.55687936302274,Scrambled_Sobol
SOBOL4096_02475,15.497277155518532,64.89147543907166,0.16761153314262628,221.2956761661917,42.67014163546264,66.81895370595157,Scrambled_Sobol
SOBOL4096_02476,26.327939219772816,98.25045098550618,0.3346048163250089,253.30768804065883,69.9890189152211,19.67037710826844,Scrambled_Sobol
SOBOL4096_02477,23.68441518396139,71.8256815802306,0.26011139864102006,264.5185291301459,80.1171862334013,46.617390997707844,Scrambled_Sobol
SOBOL4096_02478,14.49555516242981,91.51230370625854,0.04561957636848092,210.09440251626074,32.87413381040096,94.51522270683199,Scrambled_Sobol
SOBOL4096_02479,6.541255004703999,53.849003091454506,0.3697786216810346,267.6639161631465,65.9337905421853,59.03300868347287,Scrambled_Sobol
SOBOL4096_02480,35.39809711277485,82.91067448444664,0.15528606329113245,237.7121844701469,91.73907224088907,11.133567956276238,Scrambled_Sobol
SOBOL4096_02481,36.348713897168636,55.79393468797207,0.24372898356989026,248.82141526788473,40.117731196805835,99.58509019110352,Scrambled_Sobol
SOBOL4096_02482,5.615665018558502,82.54271489568055,0.07673788042739034,211.926839184016,78.06145648472011,52.49469853937626,Scrambled_Sobol
SOBOL4096_02483,13.579104132950306,69.06859199516475,0.3478190077468753,289.0071255993098,105.74634722433984,16.641300697810948,Scrambled_Sobol
SOBOL4096_02484,24.644198790192604,92.69242128357291,0.18082574155181647,230.2775599900633,46.73840663395822,63.73044466599822,Scrambled_Sobol
SOBOL4096_02485,25.3626811504364,62.91523203253746,0.06515385063365102,241.56539120711386,58.1933918222785,79.9361247709021,Scrambled_Sobol
SOBOL4096_02486,16.408216319978237,98.64814882166684,0.27964567856863143,277.7070608269423,94.62352152913809,32.07163457758725,Scrambled_Sobol
SOBOL4096_02487,4.391815736889839,62.142886547371745,0.1447502490505576,200.62806187197566,87.8575748205185,19.962524394504726,Scrambled_Sobol
SOBOL4096_02488,33.63922644406557,76.00075704976916,0.359242790453136,260.11053394526243,29.98969465494156,67.82572514377534,Scrambled_Sobol
SOBOL4096_02489,32.19610173255205,74.17151345871389,0.115702742934227,272.9026586189866,71.85025887098163,54.65260694734752,Scrambled_Sobol
SOBOL4096_02490,0.8392927795648575,87.68791193142533,0.3776938517391682,235.3051238320768,46.02551208343357,6.787935378961265,Scrambled_Sobol
SOBOL4096_02491,17.543748281896114,51.52109358459711,0.03498582666739822,264.92602976970375,52.78366921003908,42.27747359313071,Scrambled_Sobol
SOBOL4096_02492,29.232564866542816,86.91244297660887,0.2969790985248983,206.89907954074442,100.00466255005449,90.14049296732992,Scrambled_Sobol
SOBOL4096_02493,20.779790356755257,57.08651295863092,0.31786840453743936,218.18553478457034,89.87785017583519,71.33860619738698,Scrambled_Sobol
SOBOL4096_02494,12.449085600674152,81.14945264533162,0.1983765709400177,253.6245997529477,62.578417719341815,24.24803387839347,Scrambled_Sobol
SOBOL4096_02495,9.172442555427551,67.23919939249754,0.214145114030689,224.00772785767913,34.90130136255175,35.981715358793736,Scrambled_Sobol
SOBOL4096_02496,37.79613133519888,94.4271853659302,0.0946525669656694,284.1931479051709,83.30645302776247,83.07067865971476,Scrambled_Sobol
SOBOL4096_02497,38.107881397008896,73.38705682195723,0.22517715029418467,236.53763910755515,108.54943227022886,68.84944214485586,Scrambled_Sobol
SOBOL4096_02498,8.859245292842388,89.94882348924875,0.10716824777424336,272.02579353004694,49.5410255715251,21.7269793106243,Scrambled_Sobol
SOBOL4096_02499,12.135184928774834,52.28752577677369,0.3055149102024734,205.6666071806103,37.313733249902725,33.8318454939872,Scrambled_Sobol
SOBOL4096_02500,21.090865768492222,84.47424336336553,0.18750819338485597,265.80293777398765,75.25991067290306,80.95269860234112,Scrambled_Sobol
SOBOL4096_02501,28.916320614516735,57.85492421127856,0.024332043603062632,254.50549351982772,85.38569266907871,62.52181498333812,Scrambled_Sobol
SOBOL4096_02502,17.85244181752205,78.71380429714918,0.2848402213305235,216.9570589158684,27.519940389320254,14.689033930189908,Scrambled_Sobol
SOBOL4096_02503,1.1485419049859047,66.45219149067998,0.1276790769211948,283.31221122294664,60.66420084796846,50.54975613951683,Scrambled_Sobol
SOBOL4096_02504,31.88036523759365,96.68611786328256,0.3881865185312927,225.23616081103683,97.09418869577348,98.38088570628315,Scrambled_Sobol
SOBOL4096_02505,33.327864930033684,53.483432438224554,0.1580080218054354,212.10327757522464,55.293248505331576,84.83667375985533,Scrambled_Sobol
SOBOL4096_02506,4.70539215952158,83.37523709051311,0.37101692998781804,248.2947340235114,102.51438370440155,37.00407337397337,Scrambled_Sobol
SOBOL4096_02507,16.72234818339348,71.45872605033219,0.053543369807302954,230.1011645141989,69.34159184340388,25.26596669573337,Scrambled_Sobol
SOBOL4096_02508,25.051827542483807,91.97557978332043,0.26655009228736165,289.53384975902736,43.51471717003733,73.09727692976594,Scrambled_Sobol
SOBOL4096_02509,24.960831739008427,65.3073932044208,0.3349378588236869,278.2350348960608,32.0608484884724,88.18976638372988,Scrambled_Sobol
SOBOL4096_02510,13.270789608359337,97.9339066427201,0.1694296754337847,241.39023491181433,80.46354801859707,41.067484924569726,Scrambled_Sobol
SOBOL4096_02511,5.3066472336649895,59.82978497631848,0.25496393341571094,259.5825169607997,92.71937680896372,5.585089880041778,Scrambled_Sobol
SOBOL4096_02512,36.664672046899796,76.83125212788582,0.0894564861431718,200.80317525193095,65.42041046079248,52.7061243634671,Scrambled_Sobol
SOBOL4096_02513,35.08477095514536,61.775846080854535,0.3574195753224194,280.09495314210653,77.20665680710226,46.15764659829438,Scrambled_Sobol
SOBOL4096_02514,6.852981373667717,76.4637365937233,0.14441068412736058,225.62173707410693,40.75463014189154,94.04677973594517,Scrambled_Sobol
SOBOL4096_02515,14.80673085898161,62.54995493218303,0.271147848777473,252.07650850526989,47.42817340884358,58.19356291554868,Scrambled_Sobol
SOBOL4096_02516,23.370566815137863,99.11279934458435,0.05814112063497305,222.17386626638472,105.27448086533695,10.302820052020252,Scrambled_Sobol
SOBOL4096_02517,26.636618599295616,69.482944579795,0.1795823604054749,210.97401418723166,95.1474300539121,38.3630245923996,Scrambled_Sobol
SOBOL4096_02518,15.18089447170496,92.37438924610615,0.3450905268080533,263.2887604366988,57.22331171389669,85.51864756736904,Scrambled_Sobol
SOBOL4096_02519,3.1548048555850983,56.20957380160689,0.07030425962060691,236.83252988383174,29.632785110734403,73.40971840545535,Scrambled_Sobol
SOBOL4096_02520,34.903474263846874,82.22606773488224,0.23581171255558728,268.89364194124937,88.66065689828247,26.252443944104016,Scrambled_Sobol
SOBOL4096_02521,30.960273258388042,67.60480897501111,0.09950831383466721,258.4746379032731,45.469335690140724,13.079325747676194,Scrambled_Sobol
SOBOL4096_02522,2.102205604314804,93.96258420310915,0.21751721069216728,204.70436980947852,72.79034085571766,60.23512938991189,Scrambled_Sobol
SOBOL4096_02523,18.81650272756815,57.45341167785227,0.20991852914914488,273.69667085818946,100.39383996278048,95.7244865829125,Scrambled_Sobol
SOBOL4096_02524,28.006578609347343,80.68623300641775,0.3279252629540861,243.0914239678532,52.01058525592089,48.56739278882742,Scrambled_Sobol
SOBOL4096_02525,22.006082087755203,51.10511938109994,0.3009303043782711,231.89294249750674,63.46579938195646,17.91098158340901,Scrambled_Sobol
SOBOL4096_02526,11.176636032760143,87.229044130072,0.040422132313251494,284.91030412726104,89.27061497233808,65.8002960961312,Scrambled_Sobol
SOBOL4096_02527,7.9098352044820786,73.7573052290827,0.38684689393267035,215.91379737481475,82.58410426788032,77.53379655536264,Scrambled_Sobol
SOBOL4096_02528,39.032264687120914,88.00618071109056,0.12633943533524872,247.2719507291913,35.343503979966044,29.643235066905618,Scrambled_Sobol
SOBOL4096_02529,39.42620784044266,52.53204922191799,0.04895101882517338,269.1336957924068,98.52859613019973,47.90918504353613,Scrambled_Sobol
SOBOL4096_02530,8.595526479184628,85.89064022526145,0.2619577356427908,239.23208352178335,61.93277504760772,95.07803388871253,Scrambled_Sobol
SOBOL4096_02531,10.328590050339699,72.06831835210323,0.15341567082330584,263.0480869952589,26.25156805384904,59.22325688879937,Scrambled_Sobol
SOBOL4096_02532,21.452225632965565,89.80195564217865,0.3664245733432472,208.57521425001323,83.95116284955293,12.056014938279986,Scrambled_Sobol
SOBOL4096_02533,28.535409532487392,66.30608919076622,0.25055707834661006,219.77785314433277,73.82532100658864,30.486808666028082,Scrambled_Sobol
SOBOL4096_02534,19.678585529327393,95.36813898012042,0.08504963673651218,251.8386218789965,36.045341598801315,78.36597714573145,Scrambled_Sobol
SOBOL4096_02535,1.3927095010876656,59.2705599963665,0.330531003754586,228.01841270178556,50.80953992437571,66.2553469510749,Scrambled_Sobol
SOBOL4096_02536,30.581587627530098,78.95756070502102,0.16502282602712512,280.332128982991,109.98382038902491,18.377832788974047,Scrambled_Sobol
SOBOL4096_02537,34.21648599207401,70.82434091717005,0.31279751533642414,245.40261616930366,66.81325366720557,8.172037657350302,Scrambled_Sobol
SOBOL4096_02538,2.7620061114430428,90.95057123340666,0.19479079285636544,214.7977126017213,93.94634624943137,56.05102546978742,Scrambled_Sobol
SOBOL4096_02539,15.736047923564911,54.410782596096396,0.23245975542813538,286.778970817104,79.2366192676127,91.53904862701893,Scrambled_Sobol
SOBOL4096_02540,27.483520172536373,83.91196662560105,0.11445084724575282,233.00973269157112,30.66772172227502,43.66135379765183,Scrambled_Sobol
SOBOL4096_02541,22.509628422558308,60.3672755882144,0.13514726856723427,244.21100634150207,42.121731946244836,28.568954234942794,Scrambled_Sobol
SOBOL4096_02542,14.276602938771248,77.75936932303011,0.39565471583977346,275.5681297276169,68.11476410366595,75.73762170504779,Scrambled_Sobol
SOBOL4096_02543,7.230522595345974,64.2816191073507,0.03180023524910212,203.5854123905301,103.7414946872741,87.46991907246411,Scrambled_Sobol
SOBOL4096_02544,35.79556405544281,97.2987619228661,0.29230841863900425,256.6024306975305,56.68619272299111,40.30249574687332,Scrambled_Sobol
SOBOL4096_02545,37.37973768264055,63.86869824491441,0.2024503389187157,222.71306429058313,87.39206211641431,70.78653100412339,Scrambled_Sobol
SOBOL4096_02546,5.6909022480249405,99.25966309383512,0.3204570670612157,282.8497382067144,28.19831656292081,22.94378246180713,Scrambled_Sobol
SOBOL4096_02547,12.726623676717281,61.53132524341345,0.09204012360423804,219.47953048162162,58.65782095119357,35.047082803212106,Scrambled_Sobol
SOBOL4096_02548,24.083413779735565,75.04733935929835,0.21004901479929686,254.96871487237513,96.41574127599597,82.89143824018538,Scrambled_Sobol
SOBOL4096_02549,25.904222205281258,54.79394136928022,0.37956429021432997,266.2687796447426,106.54293362982571,54.83114239294082,Scrambled_Sobol
SOBOL4096_02550,17.280553467571735,81.98230573907495,0.11905683727934957,208.19169926457107,48.8627836573869,7.721908260136843,Scrambled_Sobol
SOBOL4096_02551,4.297334551811218,69.62904799729586,0.29364770065993073,271.5606195293367,39.320303136482835,43.58093509916216,Scrambled_Sobol
SOBOL4096_02552,32.62805934995413,93.69236626662314,0.03313953425735235,234.01184160262346,75.93816303648055,90.69182354956865,Scrambled_Sobol
SOBOL4096_02553,31.497407220304012,56.52605593204498,0.2755547024309635,201.79569568485022,34.11647342611104,80.11493466794491,Scrambled_Sobol
SOBOL4096_02554,0.4323318600654602,80.14950682409108,0.06254796862602234,261.2294108979404,81.19124047923833,33.00551986787468,Scrambled_Sobol
SOBOL4096_02555,18.728562779724598,68.2391922455281,0.36182642897591,240.3970519732684,90.66368062514812,21.266073491424322,Scrambled_Sobol
SOBOL4096_02556,29.461630955338478,94.98759387061,0.14881753211840987,276.58885174430907,64.69270755071193,68.37678127456456,Scrambled_Sobol
SOBOL4096_02557,20.531516075134277,74.78307522833347,0.07489660918712616,287.8902817610651,53.237433577887714,99.03328378684819,Scrambled_Sobol
SOBOL4096_02558,11.284087263047695,88.64133027382195,0.2404040677845478,229.11059672944248,101.78688629996032,51.19035386946052,Scrambled_Sobol
SOBOL4096_02559,9.560195282101631,50.56762839667499,0.18417470997199414,249.9389216117561,71.39741722028702,15.706761395558715,Scrambled_Sobol
SOBOL4096_02560,38.514642007648945,86.30092954263091,0.3496828820370138,213.09309165924788,44.242285820655525,63.55093545746058,Scrambled_Sobol
SOBOL4096_02561,38.45319330692291,74.61562757380307,0.18677030049264431,201.0590043477714,32.6362662576139,82.79738765675575,Scrambled_Sobol
SOBOL4096_02562,9.57563754171133,88.52265104651451,0.3062614092975855,259.1302428767085,79.69090959057212,34.9559092707932,Scrambled_Sobol
SOBOL4096_02563,11.298858597874641,50.39338571950793,0.10641867963597179,241.11159631051123,91.4999089576304,22.852671393193305,Scrambled_Sobol
SOBOL4096_02564,20.469369776546955,86.1753601115197,0.22591195149347185,278.6662160884589,65.50881216302514,70.69249723106623,Scrambled_Sobol
SOBOL4096_02565,29.517961405217648,56.544718565419316,0.38893591679632666,289.96627549640834,54.38498110510409,90.60032743494958,Scrambled_Sobol
SOBOL4096_02566,18.708012998104095,80.21703325212002,0.126944083198905,229.8237704578787,102.95581401325762,43.48656157962978,Scrambled_Sobol
SOBOL4096_02567,0.4122944548726082,68.26927503570914,0.28557792169973256,247.84112956374884,69.56446674652398,7.627472630701959,Scrambled_Sobol
SOBOL4096_02568,31.55429817736149,95.0666360091418,0.023585374634712934,212.3577762953937,42.43071553297341,54.73962911404669,Scrambled_Sobol
SOBOL4096_02569,32.61114604771137,54.76083131507039,0.26729649582877757,224.79008799418807,85.55718657094985,68.2852849829942,Scrambled_Sobol
SOBOL4096_02570,4.35979176312685,81.90023652277887,0.052805392686277625,283.56462854892015,26.38356473762542,21.17170014884323,Scrambled_Sobol
SOBOL4096_02571,17.343522310256958,69.61341411806643,0.37175181541591884,217.38070846535265,59.80863139498979,32.91108406148851,Scrambled_Sobol
SOBOL4096_02572,25.887870155274868,93.62786840647459,0.15725854922086,254.23168289475143,97.58667543996125,80.02342156600207,Scrambled_Sobol
SOBOL4096_02573,24.104972071945667,64.04601568356156,0.08872140819206835,265.5331182759255,107.38234381657094,63.45688469707966,Scrambled_Sobol
SOBOL4096_02574,12.668822184205055,99.38830747269094,0.2557132361270487,206.0942478571087,49.68081365805119,15.615588040091097,Scrambled_Sobol
SOBOL4096_02575,5.632430575788021,61.69569664634764,0.16868310201913117,272.2741338983178,37.83808983396739,51.09924262389541,Scrambled_Sobol
SOBOL4096_02576,37.400597631931305,75.16294214874506,0.3356756434217096,236.08748933300376,74.43456954788417,98.93925019074231,Scrambled_Sobol
SOBOL4096_02577,35.85000563412905,60.54613091982901,0.05739182429388165,247.5455467775464,62.31953286100179,12.147511937655509,Scrambled_Sobol
SOBOL4096_02578,7.208044603466988,77.88952756673098,0.27188292177394036,215.49061989411712,89.47274916339666,59.317629523575306,Scrambled_Sobol
SOBOL4096_02579,14.253608547151089,64.44447645917535,0.14367288183420895,284.6581872086972,83.04627497214824,95.17246898729354,Scrambled_Sobol
SOBOL4096_02580,22.563523054122925,97.41282700560987,0.3581661650165916,232.33862907625735,34.49750114697963,48.00069885328412,Scrambled_Sobol
SOBOL4096_02581,27.423806563019753,70.79276875592768,0.23654968472197652,243.5412733349949,45.61998739372939,18.471882841549814,Scrambled_Sobol
SOBOL4096_02582,15.753262229263783,90.87001588195562,0.06955786244943737,273.44871672801673,71.59163936506957,66.34652101434767,Scrambled_Sobol
SOBOL4096_02583,2.7798858284950256,54.39363466575742,0.3458400156721473,204.2769437097013,99.60043612401932,78.45708909910172,Scrambled_Sobol
SOBOL4096_02584,34.15748503059149,83.84593105874956,0.17884745728224516,258.7439853325486,52.5237539736554,30.5808415543288,Scrambled_Sobol
SOBOL4096_02585,30.604883395135403,66.32626568898559,0.32866023898124697,268.4629328176379,94.38435571268201,43.755403673276305,Scrambled_Sobol
SOBOL4096_02586,1.3366824388504028,95.43720330111682,0.20916914716362953,237.11095390841365,57.76841090992093,91.63022286724299,Scrambled_Sobol
SOBOL4096_02587,19.6232246235013,59.299105079844594,0.21826388603076338,263.74064828269184,29.751829635351896,56.1421372462064,Scrambled_Sobol
SOBOL4096_02588,28.559417203068733,79.03508879244328,0.09877060851082206,210.71848549880087,87.43130071088672,8.266070722602308,Scrambled_Sobol
SOBOL4096_02589,21.433425843715668,52.36611543223262,0.12559295251965522,221.9197537843138,77.63690178282559,40.39399256929755,Scrambled_Sobol
SOBOL4096_02590,10.389121435582638,85.77349889092147,0.38758476912975315,252.5298125576228,39.8783025611192,87.56429188419133,Scrambled_Sobol
SOBOL4096_02591,8.655540719628334,71.89253796823323,0.039687326159328226,225.8986590616405,46.31255620159209,75.83205662667751,Scrambled_Sobol
SOBOL4096_02592,39.4068618491292,89.67487215995789,0.3016798788867891,279.66274198144674,105.50821685232222,28.660468221642077,Scrambled_Sobol
SOBOL4096_02593,39.00978937745094,51.02777085267007,0.3671596456319094,256.3535109721124,40.99630794022232,10.211328715085983,Scrambled_Sobol
SOBOL4096_02594,7.964278869330883,87.20036866143346,0.15266637377440928,204.03360951691866,68.29589238855988,58.099195943214,Scrambled_Sobol
SOBOL4096_02595,11.230528578162193,73.68827741593122,0.2627043260447681,275.8399447891861,104.224186190404,93.9523389749229,Scrambled_Sobol
SOBOL4096_02596,21.98308501392603,87.98592151142657,0.04821321723982692,243.7839879374951,55.81951076630503,46.06612712610513,Scrambled_Sobol
SOBOL4096_02597,28.023795001208782,67.73178442381322,0.16427642814815044,232.58413049392402,66.94340230431408,26.158388229086995,Scrambled_Sobol
SOBOL4096_02598,18.756791800260544,94.1385188139975,0.33126897521317006,287.05220208503306,92.76830108370632,73.31853867974132,Scrambled_Sobol
SOBOL4096_02599,2.0432019606232643,57.570492662489414,0.0843147343210876,215.2444076910615,78.42239571269602,85.42754127644002,Scrambled_Sobol
SOBOL4096_02600,30.978150889277458,80.85217797197402,0.25130656791850925,245.15219440683722,31.20187861379236,38.268997366540134,Scrambled_Sobol
SOBOL4096_02601,34.847449883818626,69.36889067292213,0.11370146596804262,280.78785775229335,73.04172586649656,48.47333725076169,Scrambled_Sobol
SOBOL4096_02602,3.17810270935297,92.21147154457867,0.23319473216310144,227.76466500014067,36.61111991852522,95.63330668024719,Scrambled_Sobol
SOBOL4096_02603,15.204900056123734,56.07956978492439,0.19405308682471514,251.4054022077471,50.90774193406105,60.14402327593416,Scrambled_Sobol
SOBOL4096_02604,26.58125501126051,82.04710436984897,0.31354418996721506,220.05307997576892,108.77547010779381,12.985298344865441,Scrambled_Sobol
SOBOL4096_02605,23.43110028654337,61.841798946261406,0.29304629454389214,208.8546038698405,98.97966082207859,29.55174390692264,Scrambled_Sobol
SOBOL4096_02606,14.787933751940727,76.4809210319072,0.03105375314131379,262.61903011240065,61.035459293052554,77.43942940607667,Scrambled_Sobol
SOBOL4096_02607,6.833632700145245,62.63037989847362,0.39640428964048624,238.97408720105886,25.156453913077712,65.70585551206023,Scrambled_Sobol
SOBOL4096_02608,35.1447831094265,99.1445510648191,0.13441246170550586,269.5851759426296,84.16424251161516,17.819461934268475,Scrambled_Sobol
SOBOL4096_02609,36.68011639267206,65.37183220498264,0.2107955146022141,212.8181652352214,53.79234828054905,81.046754848212,Scrambled_Sobol
SOBOL4096_02610,5.245201215147972,97.94955318793654,0.09130223141983151,250.37175504490733,101.0349041968584,33.92302468884736,Scrambled_Sobol
SOBOL4096_02611,13.208640627563,59.91174764931202,0.3211918675526977,229.36412985436618,70.15712965279818,21.818084716796875,Scrambled_Sobol
SOBOL4096_02612,24.975600987672806,76.86451789923012,0.20170077007263898,287.4350250605494,44.35167569667101,68.94347025547177,Scrambled_Sobol
SOBOL4096_02613,25.03128044307232,53.36786466650665,0.03240454124286771,276.1375861708075,33.22904854081571,98.47237615846097,Scrambled_Sobol
SOBOL4096_02614,16.778680719435215,83.21078149601817,0.29439709963276983,240.65457622520626,81.61166488192976,50.64412399660796,Scrambled_Sobol
SOBOL4096_02615,4.762281030416489,71.33025974035263,0.11831016760319472,261.658167373389,90.9070763271302,14.783475222066045,Scrambled_Sobol
SOBOL4096_02616,33.30782484263182,91.79813046939671,0.3803019898757339,201.5166923031211,63.588026789948344,62.6133339246735,Scrambled_Sobol
SOBOL4096_02617,31.94282453507185,57.98036176711321,0.1480795542895794,234.43847376853228,106.73524724785239,73.18876755889505,Scrambled_Sobol
SOBOL4096_02618,1.1316312849521637,78.8882250431925,0.36257283180952077,271.28910487517715,47.70541983190924,25.360334375873208,Scrambled_Sobol
SOBOL4096_02619,17.836087085306644,66.57078652642667,0.061798496749252085,207.74397420696914,38.485236749984324,37.098514842800796,Scrambled_Sobol
SOBOL4096_02620,28.97928737103939,96.85360053554177,0.2762895885668695,266.5174847934395,76.40999345574528,84.92819252423942,Scrambled_Sobol
SOBOL4096_02621,21.03306695818901,73.3081704005599,0.35043218404054643,255.21866456605494,86.2044528638944,52.800180786289275,Scrambled_Sobol
SOBOL4096_02622,12.156745307147503,89.91863415576518,0.18343963131308555,219.0330499690026,28.35878377314657,5.676268897950649,Scrambled_Sobol
SOBOL4096_02623,8.880103155970573,52.220012014731765,0.24114185309037564,282.57689317688346,59.16133502032608,41.15859050769359,Scrambled_Sobol
SOBOL4096_02624,38.04940704256296,84.45552187040448,0.07415003648027778,223.13836608082056,95.61140605714172,88.2837943173945,Scrambled_Sobol
SOBOL4096_02625,37.736195400357246,57.156327459961176,0.2516164163500071,270.7611039839685,67.6885102596134,63.6364167323336,Scrambled_Sobol
SOBOL4096_02626,9.191867597401142,81.17040335200727,0.08610968254506589,234.6135925129056,41.88384666107595,16.550195114687085,Scrambled_Sobol
SOBOL4096_02627,12.467806339263916,67.31595196761191,0.33826503498479726,267.0454427693039,56.261232076212764,52.40351952146739,Scrambled_Sobol
SOBOL4096_02628,20.719180665910244,94.4549785926938,0.17275613812729715,207.56881254725158,103.5023086052388,99.49103376828134,Scrambled_Sobol
SOBOL4096_02629,29.28800482302904,74.05512379482388,0.05095836840569973,218.8566383998841,93.70823614299297,67.73420637939125,Scrambled_Sobol
SOBOL4096_02630,17.519818916916847,87.52275384031236,0.2639658270031214,255.74538336135447,66.38738296926022,19.8680829256773,Scrambled_Sobol
SOBOL4096_02631,0.8159187063574791,51.39323608018458,0.16061336128041148,223.3148205652833,30.428313352167606,31.977266897447407,Scrambled_Sobol
SOBOL4096_02632,32.25204974412918,86.7359122261405,0.37362153334543113,282.05021729692817,78.81204430013895,79.84463414177299,Scrambled_Sobol
SOBOL4096_02633,33.62142503261566,63.04616597481072,0.13101209813728928,249.49080226942897,35.64152111764997,90.04897402599454,Scrambled_Sobol
SOBOL4096_02634,4.450895749032497,98.82775582373142,0.39151882627978923,214.04659282416105,73.56516321655363,42.18303230125457,Scrambled_Sobol
SOBOL4096_02635,16.467850878834724,62.25620126351714,0.020978774912655353,288.3159349206835,109.57869911100715,6.693567521870136,Scrambled_Sobol
SOBOL4096_02636,25.345388539135456,76.16284037940204,0.2814876661077142,228.13565935008228,50.55067533161491,54.5611164951697,Scrambled_Sobol
SOBOL4096_02637,24.667272232472897,55.71415354497731,0.30812600413337354,239.42211995832622,61.67283954564482,82.97665054909885,Scrambled_Sobol
SOBOL4096_02638,13.525287806987762,82.51189291477203,0.1901185511983931,277.0144995395094,98.12438996974379,35.89060995262116,Scrambled_Sobol
SOBOL4096_02639,5.561145134270191,69.00180457159877,0.22258630666881798,202.74919148534536,83.69252307806164,24.15685468353331,Scrambled_Sobol
SOBOL4096_02640,36.37111283838749,92.67449784092605,0.10457814026623964,260.7812969200313,25.846063629724085,71.24454995151609,Scrambled_Sobol
SOBOL4096_02641,35.45649524778128,71.74436254426837,0.38423000307753685,227.2351996228099,101.38176755513996,39.47184286545962,Scrambled_Sobol
SOBOL4096_02642,6.520320773124695,91.47996786050498,0.12372328059747816,280.9615227393806,52.978571518324316,87.37402386032045,Scrambled_Sobol
SOBOL4096_02643,14.474071152508259,53.783729718998075,0.3035269477590919,220.58250243775547,43.83846280630678,75.26926526334137,Scrambled_Sobol
SOBOL4096_02644,23.74229021370411,82.89428874850273,0.04301803957670927,251.2316943053156,71.13725689705461,27.368376897647977,Scrambled_Sobol
SOBOL4096_02645,26.26489609479904,59.5449342392385,0.20657971100881695,262.4411647859961,80.93260324094445,45.04819430876523,Scrambled_Sobol
SOBOL4096_02646,15.51355566829443,77.32765297405422,0.3245871582813561,209.3798581790179,33.71097153518349,92.19366824254394,Scrambled_Sobol
SOBOL4096_02647,3.487466350197792,65.0063042063266,0.10286738228052855,269.7630841843784,64.43276951555163,56.33320084307343,Scrambled_Sobol
SOBOL4096_02648,34.531751461327076,98.414072021842,0.22087556567043065,238.4488758072257,90.25947193149477,9.18897069990635,Scrambled_Sobol
SOBOL4096_02649,30.666674859821796,51.804288337007165,0.07288346126675606,203.15394956618547,48.43782554380596,19.764404334127903,Scrambled_Sobol
SOBOL4096_02650,2.3567403107881546,84.77225434035063,0.23839017808437346,257.5832206569612,106.30375008098781,66.91005999688059,Scrambled_Sobol
SOBOL4096_02651,19.07103832811117,72.89373548701406,0.17698281785473227,244.66360497288406,75.51190665923059,78.64805908873677,Scrambled_Sobol
SOBOL4096_02652,27.712979316711426,90.23674777708948,0.3424917203746736,274.6101921889931,39.082415318116546,31.50401067454368,Scrambled_Sobol
SOBOL4096_02653,22.299679890275,66.93616979755461,0.2744895660877228,285.82102791406214,27.9589107260108,11.225087428465486,Scrambled_Sobol
SOBOL4096_02654,10.92209953814745,96.38884458690882,0.0614821244776249,233.46233668737113,86.96748968213797,59.12744944449514,Scrambled_Sobol
SOBOL4096_02655,7.655299007892609,58.347510639578104,0.35409819608554244,246.38341149315238,96.17762863636017,94.60958967916667,Scrambled_Sobol
SOBOL4096_02656,39.32586219161749,78.42513634823263,0.14109001835808158,214.36624441295862,58.23194772005081,46.70888233464211,Scrambled_Sobol
SOBOL4096_02657,39.71858583390713,68.73234994709492,0.028446919843554498,237.28598145768046,80.204928512685,29.373024431988597,Scrambled_Sobol
SOBOL4096_02658,8.342212177813053,94.69950017519295,0.2889558167010546,267.9348300024867,31.655323798768222,76.50563489180058,Scrambled_Sobol
SOBOL4096_02659,10.0752754509449,57.009464455768466,0.13848024306818843,210.54341503418982,65.1604952244088,64.40221563912928,Scrambled_Sobol
SOBOL4096_02660,21.74460392445326,79.85166078433394,0.3989869768731296,264.2687081824988,92.31515038292855,17.268315381370485,Scrambled_Sobol
SOBOL4096_02661,28.24303213506937,50.07525831460953,0.22986895568668841,253.05645088665187,102.10928269196302,49.02523407712579,Scrambled_Sobol
SOBOL4096_02662,19.93190161883831,86.58980806358159,0.11186078362166882,221.7432724777609,55.03436364699155,96.93774212617427,Scrambled_Sobol
SOBOL4096_02663,1.6460246965289116,74.29888504557312,0.31540865315124395,279.1361465677619,43.11091695446521,61.078471802175045,Scrambled_Sobol
SOBOL4096_02664,30.289211124181747,88.93838552758098,0.19740119455382227,226.07518328353763,69.08141378778964,13.16471713129431,Scrambled_Sobol
SOBOL4096_02665,33.84598270058632,61.23119085095823,0.33385822663083675,216.71896701678634,27.28051175363362,26.710373000241816,Scrambled_Sobol
SOBOL4096_02666,3.093445710837841,75.52845636382699,0.1683493354357779,246.66452426463366,84.96113796718419,74.62269932031631,Scrambled_Sobol
SOBOL4096_02667,16.067487224936485,63.582891412079334,0.24720960799604655,231.1102390382439,96.85605832375586,86.362264608033,Scrambled_Sobol
SOBOL4096_02668,27.113017179071903,99.75511082448065,0.08170287985354661,285.5391668062657,60.238350415602326,38.44832820817828,Scrambled_Sobol
SOBOL4096_02669,22.880129925906658,69.92991990409791,0.1560209664143622,274.32553890161216,49.11604465916753,10.032702847383916,Scrambled_Sobol
SOBOL4096_02670,13.945162743330002,93.21198957040906,0.36902913281694055,242.3087151441723,108.31026645377278,57.165132286027074,Scrambled_Sobol
SOBOL4096_02671,6.899081505835056,55.07900472730398,0.04636597353965044,257.8672060742974,74.83363656327128,92.64896824490279,Scrambled_Sobol
SOBOL4096_02672,36.16606645286083,81.48612366057932,0.25937342647463085,205.50954481586814,37.07586823031306,45.514886965975165,Scrambled_Sobol
SOBOL4096_02673,37.08739798516035,53.93059831112623,0.18157521413639188,283.7383632734418,89.03248206712306,53.72314871288836,Scrambled_Sobol
SOBOL4096_02674,5.944178253412247,84.21302796341479,0.3470841223187745,224.26070308312774,63.03994641639292,5.867355144582689,Scrambled_Sobol
SOBOL4096_02675,12.979899980127811,70.32796642743051,0.07747585754841566,254.05790525488555,35.10407787747681,41.72201323322952,Scrambled_Sobol
SOBOL4096_02676,23.79107378423214,91.23544516041875,0.2429825800284743,217.91005046106875,82.1595520991832,89.57651700358838,Scrambled_Sobol
SOBOL4096_02677,26.19656130671501,64.7625470533967,0.3585050058551133,206.61960409022868,72.36406421288848,71.89678948372602,Scrambled_Sobol
SOBOL4096_02678,17.027275674045086,96.998435491696,0.14549682246521115,265.35534414462745,45.23146813735366,24.797701560892165,Scrambled_Sobol
SOBOL4096_02679,4.04405765235424,60.86291237734258,0.2788963758572936,235.56217601522803,51.58560687676072,36.90808827057481,Scrambled_Sobol
SOBOL4096_02680,32.92039755731821,77.47375452890992,0.06588892858475447,272.4519509449601,100.1546766795218,84.00592957157642,Scrambled_Sobol
SOBOL4096_02681,31.867872215807438,72.35700520686805,0.29624429732561114,260.36005448549986,56.96339394431561,97.18049169052392,Scrambled_Sobol
SOBOL4096_02682,0.10093055665493011,89.30939687415957,0.035735394805669785,200.17943559214473,94.74320109467953,50.08122203871608,Scrambled_Sobol
SOBOL4096_02683,18.39716177433729,52.82929614186287,0.3769473526440561,277.4363615643233,88.4020399255678,14.593317792750895,Scrambled_Sobol
SOBOL4096_02684,29.83209565281868,85.40663872845471,0.11644063582643867,241.99112215079367,29.227262954227626,61.69097736477852,Scrambled_Sobol
SOBOL4096_02685,20.161052867770195,58.98265610449016,0.0953992359340191,230.7020463887602,40.35082739312202,81.96981071960181,Scrambled_Sobol
SOBOL4096_02686,11.615489162504673,79.45091119036078,0.21340741366147994,288.7351817917079,76.94647621829063,34.11383613012731,Scrambled_Sobol
SOBOL4096_02687,9.89159807562828,66.00805334746838,0.1991115646623075,211.47954327985644,104.86938238609582,22.381782247684896,Scrambled_Sobol
SOBOL4096_02688,38.14417790621519,95.85135472007096,0.3171190062724054,249.07226618379354,47.169291083700955,70.23610499687493,Scrambled_Sobol
SOBOL4096_02689,38.358868435025215,56.02333890274167,0.10033714942634106,216.98451803065836,104.01779258623719,46.22810444328934,Scrambled_Sobol
SOBOL4096_02690,9.71566367894411,82.39952302537858,0.2198282469063997,254.66496023349464,56.775571051985025,93.3272136002779,Scrambled_Sobol
SOBOL4096_02691,11.752054691314697,69.30944160558283,0.20479600308462978,225.21923473104835,42.03243499621749,57.936471183784306,Scrambled_Sobol
SOBOL4096_02692,20.063243471086025,92.56067182868719,0.32428928626701237,283.16430751234293,67.83822333440185,10.838651116937399,Scrambled_Sobol
SOBOL4096_02693,29.92959875613451,62.76593217626214,0.3032217938452959,271.9548397138715,79.29250967688859,37.688814788125455,Scrambled_Sobol
SOBOL4096_02694,18.260289803147316,98.9080750849098,0.04122997157275676,236.42188167199492,30.91022771783173,85.54458712227643,Scrambled_Sobol
SOBOL4096_02695,0.27655865997076035,61.980618024244905,0.3831899209134281,265.86340147070587,66.57099054194987,73.89801911544055,Scrambled_Sobol
SOBOL4096_02696,31.652875244617462,76.24771166592836,0.12119736252352596,205.77084452845156,93.89037446118891,26.043494110926986,Scrambled_Sobol
SOBOL4096_02697,33.09602677822113,73.58305086381733,0.35379306623712187,241.41714953817427,50.69909900892526,12.497877879068255,Scrambled_Sobol
SOBOL4096_02698,3.829061947762966,88.1916880607605,0.1393019744195044,278.39498708955944,109.72859204281121,60.35383123438805,Scrambled_Sobol
SOBOL4096_02699,17.124779894948006,50.919659715145826,0.27344950798898937,200.78641278669238,74.080791589804,96.12002500332892,Scrambled_Sobol
SOBOL4096_02700,26.059690602123737,87.40325081162155,0.05895623046904802,259.434433542192,36.15570050198585,48.265681019984186,Scrambled_Sobol
SOBOL4096_02701,23.927640579640865,57.65743223018944,0.17445256376639007,248.22359513491392,26.029506544582546,18.07422401383519,Scrambled_Sobol
SOBOL4096_02702,12.882091701030731,80.46943284571171,0.341444380376488,211.9876783899963,83.87484125327319,65.17351489979774,Scrambled_Sobol
SOBOL4096_02703,6.158870048820972,67.82156145200133,0.07109973210841418,289.59479357115924,98.60499973874539,77.18391988426447,Scrambled_Sobol
SOBOL4096_02704,36.91146470606327,93.7586113344878,0.23809228483587502,230.2048520091921,62.15459431987256,30.086281546391547,Scrambled_Sobol
SOBOL4096_02705,35.95107074826956,66.62739953026175,0.16170125709846614,263.43647102825344,71.27920572180301,69.56932537723333,Scrambled_Sobol
SOBOL4096_02706,7.074710726737976,96.50080124847591,0.3761923659034074,210.99109047092497,43.97926662582904,21.656838562339544,Scrambled_Sobol
SOBOL4096_02707,13.808292038738728,58.04019314236939,0.05130843680351972,268.73415376991034,53.500695009715855,33.29642212484032,Scrambled_Sobol
SOBOL4096_02708,22.977634146809578,78.53864394128323,0.2658017086610198,236.80539263412356,101.90501578617841,81.21019802987576,Scrambled_Sobol
SOBOL4096_02709,27.015208899974823,52.084077429026365,0.3400937026925385,225.51756409928203,90.44940996449441,62.49700791668147,Scrambled_Sobol
SOBOL4096_02710,16.20405402034521,84.69237866811454,0.17310186909511685,280.03421049565077,64.62415653746575,15.364376222714782,Scrambled_Sobol
SOBOL4096_02711,2.917512431740761,73.16896920092404,0.25419450815767053,222.28985973633826,34.18510645162314,50.759747861884534,Scrambled_Sobol
SOBOL4096_02712,34.060674495995045,90.15222415328026,0.0872019610926509,252.14735503308475,81.40526890289038,97.89362688548863,Scrambled_Sobol
SOBOL4096_02713,30.113276727497578,60.01735501922667,0.22441495031118391,285.05849483422935,39.60437415167689,84.7191044036299,Scrambled_Sobol
SOBOL4096_02714,1.8607152253389359,76.65836904197931,0.10492384716868401,231.909468928352,76.03533474728465,37.58665373083204,Scrambled_Sobol
SOBOL4096_02715,19.83409222215414,65.48032397404313,0.3107040718756616,247.11227748543024,106.44584329798818,25.568720353767276,Scrambled_Sobol
SOBOL4096_02716,28.379597663879395,97.74628891609609,0.19121080568060278,215.88681837543845,48.57846977189183,72.7027803985402,Scrambled_Sobol
SOBOL4096_02717,21.607731953263283,71.24293954111636,0.022066691964864733,204.60036044940352,58.70591797865927,88.81686467677355,Scrambled_Sobol
SOBOL4096_02718,10.17277855426073,92.18125771731138,0.28405851989984515,258.41371554881334,96.65047415532172,40.90455959085375,Scrambled_Sobol
SOBOL4096_02719,8.127215206623077,53.27770682051778,0.13136218776926398,243.2068729493767,87.15757210738957,5.142451096326113,Scrambled_Sobol
SOBOL4096_02720,39.89421393722296,83.59107128344476,0.39335472917184233,273.768002865836,28.150138156488538,53.056408730335534,Scrambled_Sobol
SOBOL4096_02721,39.18899141252041,69.84693259000778,0.2807322929054499,251.69035607017577,92.4559466028586,70.5776377953589,Scrambled_Sobol
SOBOL4096_02722,7.752803303301334,93.48878641612828,0.06623900972306729,219.7612516116351,65.302436449565,23.432139796204865,Scrambled_Sobol
SOBOL4096_02723,10.70710375905037,54.9975689034909,0.3610758511535824,280.4919202439487,32.17857962939888,35.07296573370695,Scrambled_Sobol
SOBOL4096_02724,22.475309185683727,81.7643734626472,0.14658475367352367,228.04550971835852,80.72705960366875,82.2171718114987,Scrambled_Sobol
SOBOL4096_02725,27.53704611212015,61.34623475372791,0.07856810353696346,239.33595340698957,69.27279321011156,55.36691683344543,Scrambled_Sobol
SOBOL4096_02726,19.28573004901409,75.22270199842751,0.24556066192686557,269.1944786719978,43.300847387872636,7.46475990395993,Scrambled_Sobol
SOBOL4096_02727,2.2589321061968803,63.69328792206943,0.18192093519493938,208.45977599732578,55.5070369085297,42.86142558790743,Scrambled_Sobol
SOBOL4096_02728,30.803241580724716,99.44480126723647,0.3489127574674785,262.9767657164484,102.58342520799488,90.76233801897615,Scrambled_Sobol
SOBOL4096_02729,34.4339419901371,50.77355629764497,0.20020383471623063,275.4204084072262,60.76177090406418,80.55794717278332,Scrambled_Sobol
SOBOL4096_02730,3.6240319535136223,86.08527379110456,0.319697112236172,244.1939193289727,97.378009557724,32.65560922212899,Scrambled_Sobol
SOBOL4096_02731,15.337621197104454,74.99868329614401,0.09574498105794192,256.7620583437383,85.10178979486227,20.639326269738376,Scrambled_Sobol
SOBOL4096_02732,26.479586698114872,88.43545005656779,0.21523607287555932,203.61268911510706,27.422612570226192,68.54005767963827,Scrambled_Sobol
SOBOL4096_02733,23.52729331701994,68.06608228944242,0.37878324845805766,214.90176755934954,37.5487061496824,98.73160599265248,Scrambled_Sobol
SOBOL4096_02734,14.649699181318283,95.17500856891274,0.11679069573059679,245.46324079856277,75.30759922228754,51.58592626452446,Scrambled_Sobol
SOBOL4096_02735,6.383448876440525,56.33868891745806,0.2988151213899255,232.89381432347,108.50150148384273,15.825429265387356,Scrambled_Sobol
SOBOL4096_02736,35.5539982765913,80.32256909646094,0.03682330477982759,286.70819939114153,49.30613468401134,62.96945361420512,Scrambled_Sobol
SOBOL4096_02737,36.50767844170332,59.06596723943949,0.3151107457466424,208.16488119773567,82.67388347536325,47.421960197389126,Scrambled_Sobol
SOBOL4096_02738,5.4633356630802155,79.17378866113722,0.19561747388914227,266.10892401076853,35.619554258883,95.28805958572775,Scrambled_Sobol
SOBOL4096_02739,13.739978410303593,66.08990891836584,0.22882162418216467,234.02855042368174,63.18966709077358,59.89856520667672,Scrambled_Sobol
SOBOL4096_02740,24.49133776128292,95.57268405333161,0.10933051537722349,271.7086493037641,89.1810780018568,12.031173896975815,Scrambled_Sobol
SOBOL4096_02741,25.52101656794548,72.2416190430522,0.13595435755327342,282.92090928182006,100.63658344559371,30.7442741189152,Scrambled_Sobol
SOBOL4096_02742,16.252853982150555,89.61549461819232,0.3979469046182931,222.82869566231966,52.06606465391815,77.83051980193704,Scrambled_Sobol
SOBOL4096_02743,4.548398777842522,52.718462562188506,0.026658861748874187,254.90761012770236,45.41361405514181,66.18524017743766,Scrambled_Sobol
SOBOL4096_02744,33.48455313593149,85.7173872180283,0.28865069534629584,219.37568205408752,72.54767938517034,19.097749995999038,Scrambled_Sobol
SOBOL4096_02745,32.34955403953791,64.06468818895519,0.043840063959360125,229.0832985471934,29.37714828643948,8.522265399806201,Scrambled_Sobol
SOBOL4096_02746,0.6790479272603989,97.50253250822425,0.25833333015441895,287.7309759799391,88.55045600328594,55.60833006165922,Scrambled_Sobol
SOBOL4096_02747,17.695448212325573,60.163457319140434,0.15423288425430653,213.10998555272818,95.25738807860762,91.37617991771549,Scrambled_Sobol
SOBOL4096_02748,29.07300904393196,77.97634792514145,0.3687239873968065,250.08679313585162,57.479029917158186,44.28850871510804,Scrambled_Sobol
SOBOL4096_02749,20.933872386813164,54.596445290371776,0.24691172182559967,261.30041835829616,47.351601659320295,28.17451432812959,Scrambled_Sobol
SOBOL4096_02750,12.291873134672642,83.73793913051486,0.07991918042302132,201.91150676459074,105.05281770136207,76.04043198749423,Scrambled_Sobol
SOBOL4096_02751,9.328434318304062,70.99841609597206,0.33281091636046767,276.5282914880663,77.42823859211057,88.05244280491024,Scrambled_Sobol
SOBOL4096_02752,37.63838719576597,90.76486085541546,0.16581908842548726,240.2927180659026,40.83144476171583,40.18486976623535,Scrambled_Sobol
SOBOL4096_02753,37.95190393924713,63.37674302048981,0.3440562850981951,287.9046302381903,66.03352489881217,17.152731153182685,Scrambled_Sobol
SOBOL4096_02754,9.01697512716055,99.86071847379208,0.1785495626181364,228.55382244102657,92.02576669864357,64.98095924966037,Scrambled_Sobol
SOBOL4096_02755,11.981117203831673,61.02792760357261,0.23401942921802402,249.9130959622562,79.83024953864515,76.62196656223387,Scrambled_Sobol
SOBOL4096_02756,21.248063929378986,75.63694934360683,0.06851052103564144,213.63941874355078,32.774481466040015,28.792083794251084,Scrambled_Sobol
SOBOL4096_02757,28.764596842229366,55.46213095076382,0.14263282231986524,202.4367718026042,42.902251072227955,13.791280058212578,Scrambled_Sobol
SOBOL4096_02758,18.012021481990814,81.3988022506237,0.3556402695924044,261.12256376072764,70.03455329686403,60.91503428295255,Scrambled_Sobol
SOBOL4096_02759,0.9950657561421394,70.31020922586322,0.05708669302985073,239.76749594323337,103.14833052456379,96.31188134197146,Scrambled_Sobol
SOBOL4096_02760,32.04063393175602,93.12183144502342,0.2700948764197529,276.70618900097907,54.57896687090397,49.186519868671894,Scrambled_Sobol
SOBOL4096_02761,33.17125804722309,56.656663957983255,0.038647245410829784,267.3386444244534,97.72619017865509,38.98212902247906,Scrambled_Sobol
SOBOL4096_02762,4.860089309513569,79.9082727637142,0.2991539622284472,207.28523197583854,59.94667687918991,86.10606497619301,Scrambled_Sobol
SOBOL4096_02763,16.56398892402649,68.38276856578887,0.12528780002146958,270.478885974735,26.908122948370874,74.089600648731,Scrambled_Sobol
SOBOL4096_02764,25.2072137221694,94.75933108478785,0.38579670254141096,234.90815673023462,86.0831937706098,26.964420904405415,Scrambled_Sobol
SOBOL4096_02765,24.799971766769886,74.53574212267995,0.2164801795221865,223.7068911269307,74.62726084981114,45.30651797540486,Scrambled_Sobol
SOBOL4096_02766,13.423636332154274,88.80245140753686,0.09847273791208863,281.6897243820131,38.03190587554127,93.13492709305137,Scrambled_Sobol
SOBOL4096_02767,5.147696994245052,50.30884952284396,0.3261300075426698,218.4975295048207,50.15219467226416,57.374248718842864,Scrambled_Sobol
SOBOL4096_02768,36.816987097263336,86.45060788840055,0.2081218298152089,256.13883794285357,107.85257982555777,9.544546972028911,Scrambled_Sobol
SOBOL4096_02769,35.24259138852358,53.035063901916146,0.28592801274731755,244.36902734450996,34.648678726516664,88.99705355521291,Scrambled_Sobol
SOBOL4096_02770,6.697065904736519,85.30141320079565,0.025421278942376377,274.8923967871815,83.19859755691141,41.83687903918326,Scrambled_Sobol
SOBOL4096_02771,14.963867031037807,72.55988763645291,0.39002383526414636,203.43753818422556,89.98562426771969,6.447566035203636,Scrambled_Sobol
SOBOL4096_02772,23.216408491134644,89.20128620229661,0.12951493840664624,257.2900270484388,62.83128322567791,53.6060858797282,Scrambled_Sobol
SOBOL4096_02773,26.796250715851784,65.6253079418093,0.10899674879387021,245.98997032269835,52.70476216915995,84.16863734368235,Scrambled_Sobol
SOBOL4096_02774,15.029270835220814,95.9382938221097,0.22700420739129185,214.7253667190671,99.77999533060938,36.28079418092966,Scrambled_Sobol
SOBOL4096_02775,3.3149734139442444,58.6027474142611,0.18859894555062054,286.1815127823502,72.07468322012573,24.635695931501687,Scrambled_Sobol
SOBOL4096_02776,34.74994566291571,79.54068719409406,0.3066071176156402,233.07025807909667,46.10450050327927,72.52193184569478,Scrambled_Sobol
SOBOL4096_02777,31.115022860467434,70.68038461729884,0.17126119241118432,220.98968992941082,87.94435060583055,61.946447249501944,Scrambled_Sobol
SOBOL4096_02778,1.945698857307434,91.17921399883926,0.33676792055368426,250.80941402353346,30.263410275802016,14.05878581572324,Scrambled_Sobol
SOBOL4096_02779,18.97178877145052,54.27979757077992,0.09055007448419929,226.81702848523855,57.919433964416385,49.82645429670811,Scrambled_Sobol
SOBOL4096_02780,27.848166897892952,84.15357768535614,0.2560589656792581,281.37281937524676,94.53682775609195,97.71287193987519,Scrambled_Sobol
SOBOL4096_02781,22.1590194106102,60.62643742188811,0.3721018823981285,270.07138131186366,105.99143549799919,69.74942631088197,Scrambled_Sobol
SOBOL4096_02782,11.015838049352169,77.60930801741779,0.1590944294631481,238.10348641127348,46.79689958691597,22.589432816021144,Scrambled_Sobol
SOBOL4096_02783,8.062088266015053,64.52933815307915,0.2683843902312219,262.0999059919268,40.059156231582165,34.60126225836575,Scrambled_Sobol
SOBOL4096_02784,38.87322384864092,97.13725484907627,0.05537622382864356,209.6922859083861,77.81661044806242,81.75996312405914,Scrambled_Sobol
SOBOL4096_02785,39.582795053720474,62.34590574167669,0.12088099025189877,231.38009474612772,55.971830817870796,99.65228629298508,Scrambled_Sobol
SOBOL4096_02786,8.440848998725414,75.78305089846253,0.3813898984342814,285.23224028758705,104.37536123674363,51.777669354341924,Scrambled_Sobol
SOBOL4096_02787,10.486929640173912,63.13298586755991,0.034240435641258955,216.4161496423185,68.8076452864334,16.386745562776923,Scrambled_Sobol
SOBOL4096_02788,21.296859122812748,98.44508194364607,0.29474715812131763,246.9384891167283,41.509185577742755,64.26301434170455,Scrambled_Sobol
SOBOL4096_02789,28.696287982165813,68.89381310902536,0.3215376112610102,258.2359306886792,31.381435287185013,79.26372677087784,Scrambled_Sobol
SOBOL4096_02790,19.525720328092575,92.87730874493718,0.20352942787110806,205.12570595368743,78.60340137500316,32.09358795080334,Scrambled_Sobol
SOBOL4096_02791,1.551678217947483,55.60899954289198,0.2118877832405269,273.9458306413144,93.2528167264536,20.446838568896055,Scrambled_Sobol
SOBOL4096_02792,30.429254099726677,82.71754146553576,0.09388033596798778,242.68157036043704,67.42644869256765,67.61858746875077,Scrambled_Sobol
SOBOL4096_02793,34.37248192727566,67.45465211570263,0.24148757556453346,210.11151098646224,109.28704821504653,54.072971236892045,Scrambled_Sobol
SOBOL4096_02794,2.6042577996850014,94.22184121794999,0.07597867304459215,264.6662719082087,51.42078929580748,6.902650687843561,Scrambled_Sobol
SOBOL4096_02795,15.890134125947952,57.29180942289531,0.3515244314447046,237.68492920324206,36.763594495132565,42.66902583185583,Scrambled_Sobol
SOBOL4096_02796,27.32630353420973,80.93404760584235,0.1860177146270871,267.5043099746108,73.19275145418942,89.84059300273657,Scrambled_Sobol
SOBOL4096_02797,22.6613325253129,51.33385732769966,0.06436934346333147,278.80312751978636,84.64858336374164,71.49858723860234,Scrambled_Sobol
SOBOL4096_02798,14.117042943835258,87.08499227650464,0.27737752119079234,226.3958507589996,25.63967002555728,23.623789278790355,Scrambled_Sobol
SOBOL4096_02799,7.383979074656963,73.99901184253395,0.14991547275334596,253.3784809242934,61.21517049148679,35.63437563832849,Scrambled_Sobol
SOBOL4096_02800,35.63531503081322,87.87510050460696,0.36292291436344387,221.41161599196494,99.16051702573895,83.51046339608729,Scrambled_Sobol
SOBOL4096_02801,37.22496960312128,72.80364888720214,0.08326742546632887,277.8668950032443,44.877530904486775,27.99350722692907,Scrambled_Sobol
SOBOL4096_02802,5.847427472472191,90.61691788956523,0.24877632232382893,241.59218781627715,70.6818398553878,75.10729431640357,Scrambled_Sobol
SOBOL4096_02803,12.571319155395031,51.717086136341095,0.16397854339331389,259.9624827131629,101.17312193848193,86.74669650383294,Scrambled_Sobol
SOBOL4096_02804,24.241843968629837,85.15530903823674,0.3294852771982551,200.61133159324527,53.93169076181948,39.634561254642904,Scrambled_Sobol
SOBOL4096_02805,25.751304551959038,58.45588441006839,0.26091624530032276,211.81118635460734,64.058110807091,9.071919899433851,Scrambled_Sobol
SOBOL4096_02806,17.441331781446934,78.22194462642074,0.04790807323530316,248.75022273510695,91.37860933318734,56.913377051241696,Scrambled_Sobol
SOBOL4096_02807,4.14510115981102,67.0417059212923,0.3646337374672294,230.3813869599253,81.80565318092704,92.30856731534004,Scrambled_Sobol
SOBOL4096_02808,32.78708051890135,96.18281540460885,0.1516262788698077,289.06820888631046,33.42156758531928,44.46872024331242,Scrambled_Sobol
SOBOL4096_02809,31.33960645645857,53.644648753106594,0.39461623013019564,253.78392699174583,76.548036406748,31.294197761453688,Scrambled_Sobol
SOBOL4096_02810,0.5882276594638824,83.12780843116343,0.1341073389351368,218.21285442449152,38.624748955480754,79.13547318428755,Scrambled_Sobol
SOBOL4096_02811,18.571446277201176,71.60849994979799,0.29052040761336684,284.0452978387475,48.231429564766586,67.11772118229419,Scrambled_Sobol
SOBOL4096_02812,29.615769609808922,91.71670572832227,0.03001367947086692,223.99085542187095,107.25980799179524,19.27769238129258,Scrambled_Sobol
SOBOL4096_02813,20.37186548113823,65.06606359034777,0.19300575390458105,235.18933421000838,95.8052195655182,47.2412279015407,Scrambled_Sobol
SOBOL4096_02814,11.435729376971722,98.0646098498255,0.31101392030715946,272.83167261630297,59.354023789055645,94.35483396984637,Scrambled_Sobol
SOBOL4096_02815,9.400008246302605,59.6014270093292,0.11340355714783074,207.00343490578234,28.829022315330803,58.592906850390136,Scrambled_Sobol
SOBOL4096_02816,38.66818908601999,76.97492400184274,0.23141101008281112,264.9866114836186,86.67583641130477,11.480590580031276,Scrambled_Sobol
SOBOL4096_02817,38.69983956217766,59.67265563085675,0.381783894635737,242.88467552512884,94.0395596018061,78.9740351261571,Scrambled_Sobol
SOBOL4096_02818,9.529337994754314,77.08930498920381,0.11979135323315859,274.10532845184207,66.7200338235125,31.08490163460374,Scrambled_Sobol
SOBOL4096_02819,11.545666977763176,65.14704511500895,0.2958840779401362,204.9328790139407,30.76094140764326,19.43806501571089,Scrambled_Sobol
SOBOL4096_02820,20.4232132807374,98.18864520639181,0.033892250005155805,258.08808439411223,79.14340575691313,67.32880752533674,Scrambled_Sobol
SOBOL4096_02821,29.588845185935497,71.49380901828408,0.20318127620965243,246.801752531901,68.02121146116406,94.19011558871716,Scrambled_Sobol
SOBOL4096_02822,18.446850925683975,91.64430885575712,0.3226745424047113,216.2344431411475,42.215281263925135,47.034492967650294,Scrambled_Sobol
SOBOL4096_02823,0.483340360224247,53.52168628014624,0.0927907102741301,285.4026868753135,56.59264388028532,11.643475568853319,Scrambled_Sobol
SOBOL4096_02824,31.29327915608883,83.04723221808672,0.21228181341663002,231.59413795918226,103.8350478047505,58.80075038410723,Scrambled_Sobol
SOBOL4096_02825,32.65776984393597,67.17380066402256,0.07563126174733042,221.26279924064875,62.005571303889155,74.94256761856377,Scrambled_Sobol
SOBOL4096_02826,4.1134316101670265,96.26031368970871,0.24262380881235002,253.18675419315696,98.45579433254898,27.786763622425497,Scrambled_Sobol
SOBOL4096_02827,17.39000305533409,58.57364861294627,0.18492737971246243,226.5549028199166,84.02396543882787,39.797454914078116,Scrambled_Sobol
SOBOL4096_02828,25.641347877681255,78.28521090559661,0.35191921330988407,279.00646285153925,26.178772589191794,86.95454835426062,Scrambled_Sobol
SOBOL4096_02829,24.36642024666071,51.63913485594094,0.27777222378179434,267.71876574493945,35.972874499857426,56.751946955919266,Scrambled_Sobol
SOBOL4096_02830,12.598262652754784,85.0220937281847,0.06327895192429424,237.85509097389877,73.89778319746256,8.86263279709965,Scrambled_Sobol
SOBOL4096_02831,5.893735699355602,72.74159854277968,0.3640590909868479,264.485483225435,109.91135708987713,44.62908385321498,Scrambled_Sobol
SOBOL4096_02832,37.329875975847244,90.499511314556,0.1495679821819067,209.97364301234484,50.88200591504574,92.51964569557458,Scrambled_Sobol
SOBOL4096_02833,35.74508968740702,73.91438772901893,0.2498195839487016,289.21594789251685,81.26402786932886,7.112314873374999,Scrambled_Sobol
SOBOL4096_02834,7.435184642672539,87.74817655794322,0.08282703122124076,230.57410661131144,34.0436830278486,54.234777353703976,Scrambled_Sobol
SOBOL4096_02835,14.148854725062847,51.26551580615342,0.3297870647907257,248.59078929759562,64.76549874059856,89.629863393493,Scrambled_Sobol
SOBOL4096_02836,22.790806144475937,86.97425834834576,0.16279524818062782,211.6081455629319,90.59089402668178,42.509009931236506,Scrambled_Sobol
SOBOL4096_02837,27.221253737807274,57.4183757416904,0.046724744047969585,200.3972669225186,101.71440780162811,23.83015615399927,Scrambled_Sobol
SOBOL4096_02838,15.843664146959782,81.01745578460395,0.2612180215679109,259.7920146677643,53.309904634952545,71.66293756105006,Scrambled_Sobol
SOBOL4096_02839,2.577495127916336,67.56650661118329,0.1511858732998371,241.77404452115297,44.16981365531683,83.30226312857121,Scrambled_Sobol
SOBOL4096_02840,34.24802999943495,94.29063573479652,0.36567696511745457,278.0037817917764,71.46989461034536,35.47113391570747,Scrambled_Sobol
SOBOL4096_02841,30.37806760519743,55.48801147378981,0.13292470764368772,264.7831259481609,28.291541314683855,51.98404490016401,Scrambled_Sobol
SOBOL4096_02842,1.4418844878673553,82.65182320028543,0.39491726603358984,206.8442326411605,87.29883340653032,99.81664493214339,Scrambled_Sobol
SOBOL4096_02843,19.396265782415867,68.76417184248567,0.02957252221181989,273.0234208051115,96.50896982755512,64.05480575747788,Scrambled_Sobol
SOBOL4096_02844,28.664457127451897,92.80302985571325,0.29156434448435903,235.3381724189967,58.56459604110569,16.22349516954273,Scrambled_Sobol
SOBOL4096_02845,21.34331002831459,63.19829882122576,0.31205793645232915,224.128659022972,48.76923988107592,32.30324311181903,Scrambled_Sobol
SOBOL4096_02846,10.591998510062695,98.56499712914228,0.19256465326994657,284.22602214850485,106.6364715481177,79.42552492488176,Scrambled_Sobol
SOBOL4096_02847,8.565281853079796,62.42135288193822,0.23171210261061786,218.04279994219542,75.84462559316307,67.40786582231522,Scrambled_Sobol
SOBOL4096_02848,39.60957679897547,75.91300210915506,0.11222100513055921,253.56957850977778,39.41384738776833,20.286831692792475,Scrambled_Sobol
SOBOL4096_02849,38.768169581890106,64.60955142974854,0.17736623484641312,276.88756827265024,102.44192072190344,14.26661767065525,Scrambled_Sobol
SOBOL4096_02850,8.01562275737524,97.26053108461201,0.3443580627813935,239.9045812152326,55.36571481265128,62.10936656687409,Scrambled_Sobol
SOBOL4096_02851,10.989070907235146,60.69842684082687,0.06807011688128115,260.9088477771729,43.442250387743115,97.50610267743468,Scrambled_Sobol
SOBOL4096_02852,22.034571953117847,77.72445259615779,0.23506265828385947,202.2659765277058,69.41405435092747,49.66174759436399,Scrambled_Sobol
SOBOL4096_02853,27.95793768018484,54.156068339943886,0.3566835326328874,213.4795615170151,80.53635029122233,22.800530837848783,Scrambled_Sobol
SOBOL4096_02854,19.022998213768005,84.07224384136498,0.14219242949038743,249.71032875590026,31.98805270716548,69.90976461675018,Scrambled_Sobol
SOBOL4096_02855,1.9775067642331123,70.56645597331226,0.2703966654278338,228.70202815160155,65.49320640042424,81.55070132575929,Scrambled_Sobol
SOBOL4096_02856,31.24450035393238,91.10758220776916,0.05590339923277497,288.09711921960115,92.64657469466329,34.43981252145022,Scrambled_Sobol
SOBOL4096_02857,34.79639209806919,58.71975398622453,0.30019797695800665,255.96900340169668,49.447477045468986,42.04799104016274,Scrambled_Sobol
SOBOL4096_02858,3.420046754181385,79.60318671539426,0.038206143360584977,218.28272504732013,108.64298570435494,89.15740619413555,Scrambled_Sobol
SOBOL4096_02859,15.153699219226837,65.7581677660346,0.3860977936536074,281.82726512663066,75.16635834705085,53.396809748373926,Scrambled_Sobol
SOBOL4096_02860,26.823036931455135,96.01655439473689,0.12410524658858776,223.88802849687636,37.4072828842327,6.286102319136262,Scrambled_Sobol
SOBOL4096_02861,23.165218122303486,72.49707817099988,0.09729010520502926,235.10024287737906,27.61315975803882,36.488612410612404,Scrambled_Sobol
SOBOL4096_02862,14.85407717525959,89.08311137929559,0.2167812140099704,270.62736476771533,85.29247884172946,84.33154197409749,Scrambled_Sobol
SOBOL4096_02863,6.5676074847579,52.95787621289492,0.20768067114055155,207.08153722807765,97.18740173149854,72.31517727021128,Scrambled_Sobol
SOBOL4096_02864,35.21076440811157,85.16895868815482,0.3271739429980517,267.17993032187223,60.570980687625706,24.471002854406834,Scrambled_Sobol
SOBOL4096_02865,36.790057606995106,50.23974273353815,0.02507312586531043,233.2410748116672,72.69680372904986,85.94278892502189,Scrambled_Sobol
SOBOL4096_02866,5.023106709122658,86.33911185897887,0.2870649424754083,286.395250223577,45.56288025807589,38.773940433748066,Scrambled_Sobol
SOBOL4096_02867,13.318743966519833,74.4518758263439,0.12842531129717827,214.58813124336302,51.91704179625958,27.128759548068047,Scrambled_Sobol
SOBOL4096_02868,24.753649532794952,88.6762940324843,0.3904178640246391,245.80844084732234,100.48737819772214,74.29600185249001,Scrambled_Sobol
SOBOL4096_02869,25.23885853588581,68.49385928362608,0.22739820217713713,257.0976453553885,89.36384320724756,92.97494552098215,Scrambled_Sobol
SOBOL4096_02870,16.693324334919453,94.8273649904877,0.10790711035951972,203.28943976201117,63.3725741552189,45.0957766873762,Scrambled_Sobol
SOBOL4096_02871,4.9700212478637695,56.783989584073424,0.3077440360188484,275.09509962052107,35.436728415079415,9.706364767625928,Scrambled_Sobol
SOBOL4096_02872,33.222611509263515,79.99244900420308,0.18825075849890707,244.52882019802928,82.49087524134666,57.5838785758242,Scrambled_Sobol
SOBOL4096_02873,32.165205143392086,70.17980734817684,0.33716262456029655,209.51121291145682,40.68215829320252,64.82096334453672,Scrambled_Sobol
SOBOL4096_02874,1.022014319896698,93.04678877815604,0.17017080228775738,261.96242962032557,77.27913451381028,16.941975886002183,Scrambled_Sobol
SOBOL4096_02875,18.05832464247942,55.34191094338894,0.25719514371827246,238.31818358041346,105.20200268365443,28.953915568999946,Scrambled_Sobol
SOBOL4096_02876,28.869508281350136,81.33384329266846,0.09020258532837033,270.24110856465995,47.50064478255808,76.83161075226963,Scrambled_Sobol
SOBOL4096_02877,21.11874759197235,61.10261264257133,0.1587470195814967,281.53168368153274,57.296102587133646,60.751772918738425,Scrambled_Sobol
SOBOL4096_02878,11.949453316628933,75.7661352865398,0.3732381170615554,227.02087343670428,95.07464313879609,13.583105094730854,Scrambled_Sobol
SOBOL4096_02879,8.965640738606453,63.44282254576683,0.05428589032962919,250.66091377288103,88.73344397172332,49.35084488708526,Scrambled_Sobol
SOBOL4096_02880,37.8419529274106,99.98139147646725,0.26877917351201175,220.79758232459426,29.559994395822287,96.51826785877347,Scrambled_Sobol
SOBOL4096_02881,37.53333322703838,70.93346011824906,0.06737577665597201,263.19082502275705,54.71761391032487,55.819423659704626,Scrambled_Sobol
SOBOL4096_02882,9.281968511641026,90.64463786780834,0.28038394305855036,208.63022794947028,103.2871599541977,8.682647766545415,Scrambled_Sobol
SOBOL4096_02883,12.265106290578842,54.52140560373664,0.1469785969890654,269.0127560775727,69.89580508787185,44.07920285593718,Scrambled_Sobol
SOBOL4096_02884,20.80942463129759,83.60753427259624,0.3599860499240458,239.19921145774424,42.763361004181206,91.21473460458219,Scrambled_Sobol
SOBOL4096_02885,29.182779528200626,60.28413330204785,0.24447082672268153,227.89764733053744,32.96768344473094,76.24826862011105,Scrambled_Sobol
SOBOL4096_02886,17.746657952666283,78.04242447018623,0.0789619355276227,280.29908793978393,80.02363390754908,28.33738923072815,Scrambled_Sobol
SOBOL4096_02887,0.7108555361628532,64.19387711212039,0.3485643962956965,219.92076551541686,91.83262567501515,39.97814491856843,Scrambled_Sobol
SOBOL4096_02888,32.47903183102608,97.57721456699073,0.18305766815319657,251.8934665992856,65.8402420161292,87.88773132488132,Scrambled_Sobol
SOBOL4096_02889,33.5309998691082,52.592302206903696,0.3186065338365734,286.57031532377005,107.71377066150308,95.49590984359384,Scrambled_Sobol
SOBOL4096_02890,4.6534718200564384,85.63352390192449,0.20059836177155374,232.71302027627826,50.01352736726403,47.58484978694469,Scrambled_Sobol
SOBOL4096_02891,16.377282664179802,72.13012003339827,0.2148884180933237,245.63341866247356,38.17081620916724,11.824434362351894,Scrambled_Sobol
SOBOL4096_02892,25.547802485525608,89.54639080911875,0.09688095949590207,215.1162286940962,74.7659887932241,59.73384010139853,Scrambled_Sobol
SOBOL4096_02893,24.44014709442854,66.17408217862248,0.11792675344273448,203.81604054011405,85.88982966728508,78.04159942083061,Scrambled_Sobol
SOBOL4096_02894,13.6301888525486,95.70001265965402,0.37843565030023457,256.92111576907337,26.714900704100728,30.90464215259999,Scrambled_Sobol
SOBOL4096_02895,5.333876945078373,59.1339981649071,0.03721788845956325,244.00217650458217,60.13998002745211,18.888458469882607,Scrambled_Sobol
SOBOL4096_02896,36.47585175931454,79.28488235920668,0.29772462226450447,275.271586291492,97.91931093670428,66.02380884345621,Scrambled_Sobol
SOBOL4096_02897,35.52706848829985,56.41695247031748,0.19591942569240928,219.5125742070377,45.95272136852145,32.49559491407126,Scrambled_Sobol
SOBOL4096_02898,6.258858889341354,80.455425940454,0.31392760341987014,255.08948292583227,71.92304594442248,80.3472216334194,Scrambled_Sobol
SOBOL4096_02899,14.544806517660618,68.12858479097486,0.11037394121289254,222.65822225250304,99.93187563493848,68.70185972657055,Scrambled_Sobol
SOBOL4096_02900,23.48097138106823,95.29201216064394,0.22838138282299042,282.7068285178393,52.85646008327603,20.84898886270821,Scrambled_Sobol
SOBOL4096_02901,26.511231809854507,74.86623176373541,0.39750669723376636,271.5056031476706,62.65088909305632,51.42268330324441,Scrambled_Sobol
SOBOL4096_02902,15.466956309974194,88.35825938731432,0.13699779471382498,233.86910089291632,89.80537199415267,98.52340130135417,Scrambled_Sobol
SOBOL4096_02903,3.733964189887047,50.655384454876184,0.2874675643444061,266.3016490265727,83.37893073447049,63.13380836043507,Scrambled_Sobol
SOBOL4096_02904,34.4852951541543,86.02246134541929,0.026960847526788713,208.31263629719615,34.82882951386273,16.031797379255295,Scrambled_Sobol
SOBOL4096_02905,30.92781249433756,63.80842952057719,0.25789242770522836,240.07836421951652,77.96822745818645,23.268882147967815,Scrambled_Sobol
SOBOL4096_02906,2.285880967974663,99.51679366640747,0.04488424431532621,276.3582209125161,40.210955631919205,70.36941947881132,Scrambled_Sobol
SOBOL4096_02907,19.332032911479473,61.469508009031415,0.36754161091521387,202.09223643876612,46.64518140722066,82.38154018297791,Scrambled_Sobol
SOBOL4096_02908,27.641957849264145,75.30291825532913,0.15453416364267467,261.4382380526513,105.83957545924932,35.27934853453189,Scrambled_Sobol
SOBOL4096_02909,22.345993146300316,54.92593413218856,0.0802203805372119,250.23563670925796,94.71705976407975,7.304759928956628,Scrambled_Sobol
SOBOL4096_02910,10.675439573824406,81.65044779889286,0.24572928871959446,213.30174983479083,58.099848362617195,55.156205273233354,Scrambled_Sobol
SOBOL4096_02911,7.701469212770462,69.76559576578438,0.16686321215704084,287.5717683508992,30.083239222876728,90.92412608675659,Scrambled_Sobol
SOBOL4096_02912,39.079040102660656,93.36506016552448,0.3323699346370995,228.8797969184816,87.7640376938507,43.071073847822845,Scrambled_Sobol
SOBOL4096_02913,39.9258641153574,53.203424951061606,0.2193880409374833,205.9633281454444,67.2747303545475,37.4219539295882,Scrambled_Sobol
SOBOL4096_02914,8.256545253098011,83.46143299713731,0.10138058800250292,266.01159108802676,93.10095652937889,84.51234522741288,Scrambled_Sobol
SOBOL4096_02915,10.282715857028961,71.17721829563379,0.323106156680733,236.21911983005702,78.75501822680235,72.86568962968886,Scrambled_Sobol
SOBOL4096_02916,21.659080050885677,92.06027262844145,0.2050979902781546,271.7949985805899,31.533234529197216,25.776545307599008,Scrambled_Sobol
SOBOL4096_02917,28.352673538029194,65.61027220450342,0.04153192479163408,282.99351760186255,41.32901436649263,40.743102598935366,Scrambled_Sobol
SOBOL4096_02918,19.709496572613716,97.82173903658986,0.302038652934134,225.0055348407477,68.6273322161287,88.6075931461528,Scrambled_Sobol
SOBOL4096_02919,1.7558282241225243,60.13726722449064,0.1222407897748053,254.80204014107585,104.55559308640659,53.21675676852465,Scrambled_Sobol
SOBOL4096_02920,30.066949129104614,76.7236849758774,0.38274968096986417,217.16588120907545,56.15224505774677,5.353556373156607,Scrambled_Sobol
SOBOL4096_02921,33.93136352300644,73.0582382529974,0.13960317311808468,230.046143271029,99.31239748839289,21.495373607613146,Scrambled_Sobol
SOBOL4096_02922,2.8858431801199913,90.08387965150177,0.35261063171550633,289.39111491665244,61.36686856392771,69.36004482209682,Scrambled_Sobol
SOBOL4096_02923,16.152724996209145,51.95715646259487,0.06000035278499126,212.13615181855857,25.4878910491243,81.37055509258062,Scrambled_Sobol
SOBOL4096_02924,26.905252523720264,84.60775157436728,0.27300852485001087,248.41566518880427,84.49694624636322,33.50753536447883,Scrambled_Sobol
SOBOL4096_02925,23.102210722863674,58.108990639448166,0.34100347651168705,259.6155655477196,73.37308479007334,15.199684738181531,Scrambled_Sobol
SOBOL4096_02926,13.835235238075256,78.65049545653164,0.17549674270674587,200.92393743805587,36.94374544080347,62.29025741107762,Scrambled_Sobol
SOBOL4096_02927,7.121019251644611,66.7108106892556,0.23690990693867206,278.1801879964769,51.24039532151073,98.05652744602412,Scrambled_Sobol
SOBOL4096_02928,36.0559768229723,96.62736458703876,0.07140101008117199,241.24733109027147,109.10679609980434,50.967564499005675,Scrambled_Sobol
SOBOL4096_02929,37.021239660680294,67.88482475094497,0.375102529283613,252.30713179334998,33.56047807727009,60.56023367680609,Scrambled_Sobol
SOBOL4096_02930,6.210075318813324,93.87637851759791,0.16209508767351508,222.4925572052598,81.94438128266484,12.662220946513116,Scrambled_Sobol
SOBOL4096_02931,12.913903780281544,57.73492753505707,0.26545334607362747,279.88612816669047,91.23980032745749,48.057488007470965,Scrambled_Sobol
SOBOL4096_02932,24.057113900780678,80.6015305686742,0.05244516834616661,225.3251877706498,63.91944366041571,95.95674771349877,Scrambled_Sobol
SOBOL4096_02933,25.95464050769806,50.80225015990436,0.17423863461241126,236.62387925200164,54.12499406840652,65.38314316421747,Scrambled_Sobol
SOBOL4096_02934,17.07831021398306,87.34120344743133,0.3397453514300287,268.5969236586243,101.36624285485595,18.236037739552557,Scrambled_Sobol
SOBOL4096_02935,3.802298977971077,73.44983257353306,0.08759580299258232,211.20481181889772,70.48847591038793,29.87554432824254,Scrambled_Sobol
SOBOL4096_02936,32.971575148403645,88.11373976059258,0.2531047055125237,263.60728239640594,44.68430881854147,77.02393990475684,Scrambled_Sobol
SOBOL4096_02937,31.60168904811144,62.10465636104345,0.10605990629643203,273.57591135427356,86.53708804398775,93.53685088921338,Scrambled_Sobol
SOBOL4096_02938,0.16676463186740875,76.32869021035731,0.22406735356897114,243.0583780631423,28.690132088959217,46.38992613181472,Scrambled_Sobol
SOBOL4096_02939,18.13083555549383,62.88031614385545,0.19160539077594876,258.617544407025,59.49267067015171,10.62790593598038,Scrambled_Sobol
SOBOL4096_02940,29.89776760339737,98.97930072620511,0.3096135741658509,204.75921939127147,95.94404883682728,57.77648217976093,Scrambled_Sobol
SOBOL4096_02941,20.109694078564644,69.22886837273836,0.28296794291585686,216.05652953498065,107.06666680984199,85.7509808940813,Scrambled_Sobol
SOBOL4096_02942,11.857123859226704,92.4377063754946,0.02246122043579817,247.3269692901522,48.03814652375877,37.853149538859725,Scrambled_Sobol
SOBOL4096_02943,9.840096235275269,55.95094501040876,0.39300707580521704,231.77200865000486,38.81795077584684,25.835309415124357,Scrambled_Sobol
SOBOL4096_02944,38.38565047830343,82.28482911363244,0.13249816762283445,284.8774272017181,76.7414206173271,73.73475049622357,Scrambled_Sobol
SOBOL4096_02945,38.2490848749876,65.88821266777813,0.2901384437456727,226.2672050576657,42.569544962607324,50.24266629014164,Scrambled_Sobol
SOBOL4096_02946,9.937905706465244,95.78601494431496,0.02814589101821184,279.28456098772585,69.70311378594488,97.38979294896126,Scrambled_Sobol
SOBOL4096_02947,11.642433255910873,58.852636348456144,0.3994281298853457,221.53951335698366,102.81692394521087,61.530599598772824,Scrambled_Sobol
SOBOL4096_02948,20.28562854975462,79.37548491172493,0.1374363132752478,252.89767241105437,54.246232896111906,14.382225256413221,Scrambled_Sobol
SOBOL4096_02949,29.722139574587345,52.89499354548752,0.11081677455455065,264.09889509901404,65.70219653192908,34.27854867186397,Scrambled_Sobol
SOBOL4096_02950,18.345832452178,85.52769534289837,0.23031005207449198,210.32863203436136,91.69311093632132,82.17654016800225,Scrambled_Sobol
SOBOL4096_02951,0.06926160305738449,72.43131091818213,0.19710010910406708,268.0723922047764,79.49762670788914,70.07322549354285,Scrambled_Sobol
SOBOL4096_02952,31.73856094479561,89.4389636348933,0.3165912009216845,237.46714028529823,32.443125233985484,22.173944553360343,Scrambled_Sobol
SOBOL4096_02953,32.87407085299492,60.77942969277501,0.16730606673285364,205.34966613166034,74.29590224288404,6.032076356932521,Scrambled_Sobol
SOBOL4096_02954,3.939169757068157,77.34721503220499,0.33429862512275577,257.6644174102694,37.699280669912696,53.92988647799939,Scrambled_Sobol
SOBOL4096_02955,16.902680918574333,64.69382108189166,0.08140108518302441,242.45689939707518,49.81954160146415,89.41362918354571,Scrambled_Sobol
SOBOL4096_02956,26.16963628679514,96.88656013458967,0.24839290745556353,274.5180064253509,107.52125415019691,41.514166868291795,Scrambled_Sobol
SOBOL4096_02957,23.842422179877758,70.45491123571992,0.3702124662511051,285.72061045095325,97.39345319569111,24.95913678780198,Scrambled_Sobol
SOBOL4096_02958,13.089836984872818,91.32000072859228,0.15571918306872248,231.2473886832595,59.61526729166508,72.10608277935535,Scrambled_Sobol
SOBOL4096_02959,6.073508597910404,54.04130541719496,0.2598138362914324,246.4508726540953,26.57668549567461,83.84555976837873,Scrambled_Sobol
SOBOL4096_02960,37.11904786527157,84.281443990767,0.04532273881137371,216.54823611490428,85.75048971921206,36.69700475875288,Scrambled_Sobol
SOBOL4096_02961,36.19284760206938,55.21224685944617,0.34743152653798465,272.61075087822974,52.37211669795215,74.41304132808,Scrambled_Sobol
SOBOL4096_02962,7.023514956235886,81.56400043517351,0.18043898513540624,235.7659565936774,99.44865698926151,26.54857201501727,Scrambled_Sobol
SOBOL4096_02963,14.050231017172337,70.04730561748147,0.24407290786504746,265.20677952095866,71.74333727918565,38.65905268583447,Scrambled_Sobol
SOBOL4096_02964,22.92658142745495,93.27410846017301,0.07708107993006706,206.42743211239576,45.771867698058486,86.52227431535721,Scrambled_Sobol
SOBOL4096_02965,27.08118572831154,63.50532458163798,0.1451021241210401,217.72899892181158,34.31724887341261,56.95875957142562,Scrambled_Sobol
SOBOL4096_02966,15.938033275306225,99.62303694337606,0.35959539031609894,253.92045034095645,82.86588083952665,9.868347039446235,Scrambled_Sobol
SOBOL4096_02967,2.9836513847112656,61.16799907758832,0.06475275620818138,224.47542170993984,89.65289995074272,45.723092718981206,Scrambled_Sobol
SOBOL4096_02968,33.79479680210352,75.41066533885896,0.2792438593506813,283.9081119839102,62.49986603856087,92.81221580691636,Scrambled_Sobol
SOBOL4096_02969,30.16475860029459,74.37125509604812,0.03534139435738325,248.87986303307116,105.66001625265926,76.29925386048853,Scrambled_Sobol
SOBOL4096_02970,1.619262620806694,89.05315096490085,0.2973339414224029,211.33142339996994,46.464173211716115,29.208659953437746,Scrambled_Sobol
SOBOL4096_02971,19.885431043803692,50.15585538931191,0.11530371176078916,288.9378631673753,39.726442522369325,17.476529804989696,Scrambled_Sobol
SOBOL4096_02972,28.137982934713364,86.71270199120045,0.3772955453582108,230.8618177846074,77.48518360313028,64.56547151785344,Scrambled_Sobol
SOBOL4096_02973,21.874076947569847,56.895152013748884,0.21375557240098714,242.16200325638056,87.61171510908753,96.72809209674597,Scrambled_Sobol
SOBOL4096_02974,10.107087828218937,79.78041130118072,0.09426230054348708,277.6501633785665,29.932061643339694,48.86344211641699,Scrambled_Sobol
SOBOL4096_02975,8.39341714978218,68.60824008472264,0.3182086390443146,200.042264489457,57.58809799794108,13.375432584434748,Scrambled_Sobol
SOBOL4096_02976,39.828361086547375,94.61854547262192,0.19871753023937344,260.1785893831402,94.20418465975672,61.23847354669124,Scrambled_Sobol
SOBOL4096_02977,39.29403580725193,58.21825019083917,0.08571498561650515,282.2646516095847,31.05001841671765,66.70223327353597,Scrambled_Sobol
SOBOL4096_02978,7.525839991867542,78.35047813132405,0.252706802226603,223.48496087826788,78.27067737467587,19.60149121005088,Scrambled_Sobol
SOBOL4096_02979,10.81231027841568,66.81556534022093,0.17161996716633438,255.56457322090864,92.92010032571852,31.71077374368906,Scrambled_Sobol
SOBOL4096_02980,22.248488925397396,96.32274420000613,0.33861251989379526,218.7187489680946,67.09501915611327,78.8127606594935,Scrambled_Sobol
SOBOL4096_02981,27.739766128361225,72.9687990155071,0.2643132326379418,207.42006016895175,55.63919769600034,58.91634593717754,Scrambled_Sobol
SOBOL4096_02982,19.195466116070747,90.36708110943437,0.04982214082032442,266.85378041118383,104.04401497915387,11.064743283204734,Scrambled_Sobol
SOBOL4096_02983,2.461814247071743,51.86922047287226,0.3747118625976146,234.77270894683897,68.47630662843585,46.918149972334504,Scrambled_Sobol
SOBOL4096_02984,30.713120698928833,84.89254885353148,0.1602185850776732,270.96450368873775,41.17653978988528,94.77104490157217,Scrambled_Sobol
SOBOL4096_02985,34.66122955083847,64.93834480643272,0.3918669836036861,260.64449596218765,84.31594058405608,87.16290601994842,Scrambled_Sobol
SOBOL4096_02986,3.5192736610770226,98.30295448191464,0.12987516133114696,202.567420611158,25.308334375731647,39.311484741047025,Scrambled_Sobol
SOBOL4096_02987,15.564765706658363,59.46068945340812,0.2825772974640131,277.18488175421953,60.88382217567414,27.577658514492214,Scrambled_Sobol
SOBOL4096_02988,26.374666281044483,77.20034820958972,0.020584739074110986,239.6360987983644,98.8278818456456,75.43073481880128,Scrambled_Sobol
SOBOL4096_02989,23.617843352258205,53.89520488679409,0.18972454933449626,228.3387859724462,108.95562105346471,91.98585620615631,Scrambled_Sobol
SOBOL4096_02990,14.447303414344788,82.96346408315003,0.30921564681455493,288.4754541888833,51.088075269944966,44.88529480993748,Scrambled_Sobol
SOBOL4096_02991,6.47385586053133,71.87054674141109,0.10344121478497982,213.85378734208643,36.430867803283036,9.395720143802464,Scrambled_Sobol
SOBOL4096_02992,35.351440384984016,91.56375965103507,0.2229344979673624,249.3429774325341,72.86133189219981,56.49788772687316,Scrambled_Sobol
SOBOL4096_02993,36.26116123050451,69.11995257250965,0.12267927011474968,238.58665795065463,63.72675489168614,42.34631348401308,Scrambled_Sobol
SOBOL4096_02994,5.509811341762543,92.73738181218505,0.3846710980497301,269.9437870364636,91.04598681908101,90.25716880802065,Scrambled_Sobol
SOBOL4096_02995,13.493623323738575,55.84662891924381,0.042716952711343764,209.20978223904967,81.47299773525447,54.39677165821195,Scrambled_Sobol
SOBOL4096_02996,24.53795649111271,82.58901205845177,0.3047094941139221,262.2267948463559,33.09023953508586,6.4871611865237355,Scrambled_Sobol
SOBOL4096_02997,25.450299382209778,62.193770287558436,0.32576978391036393,251.02827314287424,44.54479661304504,36.050586039200425,Scrambled_Sobol
SOBOL4096_02998,16.514154635369778,76.04581294581294,0.206278680767864,220.42336454614997,70.35043295938522,83.18738599773496,Scrambled_Sobol
SOBOL4096_02999,4.477843716740608,62.96783089637756,0.22131671726703642,281.1533353012055,100.8416821109131,71.08273799531162,Scrambled_Sobol
SOBOL4096_03000,33.745996840298176,98.69492282159626,0.10182345107197761,227.38410220481455,53.598984335549176,23.94723031204194,Scrambled_Sobol
SOBOL4096_03001,32.30340261012316,51.47459674626589,0.2395735129341483,214.1521153692156,95.47251583077013,16.710185180418193,Scrambled_Sobol
SOBOL4096_03002,0.9258512407541275,86.85956695117056,0.07258167933672667,246.21287907473743,59.02258665300906,63.84716651402414,Scrambled_Sobol
SOBOL4096_03003,17.649153731763363,74.12673472426832,0.34293213160708547,233.6441290192306,28.497613044455647,99.32920747902244,Scrambled_Sobol
SOBOL4096_03004,29.3196502327919,87.63675102964044,0.17593958454206585,285.9578503295779,86.34309974499047,52.19388117082417,Scrambled_Sobol
SOBOL4096_03005,20.672857835888863,67.19260718673468,0.06043885719031096,274.7579526528716,76.21671041473746,20.031350483186543,Scrambled_Sobol
SOBOL4096_03006,12.362914569675922,94.3747861776501,0.27492996599525216,244.85634608194232,38.29209556803107,67.94238647446036,Scrambled_Sobol
SOBOL4096_03007,9.0672767162323,57.041257387027144,0.14078822510316968,257.423808677122,47.89880404248834,79.68030399177223,Scrambled_Sobol
SOBOL4096_03008,37.709266506135464,81.09838711097836,0.3552814969606698,202.95093023218215,106.92844906821847,31.770874187350273,Scrambled_Sobol
SOBOL4096_03009,38.01758095622063,52.33401218429208,0.15310728330165146,245.33334787003696,78.96108758170158,25.149246263317764,Scrambled_Sobol
SOBOL4096_03010,8.750643841922283,84.52712981961668,0.36611546102911235,215.3819538000971,30.577498492784798,73.02839103154838,Scrambled_Sobol
SOBOL4096_03011,12.046956345438957,73.4318281058222,0.04939560079947114,286.83742444962263,66.23827904928476,85.13749254401773,Scrambled_Sobol
SOBOL4096_03012,20.98187569528818,89.99999184161425,0.262403042409569,232.41433350369334,93.5589498328045,37.25995467044413,Scrambled_Sobol
SOBOL4096_03013,29.006073884665966,66.49877326563,0.33096777085214857,243.62521482631564,103.68515487294644,5.468427133746445,Scrambled_Sobol
SOBOL4096_03014,17.960515171289444,96.7385274823755,0.1654588683322072,275.63620176166296,56.444220202974975,52.637299690395594,Scrambled_Sobol
SOBOL4096_03015,1.2367049232125282,57.900172332301736,0.25026243994012476,204.18201857246459,41.70110187958926,88.49052535835654,Scrambled_Sobol
SOBOL4096_03016,31.98927067220211,78.76487728208303,0.08475572312250734,256.5455166529864,67.50558308791369,41.3233071193099,Scrambled_Sobol
SOBOL4096_03017,33.437303230166435,71.40737590380013,0.23289278460666538,269.41445040516555,25.69685822352767,33.71516823768616,Scrambled_Sobol
SOBOL4096_03018,4.794088043272495,91.93060882389545,0.11488460121676326,238.7604516837746,83.54350006207824,80.88386012706906,Scrambled_Sobol
SOBOL4096_03019,16.829891055822372,53.43074565753341,0.312500768378377,262.7561743929982,98.27365601435304,69.15021492168307,Scrambled_Sobol
SOBOL4096_03020,25.141050331294537,83.32893247716129,0.1944933211058378,209.03603142127395,61.8219637311995,21.98281601537019,Scrambled_Sobol
SOBOL4096_03021,24.851153828203678,59.77891166694462,0.03149395344778896,220.24554213508964,50.36766693927348,50.43305021710694,Scrambled_Sobol
SOBOL4096_03022,13.181873187422752,76.7861858010292,0.2920028616301716,251.55357036739588,109.39587310887873,98.31201361026615,Scrambled_Sobol
SOBOL4096_03023,5.1987360045313835,65.2548017911613,0.13559558562934398,227.56188170053065,73.74807012267411,62.822619965299964,Scrambled_Sobol
SOBOL4096_03024,36.575061827898026,97.88712519221008,0.39610230810940267,280.62799516133964,35.824286164715886,14.944900716654956,Scrambled_Sobol
SOBOL4096_03025,35.0348312035203,62.50307811424136,0.09239281406626106,201.6864249203354,90.11804850772023,95.79332647379488,Scrambled_Sobol
SOBOL4096_03026,6.78229920566082,99.06030329875648,0.2104009804688394,261.8728806357831,64.2915284819901,48.68406862951815,Scrambled_Sobol
SOBOL4096_03027,14.756268970668316,61.73068438656628,0.20204842910170553,240.51713740453124,33.85245559737086,12.823490458540618,Scrambled_Sobol
SOBOL4096_03028,23.301784843206406,76.41295865178108,0.32005588203668595,275.95653999596834,81.07394544407725,59.93435519747436,Scrambled_Sobol
SOBOL4096_03029,26.686166152358055,56.16336455568671,0.2932610348425806,287.24286917597055,70.9464665222913,77.60266723576933,Scrambled_Sobol
SOBOL4096_03030,15.251203514635563,82.17328558675945,0.032752143647521735,229.21557059511542,43.64785482175648,29.759942404925823,Scrambled_Sobol
SOBOL4096_03031,3.205050975084305,69.43806898780167,0.37990739911794663,250.5755195301026,53.16926040686667,17.65511338133365,Scrambled_Sobol
SOBOL4096_03032,34.97202139347792,92.32294373214245,0.11940067097544671,212.97695980407298,101.57231458462775,65.49949252977967,Scrambled_Sobol
SOBOL4096_03033,31.02950345724821,57.504389295354486,0.3614360719546676,222.956917071715,58.37320901919156,58.26244739815593,Scrambled_Sobol
SOBOL4096_03034,2.1531347930431366,80.73157649487257,0.14842789988964794,282.4397274386138,96.31903179455549,10.41954190004617,Scrambled_Sobol
SOBOL4096_03035,18.886126317083836,67.65712322667241,0.27589575232937935,219.2468356899917,86.82616774458438,45.9017638862133,Scrambled_Sobol
SOBOL4096_03036,28.055440708994865,94.00926134549081,0.06288829373195767,255.3895403072238,27.817406398244202,93.74596236739308,Scrambled_Sobol
SOBOL4096_03037,21.93676248192787,73.80856894887984,0.18452946227043868,266.6772400960326,39.27304356824607,73.47854449413717,Scrambled_Sobol
SOBOL4096_03038,11.125636510550976,88.0508566275239,0.3500383591279388,207.94665021821856,75.70267676841468,26.369105274789035,Scrambled_Sobol
SOBOL4096_03039,7.839688286185265,51.158101204782724,0.07449839340522886,271.1410010885447,106.11322331707925,38.107203813269734,Scrambled_Sobol
SOBOL4096_03040,38.982860185205936,87.27543517015874,0.24000512721017003,234.24607598222792,48.24711638968438,85.21788717713207,Scrambled_Sobol
SOBOL4096_03041,39.51176851987839,72.01542891561985,0.30512534592300655,212.56119209341705,68.94009169191122,91.79492850787938,Scrambled_Sobol
SOBOL4096_03042,8.701848648488522,89.7554722148925,0.18711790431290865,248.00025136210024,42.969412468373775,43.96216833498329,Scrambled_Sobol
SOBOL4096_03043,10.416065230965614,52.480877889320254,0.22551736215129495,229.63209200650454,55.175624787807465,8.103156005963683,Scrambled_Sobol
SOBOL4096_03044,21.558001823723316,85.84587192162871,0.10750918442383409,289.8175177536905,102.2506856918335,55.93430645298213,Scrambled_Sobol
SOBOL4096_03045,28.449461422860622,59.21814739704132,0.12803466726094484,278.5283105634153,92.12462346069515,87.7257426828146,Scrambled_Sobol
SOBOL4096_03046,19.571895003318787,78.91098191030324,0.38854138407856226,240.93078080564737,64.96978591196239,40.60325896833092,Scrambled_Sobol
SOBOL4096_03047,1.305013783276081,66.25501322560012,0.023933035079389813,259.3003992829472,31.845951890572906,28.50012531504035,Scrambled_Sobol
SOBOL4096_03048,30.47557182610035,95.32289383932948,0.2844419375993312,201.27344402484596,80.39569846354425,75.62095754314214,Scrambled_Sobol
SOBOL4096_03049,34.11115802824497,54.45575653575361,0.05389522222802043,235.9396484028548,37.217352450825274,59.47908934671432,Scrambled_Sobol
SOBOL4096_03050,2.6749982312321663,83.96331379190087,0.2669026695005596,272.08132305182517,74.97497892472893,12.35678629949689,Scrambled_Sobol
SOBOL4096_03051,15.628667175769806,70.87064851075411,0.15760690473020075,206.2537832185626,108.16884318832308,47.84034798387438,Scrambled_Sobol
SOBOL4096_03052,27.396881841123104,91.00325503386557,0.3706150881201029,265.7362502627075,48.97480378393084,94.96136087924242,Scrambled_Sobol
SOBOL4096_03053,22.614871747791767,64.32668841443956,0.25457647485658524,254.4456778280437,60.42903946246952,66.51121798437089,Scrambled_Sobol
SOBOL4096_03054,14.363545253872871,97.34963225200772,0.0890697523765266,217.5510960444808,97.04660551156849,18.678639186546206,Scrambled_Sobol
SOBOL4096_03055,7.337375245988369,60.41406001895666,0.33528180576860905,283.3828415814787,84.77034775074571,30.417935154400766,Scrambled_Sobol
SOBOL4096_03056,35.88165521621704,77.81195775605738,0.16977289758622646,224.65328167192638,27.08990392740816,78.24926697649062,Scrambled_Sobol
SOBOL4096_03057,37.427379079163074,61.583818309009075,0.2715817159973085,258.8928932789713,100.30394288245589,20.965303545817733,Scrambled_Sobol
SOBOL4096_03058,5.7568637281656265,75.09421915747225,0.0585742630623281,204.4687723647803,51.73473122064024,68.1209474010393,Scrambled_Sobol
SOBOL4096_03059,12.773890756070614,63.91947320662439,0.35712203562259676,273.2895734719932,45.08226288948208,80.23160909302533,Scrambled_Sobol
SOBOL4096_03060,24.151423275470734,99.30482776835561,0.1441138692200184,243.33783607929945,72.21504135522991,33.074355511926115,Scrambled_Sobol
SOBOL4096_03061,25.85603840649128,69.6818271651864,0.06999877056106925,232.12425377219915,82.34245916362852,15.405953582376242,Scrambled_Sobol
SOBOL4096_03062,17.21406865864992,93.73857849277556,0.23550549870356915,284.4880951754749,35.28684308286756,63.29506583977491,Scrambled_Sobol
SOBOL4096_03063,4.249997138977051,54.84538390301168,0.18002983942627906,215.67132811062038,62.856938182376325,99.1499925404787,Scrambled_Sobol
SOBOL4096_03064,32.5599604472518,82.02718431130052,0.3455387306213379,247.68334501422942,88.84965622331947,51.25922879669815,Scrambled_Sobol
SOBOL4096_03065,31.429845951497555,68.19385173730552,0.209609348885715,279.4597172830254,47.02018700540066,34.74626685027033,Scrambled_Sobol
SOBOL4096_03066,0.38553208112716675,94.93661327287555,0.32761680748313665,225.7392309885472,104.72009591758251,82.63555977493525,Scrambled_Sobol
SOBOL4096_03067,18.6615427210927,56.479381769895554,0.09995373385027051,252.72255903109908,77.09551934152842,70.90324860531837,Scrambled_Sobol
SOBOL4096_03068,29.412911906838417,80.09718959219754,0.2179619059152901,222.0675303414464,40.50001237541437,23.012665528804064,Scrambled_Sobol
SOBOL4096_03069,20.59884250164032,50.522955460473895,0.3872828229889274,210.85531327873468,29.0445180144161,43.280173293314874,Scrambled_Sobol
SOBOL4096_03070,11.330671273171902,86.24966284260154,0.1267760891839862,263.9224567078054,88.21911259554327,90.43599852360785,Scrambled_Sobol
SOBOL4096_03071,9.626842215657234,74.73668716847897,0.3006364587135613,236.94041612558067,94.92604720406234,54.94780797045678,Scrambled_Sobol
SOBOL4096_03072,38.562968857586384,88.58834546990693,0.04012756185606122,268.2487876806408,57.146381912752986,7.790735764428973,Scrambled_Sobol
SOBOL4096_03073,38.58037315309048,68.29097801819444,0.3164562267251313,259.5066833682358,105.33708757255226,75.58958682231605,Scrambled_Sobol
SOBOL4096_03074,9.645448662340641,95.03327324055135,0.19696511792019009,200.85831359028816,47.49012148473412,28.433966147713363,Scrambled_Sobol
SOBOL4096_03075,11.349906474351883,56.57803290523589,0.23054036196321248,278.28973536379635,40.692722597159445,40.45016841031611,Scrambled_Sobol
SOBOL4096_03076,20.61683874577284,80.19537720829248,0.11104709010571241,241.31224683485925,77.1440906310454,87.60744375642389,Scrambled_Sobol
SOBOL4096_03077,29.390624202787876,50.42429240420461,0.13785504089668393,230.11234647594392,88.59871135558933,55.9200150705874,Scrambled_Sobol
SOBOL4096_03078,18.638054057955742,86.15148714743555,0.3998468744941056,289.50194974429905,29.570180936716497,8.030879986472428,Scrambled_Sobol
SOBOL4096_03079,0.36141347140073776,74.6395489666611,0.027445550374686718,212.06924051046371,57.28587535675615,43.79127647727728,Scrambled_Sobol
SOBOL4096_03080,31.406967490911484,88.49169742316008,0.28943809743970633,248.30549554899335,95.2093350654468,91.68201880995184,Scrambled_Sobol
SOBOL4096_03081,32.54255548119545,61.68095511384308,0.04592994078993798,283.23758328333497,52.03102942556143,78.13640399370342,Scrambled_Sobol
SOBOL4096_03082,4.231391362845898,75.19086860120296,0.2604210439324379,225.2928588539362,100.41494276374578,30.24708718061447,Scrambled_Sobol
SOBOL4096_03083,17.194832786917686,64.01813765987754,0.1552073167823255,254.55868256278336,72.7692785859108,18.606319283135235,Scrambled_Sobol
SOBOL4096_03084,25.838042832911015,99.40300206653774,0.36970058297738434,216.87789200805128,45.44893205165863,66.49687988683581,Scrambled_Sobol
SOBOL4096_03085,24.173710457980633,69.58317463286221,0.24806945890188217,205.67937298677862,35.32240371219814,94.84301523771137,Scrambled_Sobol
SOBOL4096_03086,12.797379940748215,93.64039227366447,0.08107763096690178,265.77226755209267,82.56366263143718,47.687213541939855,Scrambled_Sobol
SOBOL4096_03087,5.780981816351414,54.74825901910663,0.33434046065434814,236.5024098008871,89.29101607762277,12.290671016089618,Scrambled_Sobol
SOBOL4096_03088,37.45025806128979,81.93052294664085,0.16734791925176978,272.0350302197039,63.48685911856592,59.44776534102857,Scrambled_Sobol
SOBOL4096_03089,35.86121838539839,54.35899971053004,0.27957308359444144,215.99305279552937,75.28034470975399,51.338026532903314,Scrambled_Sobol
SOBOL4096_03090,7.315697818994522,83.86628436855972,0.06508198611438275,247.21886092796922,37.334846183657646,99.17080847080797,Scrambled_Sobol
SOBOL4096_03091,14.342497922480106,70.77236701734364,0.3595477337948978,231.83615057729185,49.51995316892862,63.40290057472885,Scrambled_Sobol
SOBOL4096_03092,22.595025524497032,90.90469777584076,0.1450544506125152,284.98482746072114,108.52903876453638,15.571773308329284,Scrambled_Sobol
SOBOL4096_03093,27.412436455488205,64.42495798692107,0.07647969894111156,273.68751731701195,97.07307829521596,33.13544254750013,Scrambled_Sobol
SOBOL4096_03094,15.645461194217205,97.44820143096149,0.2434715212136507,243.12672569416463,60.64376934431493,80.25790485087782,Scrambled_Sobol
SOBOL4096_03095,2.691163346171379,60.51080492325127,0.1809450757317245,258.50523034110665,27.540331361815333,68.24577087536454,Scrambled_Sobol
SOBOL4096_03096,34.12612084299326,77.90899910032749,0.34793763412162665,204.69153694808483,85.40676253847778,21.12491582054645,Scrambled_Sobol
SOBOL4096_03097,30.496009327471256,71.91868559457362,0.19830457830801607,236.91060110926628,43.57733401004225,7.950394754298031,Scrambled_Sobol
SOBOL4096_03098,1.3266905397176743,89.65842928737402,0.3177956701256335,268.83901389315724,69.4035297865048,55.072675328701735,Scrambled_Sobol
SOBOL4096_03099,19.592943005263805,52.382606733590364,0.09495682019740344,210.91879806481302,102.45248629245907,90.46225039754063,Scrambled_Sobol
SOBOL4096_03100,28.469306975603104,85.74730432592332,0.21445009771734475,263.3645269740373,55.2306721964851,43.34121361374855,Scrambled_Sobol
SOBOL4096_03101,21.542447730898857,59.316430473700166,0.3774363405443728,252.06583549268544,65.35847505088896,23.178438539616764,Scrambled_Sobol
SOBOL4096_03102,10.399270690977573,79.00953758507967,0.11544452393427491,222.2080025728792,92.6567625021562,71.01103945635259,Scrambled_Sobol
SOBOL4096_03103,8.68568405508995,66.35176846757531,0.29709785584360365,280.1267592795193,80.52612179424614,82.65641958918422,Scrambled_Sobol
SOBOL4096_03104,39.49680518358946,95.41992484591901,0.03510530311614275,225.61045050621033,32.12274336721748,34.825111301615834,Scrambled_Sobol
SOBOL4096_03105,38.9611829072237,57.60304145514965,0.15961393969133494,203.5307883657515,96.43620317801833,41.21624106075615,Scrambled_Sobol
SOBOL4096_03106,7.8192513063549995,80.82976234145463,0.3741072115488351,256.6804952174425,58.678900953382254,88.3254771400243,Scrambled_Sobol
SOBOL4096_03107,11.105790138244629,67.7542484831065,0.05033656369894743,244.286763491109,28.177277091890574,52.55918003153056,Scrambled_Sobol
SOBOL4096_03108,21.91571529954672,94.10592308267951,0.2648276725038886,275.51291494630277,87.3716407455504,5.448292111977935,Scrambled_Sobol
SOBOL4096_03109,28.072234578430653,73.7114317715168,0.3389326814003289,286.81310310028493,75.91708050109446,37.135812104679644,Scrambled_Sobol
SOBOL4096_03110,18.90168108046055,87.95420681126416,0.17194013433530925,232.9990663845092,39.29983870126307,84.97855834662914,Scrambled_Sobol
SOBOL4096_03111,2.1680977568030357,51.059437124058604,0.2526616796478629,245.3913389891386,48.883207561448216,72.96807550359517,Scrambled_Sobol
SOBOL4096_03112,31.04566842317581,87.17726124450564,0.08566984605044127,214.82951739802957,106.56397563405335,25.123719181865454,Scrambled_Sobol
SOBOL4096_03113,34.9936980009079,62.60174079798162,0.22307202875614165,227.96531887724996,64.75529145915061,14.91932975128293,Scrambled_Sobol
SOBOL4096_03114,3.2254886254668236,99.15847862139344,0.10357876256108285,280.41139110922813,90.72564643342048,62.762257722206414,Scrambled_Sobol
SOBOL4096_03115,15.271049216389656,61.82782296091318,0.30898789351806044,219.8523858655244,81.12931520212442,98.1531261280179,Scrambled_Sobol
SOBOL4096_03116,26.707214005291462,76.50960707105696,0.18949679037556053,251.7818286176771,34.05393004883081,50.30895153526217,Scrambled_Sobol
SOBOL4096_03117,23.284990452229977,56.06623790226877,0.020162724405527115,263.0833927448839,44.18031747918576,21.962724877521396,Scrambled_Sobol
SOBOL4096_03118,14.740714728832245,82.07662524655461,0.2821552658081055,208.56605400331318,71.33483077865094,69.07214197795838,Scrambled_Sobol
SOBOL4096_03119,6.767335720360279,69.33941822499037,0.13057221492752433,269.12085354328156,101.84943221043795,80.71876519359648,Scrambled_Sobol
SOBOL4096_03120,35.01866675913334,92.22475648857653,0.39256404286250474,239.2626773007214,53.29936138819903,33.608058295212686,Scrambled_Sobol
SOBOL4096_03121,36.593668423593044,71.30909319967031,0.10223964475095272,249.99561563134193,84.01375689078122,65.65335176419467,Scrambled_Sobol
SOBOL4096_03122,5.216140151023865,91.83205352164805,0.2217329279333353,213.01847042515874,26.31352372933179,17.774183815345168,Scrambled_Sobol
SOBOL4096_03123,13.19986928254366,53.33399004302919,0.20558740286156535,287.81112424097955,61.87085990328342,29.79199120309204,Scrambled_Sobol
SOBOL4096_03124,24.87038917839527,83.23190109804273,0.32507850034162405,229.1637844312936,98.46604262012988,77.66950731165707,Scrambled_Sobol
SOBOL4096_03125,25.117561519145966,59.875655360519886,0.30456618763506416,240.36638577468693,109.92186218034476,60.105927963741124,Scrambled_Sobol
SOBOL4096_03126,16.807603500783443,76.88322910107672,0.04257362924516201,276.60161084495485,50.746943349950016,12.937078233808279,Scrambled_Sobol
SOBOL4096_03127,4.771209731698036,65.35307257436216,0.3849046723358333,201.80492298677564,36.107897642068565,48.699131519533694,Scrambled_Sobol
SOBOL4096_03128,33.413184471428394,97.98569241538644,0.12291285006329418,261.19418293237686,73.88723868411034,95.86637116968632,Scrambled_Sobol
SOBOL4096_03129,31.970664747059345,52.235742984339595,0.3549555144645274,271.6157618910074,30.68817349150777,85.2908879891038,Scrambled_Sobol
SOBOL4096_03130,1.2193001061677933,84.42856101319194,0.14046223694458604,233.93600130453706,79.25770940259099,38.122219988144934,Scrambled_Sobol
SOBOL4096_03131,17.94251974672079,73.33508282899857,0.27498086426407103,266.190782180056,93.92529664561152,26.48273976519704,Scrambled_Sobol
SOBOL4096_03132,28.98683786392212,89.9029501248151,0.060489772446453566,208.2464010734111,66.79284242913127,73.65016114432365,Scrambled_Sobol
SOBOL4096_03133,21.005365028977394,66.5955304633826,0.17653845423832534,219.4476264435798,56.66510005481541,93.81284632720053,Scrambled_Sobol
SOBOL4096_03134,12.069243378937244,96.83555727824569,0.34353100696578626,254.9799035396427,103.72104038484395,45.93385939951986,Scrambled_Sobol
SOBOL4096_03135,8.773522675037384,57.998453453183174,0.07207307744771242,222.72383520379663,68.13517787493765,10.538565618917346,Scrambled_Sobol
SOBOL4096_03136,38.041699193418026,78.86343416757882,0.2390648940578103,282.81569980084896,42.142784083262086,58.41626274865121,Scrambled_Sobol
SOBOL4096_03137,37.72543087601662,51.3775669503957,0.08516865240409971,234.8142825998366,59.39915760885924,94.66361626982689,Scrambled_Sobol
SOBOL4096_03138,9.082240276038647,86.76280975341797,0.2506753862090409,270.3846628218889,95.99610343109816,46.75273953471333,Scrambled_Sobol
SOBOL4096_03139,12.378468737006187,74.02817783877254,0.1647643260285258,207.36816269345582,86.48507508914918,10.986261051148176,Scrambled_Sobol
SOBOL4096_03140,20.689652301371098,87.538469908759,0.33027322288602595,267.4219241645187,28.783686789683998,58.89584869612008,Scrambled_Sobol
SOBOL4096_03141,29.2986024543643,67.29117599315941,0.262262269873172,256.209709784016,38.911162544973195,78.68753072805703,Scrambled_Sobol
SOBOL4096_03142,17.629307955503464,94.47305537760258,0.049254811275750404,218.56806305237114,76.6896726982668,31.550752534531057,Scrambled_Sobol
SOBOL4096_03143,0.9054136648774147,57.138299103826284,0.36635156925767665,281.5858506411314,107.11837340611964,19.54008831642568,Scrambled_Sobol
SOBOL4096_03144,32.28172592818737,81.195132387802,0.153343397192657,223.60335567966104,47.94489343184978,66.67561918031424,Scrambled_Sobol
SOBOL4096_03145,33.72983179986477,69.02290927246213,0.3957730612158776,213.54382129386067,91.08433459885418,56.47122974973172,Scrambled_Sobol
SOBOL4096_03146,4.462880827486515,92.64063811860979,0.1352663330733776,249.8178468644619,63.95044152624905,9.334270535036922,Scrambled_Sobol
SOBOL4096_03147,16.49859979748726,55.74806169606745,0.29205049550160767,228.6384764779359,33.52952026762068,44.72532031591982,Scrambled_Sobol
SOBOL4096_03148,25.433505587279797,82.49074127525091,0.031541604306548836,287.9889359232038,82.09988706745207,91.86067015863955,Scrambled_Sobol
SOBOL4096_03149,24.559003747999668,62.29232558980584,0.19509472474455833,276.7753509338945,70.64424799755216,75.41028146166354,Scrambled_Sobol
SOBOL4096_03150,13.513469621539116,76.14409564994276,0.31310217767953874,239.83699549920857,44.653009343892336,27.499222997576,Scrambled_Sobol
SOBOL4096_03151,5.530248396098614,63.064862275496125,0.11437853327021004,261.02039992809296,54.156253170222044,39.146027588285506,Scrambled_Sobol
SOBOL4096_03152,36.28283843398094,98.79167843610048,0.23238669967278838,202.33427034690976,101.21043039485812,87.05543350428343,Scrambled_Sobol
SOBOL4096_03153,35.32732222229242,65.03500514663756,0.11879349164664746,281.28820791840553,25.332424053922296,24.10072697326541,Scrambled_Sobol
SOBOL4096_03154,6.450976952910423,98.40008113533258,0.37930021412670617,226.73276605084538,84.52794284559786,71.20144621003419,Scrambled_Sobol
SOBOL4096_03155,14.425016455352306,59.55887669697404,0.03326403258368373,250.90505472384393,99.28144094534218,83.21907222270966,Scrambled_Sobol
SOBOL4096_03156,23.594353944063187,77.29899897240102,0.29377294076606636,221.08498160727322,61.52237561531365,36.11706389579922,Scrambled_Sobol
SOBOL4096_03157,26.393902227282524,53.79702956415713,0.3203793079406023,209.79440649040043,51.39616867527366,6.657646587118506,Scrambled_Sobol
SOBOL4096_03158,15.582761205732822,82.86480139940977,0.20237186066806315,262.2023648675531,109.07549789175391,54.50927242171019,Scrambled_Sobol
SOBOL4096_03159,3.5366784036159515,71.77389832213521,0.21035912228748202,238.03428189828992,73.40434262529016,90.2711443323642,Scrambled_Sobol
SOBOL4096_03160,34.67983555048704,91.46662107668817,0.0923509388975799,270.0018385052681,36.787931714206934,42.41827116813511,Scrambled_Sobol
SOBOL4096_03161,30.73723953217268,58.31490000709891,0.24014012405648827,257.2071389108896,78.66150389891118,31.842787987552583,Scrambled_Sobol
SOBOL4096_03162,2.484692484140396,78.44761530868709,0.07463340723887087,203.3543016947806,31.5852878568694,79.69423280097544,Scrambled_Sobol
SOBOL4096_03163,19.217753745615482,66.91373926587403,0.3498080718889833,274.9863141681999,67.22271866630763,68.05493395309895,Scrambled_Sobol
SOBOL4096_03164,27.76325486600399,96.42140828073025,0.18429916936904192,244.46329307742417,93.19451249670237,20.20187976770103,Scrambled_Sobol
SOBOL4096_03165,22.229253500699997,72.87061316892505,0.062469543460756546,233.174088569358,104.64880612213165,52.26040291134268,Scrambled_Sobol
SOBOL4096_03166,10.794314257800579,90.2684289496392,0.27547698507085444,286.28500564955175,56.10049840528518,99.36094041913748,Scrambled_Sobol
SOBOL4096_03167,7.508435770869255,51.77255873568356,0.14912821788340805,214.65445229783654,41.38071969617158,63.96582801360637,Scrambled_Sobol
SOBOL4096_03168,39.27542928606272,84.7954235970974,0.36213639561086897,245.91939352452755,68.53407785762101,16.86363795772195,Scrambled_Sobol
SOBOL4096_03169,39.805482029914856,74.27269942127168,0.2847678974457085,267.60784508660436,46.67650162242353,22.14148682076484,Scrambled_Sobol
SOBOL4096_03170,8.3692991361022,88.954867888242,0.024259000588208436,237.78880193829536,105.68378358148038,70.00597896054387,Scrambled_Sobol
SOBOL4096_03171,10.08359856903553,50.05882438272238,0.3884904631599784,264.5957386959344,78.12406065873802,82.02236259821802,Scrambled_Sobol
SOBOL4096_03172,21.851789839565754,86.61594674922526,0.1279837293550372,210.04064015112817,40.17967673949897,34.15916237980127,Scrambled_Sobol
SOBOL4096_03173,28.155978582799435,56.99219494126737,0.10691033737733961,221.32833725772798,30.05226083099842,14.367571654729545,Scrambled_Sobol
SOBOL4096_03174,19.90466684103012,79.87715462222695,0.2249185094423592,253.29555054195225,87.91948236525059,61.457961006090045,Scrambled_Sobol
SOBOL4096_03175,1.637868471443653,68.70680768042803,0.1876265288516879,226.4900729060173,94.56157345324755,97.2185388719663,Scrambled_Sobol
SOBOL4096_03176,30.18216349184513,94.71681662835181,0.3056339874491096,278.89700131490827,58.13078511506319,50.129394019022584,Scrambled_Sobol
SOBOL4096_03177,33.817675188183784,55.1136776804924,0.16935668125748635,247.04099023714662,99.98360281344503,36.58377920277417,Scrambled_Sobol
SOBOL4096_03178,3.0077700689435005,81.465730862692,0.33486557245254517,216.5183124691248,52.76326810475439,83.6743495753035,Scrambled_Sobol
SOBOL4096_03179,15.961521863937378,69.95026427321136,0.08976100763306022,285.162741066888,46.04595371987671,72.03340030275285,Scrambled_Sobol
SOBOL4096_03180,27.103473506867886,93.1773635558784,0.25526773577556017,231.31093381904066,71.87135913874954,24.944436470977962,Scrambled_Sobol
SOBOL4096_03181,22.908585257828236,63.602354004979134,0.37075841724872594,242.59726568125188,83.32685666624457,41.39473386108875,Scrambled_Sobol
SOBOL4096_03182,14.03099574148655,99.71979376859963,0.15775025084614752,273.8611769396812,34.92236363235861,89.25940772984177,Scrambled_Sobol
SOBOL4096_03183,7.004908584058285,61.26655633561313,0.2666691178642213,205.22095404565334,62.557314918376505,53.862683828920126,Scrambled_Sobol
SOBOL4096_03184,36.17544323205948,75.50894683226943,0.053661664929240946,258.3315278030932,89.85740600619465,5.99966533947736,Scrambled_Sobol
SOBOL4096_03185,37.1340112760663,60.877615911886096,0.3454012224823237,224.06039722263813,38.222542121075094,92.8899265313521,Scrambled_Sobol
SOBOL4096_03186,6.089673116803169,77.44586756452918,0.17989231429994104,284.11450201645494,74.67279554810375,45.74282128363848,Scrambled_Sobol
SOBOL4096_03187,13.106631599366665,64.79048244655132,0.23573327464982866,218.11039655469358,107.80700427945703,9.97509476263076,Scrambled_Sobol
SOBOL4096_03188,23.85797619819641,96.98368501849473,0.07022655216977,253.68180674500763,49.96184182818979,57.12349193170667,Scrambled_Sobol
SOBOL4096_03189,26.149790659546852,70.35826179198921,0.14453586123883724,264.89132014103234,60.08790722582489,86.58299913164228,Scrambled_Sobol
SOBOL4096_03190,16.88163299113512,91.22286392375827,0.3575440446287394,206.90779521130025,98.01284632179886,38.68498587049544,Scrambled_Sobol
SOBOL4096_03191,3.917492926120758,53.94313111901283,0.05787718681618571,272.91593471542,85.79625422600657,26.673033270053566,Scrambled_Sobol
SOBOL4096_03192,32.85363342612982,84.18277953751385,0.2708846340887249,235.27394466102123,26.766933449544013,74.57229102961719,Scrambled_Sobol
SOBOL4096_03193,31.723598204553127,65.98638836294413,0.04073222989216447,200.6819073855877,69.92712403647602,61.39776996336877,Scrambled_Sobol
SOBOL4096_03194,0.05309641361236572,95.88467800058424,0.3012411324121058,260.0333967991173,42.60756785981357,13.499937723390758,Scrambled_Sobol
SOBOL4096_03195,18.32903850823641,58.949284395202994,0.12626168895512818,241.48869595490396,54.87344837747514,48.889331417158246,Scrambled_Sobol
SOBOL4096_03196,29.70658488571644,79.4726231135428,0.3867684057727456,277.7630648482591,103.25588232837617,96.7887701978907,Scrambled_Sobol
SOBOL4096_03197,20.30547469854355,52.79833357781172,0.21764172175899146,288.9739434886724,91.80164854973555,64.73015716299415,Scrambled_Sobol
SOBOL4096_03198,11.663480661809444,85.43056906200945,0.09963354403153063,230.28747058473527,65.99568795412779,17.583233644254506,Scrambled_Sobol
SOBOL4096_03199,9.959583058953285,72.33312330208719,0.32766190741211176,248.8334588892758,32.812195867300034,29.228432402014732,Scrambled_Sobol
SOBOL4096_03200,38.26952178031206,89.34031249955297,0.20965446580201386,211.89407348632812,80.05456939339638,76.37701130006462,Scrambled_Sobol
SOBOL4096_03201,38.367024809122086,62.00600531883538,0.21288357945159078,254.16248408146203,28.632673867978156,5.193536402657628,Scrambled_Sobol
SOBOL4096_03202,9.822711162269115,76.2305025011301,0.09339248197153212,217.31116130016744,86.33259291294962,53.09152559842914,Scrambled_Sobol
SOBOL4096_03203,11.839108690619469,62.78318976983428,0.3221688368543983,283.6667434312403,95.48306366894394,88.5809802915901,Scrambled_Sobol
SOBOL4096_03204,20.09047780185938,98.88264085166156,0.20267555367201565,224.89255122840405,58.88756683561951,40.68169846665114,Scrambled_Sobol
SOBOL4096_03205,29.92127548903227,69.32600666768849,0.03356336550787091,236.18312366306782,47.76404989417642,25.61113327741623,Scrambled_Sobol
SOBOL4096_03206,18.153104037046432,92.53435432910919,0.29555518778041007,272.3694306053221,106.9386546080932,72.75826259050518,Scrambled_Sobol
SOBOL4096_03207,0.18966201692819595,56.04960797354579,0.11983934950083494,206.0096427705139,76.20646418537945,84.49184639379382,Scrambled_Sobol
SOBOL4096_03208,31.62578873336315,82.38300490193069,0.38183190789073707,265.44885081239045,38.4268090268597,37.34347329009324,Scrambled_Sobol
SOBOL4096_03209,32.99020014703274,67.78616020455956,0.14942757204174995,278.59529663808644,81.58700183033943,50.889127743430436,Scrambled_Sobol
SOBOL4096_03210,3.819684721529484,93.77820431254804,0.3639186638593674,241.04102588258684,33.01778003573418,98.0360753275454,Scrambled_Sobol
SOBOL4096_03211,17.09632471203804,57.63779082335532,0.06351542254909873,259.2340783961117,63.799253813922405,62.1827836567536,Scrambled_Sobol
SOBOL4096_03212,25.973857454955578,80.50488103181124,0.2780087000690401,201.16249084472656,90.93202214688063,15.034228824079037,Scrambled_Sobol
SOBOL4096_03213,24.033605493605137,50.89937495067716,0.3523325049877167,212.45169803500175,100.72737640701234,33.44608734827489,Scrambled_Sobol
SOBOL4096_03214,12.891635820269585,87.43786490522325,0.18534068837761877,247.9353895969689,53.671750193461776,81.34389552287757,Scrambled_Sobol
SOBOL4096_03215,6.187177412211895,73.54848519898951,0.24192962890490888,229.7408779617399,44.47199101559818,69.23486036714166,Scrambled_Sobol
SOBOL4096_03216,36.99714049696922,88.21192588657141,0.07493707617744803,289.88304470665753,70.46469892375171,21.335397521033883,Scrambled_Sobol
SOBOL4096_03217,36.077635027468204,73.15651983954012,0.3652578524500132,210.61460739932954,60.99782753735781,77.13644190691411,Scrambled_Sobol
SOBOL4096_03218,7.1414753049612045,90.18243681639433,0.15076674364507198,263.6371185351163,98.75542361289263,30.046028490178287,Scrambled_Sobol
SOBOL4096_03219,13.855062536895275,52.053913194686174,0.2619179771654308,237.18183010816574,84.38843823969364,18.307996662333608,Scrambled_Sobol
SOBOL4096_03220,23.123276978731155,84.7047810908407,0.047424705307930706,268.5334606654942,25.194368436932564,65.397117449902,Scrambled_Sobol
SOBOL4096_03221,26.888477727770805,58.01224582828581,0.16292988263070582,279.7456777282059,36.31656083278358,96.07545433565974,Scrambled_Sobol
SOBOL4096_03222,16.137151159346104,78.55345401912928,0.3299217162281275,225.98193243145943,72.93409648351371,48.21098626125604,Scrambled_Sobol
SOBOL4096_03223,2.8708992898464203,66.61254102364182,0.08259638158604503,252.43593339808285,108.88281672261655,12.728697210550308,Scrambled_Sobol
SOBOL4096_03224,33.91517948359251,96.52879550121725,0.24958892865106463,221.8255370017141,51.20234250091016,60.59192149434239,Scrambled_Sobol
SOBOL4096_03225,30.04529159516096,53.30169601365924,0.11254406863823534,232.23647161386907,93.05516241583973,73.76648219767958,Scrambled_Sobol
SOBOL4096_03226,1.7353715002536774,83.56000068597496,0.23203517178073524,284.55568072386086,67.08451359067112,25.90183239430189,Scrambled_Sobol
SOBOL4096_03227,19.68966994434595,71.27396170981228,0.19252243269234895,215.55977545678616,31.060564988292754,38.006601077504456,Scrambled_Sobol
SOBOL4096_03228,28.33160661160946,92.15731546282768,0.3120156988874078,247.6150513626635,78.13565629068762,85.86964363232255,Scrambled_Sobol
SOBOL4096_03229,21.675855368375778,65.51351686939597,0.29095680275931957,258.8286336697638,68.34155121352524,57.79041258152574,Scrambled_Sobol
SOBOL4096_03230,10.29828917235136,97.72470812313259,0.02896497482433915,204.36125375330448,41.18674406316131,10.699818143621087,Scrambled_Sobol
SOBOL4096_03231,8.271489664912224,60.038984240964055,0.3954287925735116,273.3531249780208,55.62895273324102,46.56045700889081,Scrambled_Sobol
SOBOL4096_03232,39.942047633230686,76.62512920796871,0.13343625117093325,243.44601987861097,104.1787297045812,93.64939677529037,Scrambled_Sobol
SOBOL4096_03233,39.09949600696564,63.71130435727537,0.056047090757638224,220.13734777458012,39.653656873852015,87.81509432476014,Scrambled_Sobol
SOBOL4096_03234,7.723127566277981,99.42013183608651,0.27054037394002084,251.4900083001703,77.59951004758477,39.96348972432315,Scrambled_Sobol
SOBOL4096_03235,10.696505978703499,61.37085575610399,0.14195924025028944,227.66936795786023,105.54573049768806,28.224118552170694,Scrambled_Sobol
SOBOL4096_03236,22.365820296108723,75.20473250187933,0.3564503377303481,280.6922224164009,46.53699954971671,76.07701295055449,Scrambled_Sobol
SOBOL4096_03237,27.626384161412716,55.024598306044936,0.2346468043513596,269.4827117025852,57.660536440089345,91.14748683292419,Scrambled_Sobol
SOBOL4096_03238,19.315257966518402,81.7486216314137,0.0676542459614575,238.87197198346257,94.09020003862679,44.046746362000704,Scrambled_Sobol
SOBOL4096_03239,2.269696779549122,69.86273285001516,0.3450496804341674,262.68857828341424,87.7256587240845,8.563260235823691,Scrambled_Sobol
SOBOL4096_03240,30.9128687530756,93.46171007491648,0.17805785816162825,208.92380301840603,29.859582195058465,55.665247328579426,Scrambled_Sobol
SOBOL4096_03241,34.464838579297066,56.319813802838326,0.32657545834779744,243.86721906252205,71.73315152991563,65.86958579719067,Scrambled_Sobol
SOBOL4096_03242,3.7123065069317818,80.35877761431038,0.20708218082785607,275.9228382911533,45.90660110581666,18.769027055241168,Scrambled_Sobol
SOBOL4096_03243,15.445889234542847,68.02992220036685,0.2172902009449899,203.93934914842248,52.237423029728234,30.872229542583227,Scrambled_Sobol
SOBOL4096_03244,26.491405330598354,95.19383674487472,0.09779910912737251,256.259588226676,99.45888247806579,77.97439836431295,Scrambled_Sobol
SOBOL4096_03245,23.496544547379017,74.96488243341446,0.12443156883120537,245.0487069040537,89.66342783998698,59.56263114698231,Scrambled_Sobol
SOBOL4096_03246,14.56158198416233,88.4564467240125,0.38642412155866623,215.14057183638215,62.364785741083324,11.711207567714155,Scrambled_Sobol
SOBOL4096_03247,6.2750425562262535,50.75251120142639,0.038155584838241344,287.12277351878583,34.45228974800557,47.57015070877969,Scrambled_Sobol
SOBOL4096_03248,35.54201275110245,86.11912159249187,0.30014740144833923,232.6550502795726,82.85531352739781,95.42322612833232,Scrambled_Sobol
SOBOL4096_03249,36.45846653729677,52.68905791454017,0.18793021194636822,266.6117025818676,49.80935711879283,16.05773215647787,Scrambled_Sobol
SOBOL4096_03250,5.315251424908638,85.7305551879108,0.3074234838038683,207.8378537017852,107.65598882455379,63.19453158415854,Scrambled_Sobol
SOBOL4096_03251,13.610972724854946,72.22840264439583,0.1079518478922546,271.20583049952984,74.16120730806142,98.68265259545296,Scrambled_Sobol
SOBOL4096_03252,24.422131776809692,89.64494620449841,0.22744295669719575,234.35553768649697,37.709504892118275,51.547142965719104,Scrambled_Sobol
SOBOL4096_03253,25.57007111608982,66.07581148855388,0.39102216966450215,223.06783789768815,26.587212118320167,20.868716188706458,Scrambled_Sobol
SOBOL4096_03254,16.40079040080309,95.6014453433454,0.12902962259948253,282.506015971303,85.61540815513581,68.77957168966532,Scrambled_Sobol
SOBOL4096_03255,4.677571356296539,59.03725437819958,0.2865501798503101,219.13658005185425,97.52849533688277,80.51195275504142,Scrambled_Sobol
SOBOL4096_03256,33.5538974031806,79.18783915229142,0.02455834625288844,255.32254367135465,59.60470124613494,32.60234387591481,Scrambled_Sobol
SOBOL4096_03257,32.496417723596096,71.03020530194044,0.2692008031345904,287.5302795227617,102.74413956329226,43.17777609452605,Scrambled_Sobol
SOBOL4096_03258,0.7294803857803345,90.74167967773974,0.054707536939531565,229.45972193963826,54.3605606071651,91.0888133244589,Scrambled_Sobol
SOBOL4096_03259,17.76587475091219,54.61967489682138,0.37254067841917277,250.28744399547577,42.45525794103742,55.23396112024784,Scrambled_Sobol
SOBOL4096_03260,29.20079417526722,83.70610298588872,0.15804957527667282,212.73351656273007,69.77593885734677,7.324533970095217,Scrambled_Sobol
SOBOL4096_03261,20.787156522274017,60.18585208803415,0.09006471479311585,201.44718738272786,79.5700638834387,35.403854912146926,Scrambled_Sobol
SOBOL4096_03262,12.241598032414913,77.94386767782271,0.2570572561956942,261.5890108048916,32.32913934625685,82.54083536099643,Scrambled_Sobol
SOBOL4096_03263,9.257869496941566,64.09712000750005,0.17039821583777665,240.75708304531872,65.81614141352475,70.43009881861508,Scrambled_Sobol
SOBOL4096_03264,37.51043517142534,97.48018467798829,0.33739004377275705,276.23974463902414,91.62063275463879,23.294770210050046,Scrambled_Sobol
SOBOL4096_03265,37.827008590102196,70.27836414054036,0.18273458199575543,228.22717984206975,77.00198728125542,34.36753774061799,Scrambled_Sobol
SOBOL4096_03266,8.94945714622736,93.14506999216974,0.34824130447581414,288.40710706077516,40.55208850186318,81.53640870470554,Scrambled_Sobol
SOBOL4096_03267,11.932677775621414,55.43894083239138,0.0790041334554553,213.96610157564282,46.96815251838416,69.79685615748167,Scrambled_Sobol
SOBOL4096_03268,21.10317450016737,81.4306003972888,0.24451304163783788,249.41065937280655,104.81366961728781,22.629637741483748,Scrambled_Sobol
SOBOL4096_03269,28.889334835112095,61.00557083263993,0.36059361429885034,260.70797219872475,95.01924250740558,49.5955868344754,Scrambled_Sobol
SOBOL4096_03270,18.07939164340496,75.66939010284841,0.14758616702631114,202.67552914097905,57.094658059068024,97.4747335491702,Scrambled_Sobol
SOBOL4096_03271,1.043672077357769,63.34425383247435,0.2798724391683936,277.12074032984674,29.096200545318425,61.99106604792178,Scrambled_Sobol
SOBOL4096_03272,32.185661643743515,99.88312218338251,0.0668642557784915,239.5286983717233,88.1258759694174,14.113528705202043,Scrambled_Sobol
SOBOL4096_03273,33.23755517601967,50.33831004984677,0.2981437122821808,207.66135630197823,44.9268186930567,24.317867173813283,Scrambled_Sobol
SOBOL4096_03274,4.986205510795116,86.43738254904747,0.037636995464563366,267.13833554647863,72.24602022208273,72.19683286733925,Scrambled_Sobol
SOBOL4096_03275,16.710099205374718,74.54891903325915,0.37773567205294967,234.5320780016482,100.273004071787,84.30021672975272,Scrambled_Sobol
SOBOL4096_03276,25.254432298243046,88.77303781919181,0.11722676953300834,270.679240450263,51.890215473249555,36.42249836586416,Scrambled_Sobol
SOBOL4096_03277,24.73382245749235,68.39682799763978,0.09674634769558907,281.97792924940586,63.012734334915876,6.11525593791157,Scrambled_Sobol
SOBOL4096_03278,13.297677487134933,94.73060928285122,0.21475378930568695,223.242870811373,88.81834028288722,53.28394517302513,Scrambled_Sobol
SOBOL4096_03279,5.001448430120945,56.68543418869376,0.2008290340565145,255.85058747790754,82.37373473122716,89.14306968916208,Scrambled_Sobol
SOBOL4096_03280,36.76960162818432,79.89416639320552,0.3188372117839754,218.96150422282517,35.1310065574944,41.97566954419017,Scrambled_Sobol
SOBOL4096_03281,35.23366253823042,58.62156664952636,0.027101280316710472,274.69174995087087,108.0134002584964,57.61017557233572,Scrambled_Sobol
SOBOL4096_03282,6.591706424951553,79.50453604571521,0.28760801412165166,244.74551108665764,49.00578391738236,9.767450564540923,Scrambled_Sobol
SOBOL4096_03283,14.877585507929325,65.66150751896203,0.1367613467387855,257.49071948230267,37.18641237355769,45.25539020076394,Scrambled_Sobol
SOBOL4096_03284,23.18748615682125,95.91942764818668,0.3972702435962856,203.06110003963113,75.13046191073954,93.09976775664836,Scrambled_Sobol
SOBOL4096_03285,26.805022209882736,72.5937264971435,0.22796806849539278,214.26099771633744,84.92614263668656,74.31681619025767,Scrambled_Sobol
SOBOL4096_03286,15.134482495486736,89.18025004677474,0.10996060989797116,246.27850241959095,27.058586720377207,27.20755887683481,Scrambled_Sobol
SOBOL4096_03287,3.401421830058098,53.056051628664136,0.31462176067754627,233.53458148427308,60.46031629666686,38.939758567139506,Scrambled_Sobol
SOBOL4096_03288,34.77900628000498,85.26762127876282,0.19661358861252665,285.89293508790433,96.89077025279403,86.05062525253743,Scrambled_Sobol
SOBOL4096_03289,31.221602894365788,64.51137759722769,0.3317681912519038,251.3122288044542,55.082093994133174,96.62605747114867,Scrambled_Sobol
SOBOL4096_03290,1.9534071534872055,97.16186691075563,0.16626146310940385,220.662687914446,102.30276308488101,49.51661913655698,Scrambled_Sobol
SOBOL4096_03291,18.999490551650524,60.60177693143487,0.24623501691967248,280.87004482746124,68.88805593829602,13.661948307417333,Scrambled_Sobol
SOBOL4096_03292,27.935668975114822,77.62731551192701,0.08072612572461367,227.1440707333386,43.06298490148038,60.77263397164643,Scrambled_Sobol
SOBOL4096_03293,22.05258719623089,54.25273017026484,0.15486302549019454,238.34259243682027,31.93914592731744,76.95647970307618,Scrambled_Sobol
SOBOL4096_03294,11.008287109434605,84.1693690046668,0.36787047842517495,269.65646252036095,80.34397334326059,29.1135729663074,Scrambled_Sobol
SOBOL4096_03295,8.03424820303917,70.66464172676206,0.044836225397884844,209.4531396497041,92.17630725819618,17.003017798997462,Scrambled_Sobol
SOBOL4096_03296,38.78555487841368,91.20623446069658,0.2578443918004632,262.5147845502943,64.87655055243522,64.8472136259079,Scrambled_Sobol
SOBOL4096_03297,39.63367588818073,55.585042387247086,0.38232802869752053,285.43258872814476,86.85746389441192,58.641817779280245,Scrambled_Sobol
SOBOL4096_03298,8.58817983418703,82.74857853539288,0.12181912051513792,231.00399925373495,27.661630986258388,11.51933141052723,Scrambled_Sobol
SOBOL4096_03299,10.614266395568848,68.86272761039436,0.30273606892675164,246.73818627372384,58.52902575396001,47.00896747875959,Scrambled_Sobol
SOBOL4096_03300,21.366818509995937,92.90131283923984,0.04222934644669295,216.79229073226452,96.28777696751058,94.12979846820235,Scrambled_Sobol
SOBOL4096_03301,28.645240254700184,63.099731132388115,0.2052358834631741,205.58968670666218,106.08222339302301,67.16375806834549,Scrambled_Sobol
SOBOL4096_03302,19.37825120985508,98.46672606654465,0.3232440668530762,257.94769698753953,48.40258006006479,19.33100019581616,Scrambled_Sobol
SOBOL4096_03303,1.4244988188147545,62.32431004755199,0.10115319710224867,242.21754400990903,39.11753825843334,31.064765374176204,Scrambled_Sobol
SOBOL4096_03304,30.35944253206253,75.81625869497657,0.2191606443747878,274.2340187449008,75.7336350530386,78.8959167059511,Scrambled_Sobol
SOBOL4096_03305,34.22393023967743,74.0114291664213,0.07172153398394585,264.1638426948339,33.904199241660535,92.44157115928829,Scrambled_Sobol
SOBOL4096_03306,2.554597817361355,87.84492136910558,0.23723043650388717,210.43821192346513,80.98072940018028,44.60899430792779,Scrambled_Sobol
SOBOL4096_03307,15.821395590901375,51.364084891974926,0.17545198252424596,268.0067794211209,90.21130492445081,8.755521262064576,Scrambled_Sobol
SOBOL4096_03308,27.19774592667818,87.07252801395953,0.3409586993418634,237.3582684993744,64.23982521053404,56.586853615008295,Scrambled_Sobol
SOBOL4096_03309,22.810022495687008,57.31981857679784,0.2724042418599129,226.15704581141472,53.11720533762127,86.8941873498261,Scrambled_Sobol
SOBOL4096_03310,14.166869819164276,80.91917419806123,0.059396064132452006,279.2176607437432,101.6658271709457,39.771882710047066,Scrambled_Sobol
SOBOL4096_03311,7.452569790184498,67.46947709470987,0.3531254169903696,221.65038070641458,70.85291387978941,27.66266617923975,Scrambled_Sobol
SOBOL4096_03312,35.76371528208256,94.19387900270522,0.14011797538027168,252.96390746720135,43.699869834817946,74.7836788976565,Scrambled_Sobol
SOBOL4096_03313,37.31369253247976,67.07713920623064,0.25370321281254293,241.91921598277986,98.32540092524141,35.58472328353673,Scrambled_Sobol
SOBOL4096_03314,5.8787912130355835,96.16318889893591,0.08819431595504285,277.3641171026975,61.72874895390123,83.47383430227637,Scrambled_Sobol
SOBOL4096_03315,12.58268941193819,58.475462486967444,0.3392363871447742,200.28434365987778,25.79011337365955,71.7359838495031,Scrambled_Sobol
SOBOL4096_03316,24.349644854664803,78.18655828014016,0.173729653339833,260.4653008468449,83.49179552402347,23.84521745145321,Scrambled_Sobol
SOBOL4096_03317,25.662414729595184,51.73730906099081,0.05211882345378399,249.16511537507176,73.69601378683001,42.628079126589,Scrambled_Sobol
SOBOL4096_03318,17.409829758107662,85.12075827457011,0.2651269955188036,211.5720434486866,35.91779748443514,89.78372386656702,Scrambled_Sobol
SOBOL4096_03319,4.133888259530067,72.83824807964265,0.1621456235460937,288.6532760132104,50.27411556337029,54.30161619093269,Scrambled_Sobol
SOBOL4096_03320,32.679427452385426,90.59664802625775,0.3751530821435154,230.62048963271081,109.4478893885389,7.144364910200238,Scrambled_Sobol
SOBOL4096_03321,31.309463270008564,59.57600767724216,0.13235449874773622,217.83643170259893,66.269576465711,20.31892561353743,Scrambled_Sobol
SOBOL4096_03322,0.498284175992012,76.99216669425368,0.39286338994279507,253.98462411947548,93.40317568741739,67.47475137468427,Scrambled_Sobol
SOBOL4096_03323,18.462424837052822,65.0488693267107,0.022694432325661183,224.3673237413168,79.11690304987133,79.57933868281543,Scrambled_Sobol
SOBOL4096_03324,29.60561990737915,98.08998224325478,0.28320116046816113,283.8446463085711,30.546242399141192,32.42226842325181,Scrambled_Sobol
SOBOL4096_03325,20.402146950364113,71.59199672751129,0.31002940544858576,272.5430794991553,41.670100688934326,16.238512583076954,Scrambled_Sobol
SOBOL4096_03326,11.525839753448963,91.74295989796519,0.19202123904600737,235.653652921319,67.6610454916954,64.12780533079058,Scrambled_Sobol
SOBOL4096_03327,9.508881866931915,53.61834615468979,0.22337571326643227,265.27515900321305,103.52965082973242,99.9882628209889,Scrambled_Sobol
SOBOL4096_03328,38.67818143218756,83.14435859210789,0.1053682603314519,206.53907059691846,56.4751797541976,52.09767815191299,Scrambled_Sobol
SOBOL4096_03329,38.651395216584206,53.54637918062508,0.12142514696344733,274.4378635287285,38.57842587865889,67.63944710604846,Scrambled_Sobol
SOBOL4096_03330,9.384453482925892,83.02923925220966,0.3834176883660257,242.37640814855695,76.35826342739165,20.525683197192848,Scrambled_Sobol
SOBOL4096_03331,11.420766413211823,71.51175504550338,0.04109244927763939,257.75558955036104,106.78693627007306,32.25936078466475,Scrambled_Sobol
SOBOL4096_03332,20.35570051521063,91.61966438405216,0.3030842772126198,205.4411866236478,47.61218969710171,79.37151779886335,Scrambled_Sobol
SOBOL4096_03333,29.637446887791157,65.16282041557133,0.32359219586476684,216.65481452830136,59.06779868528247,64.28926603868604,Scrambled_Sobol
SOBOL4096_03334,18.59188325703144,98.16163927316666,0.204098929669708,246.55711344443262,95.66347790881991,16.44778606016189,Scrambled_Sobol
SOBOL4096_03335,0.6080740317702293,59.69970850273967,0.22025024741888047,231.17372633889318,86.1524217016995,51.93732816725969,Scrambled_Sobol
SOBOL4096_03336,31.36065363883972,77.07348125986755,0.10075914427638054,285.6472857296467,28.452360797673464,99.77715382818133,Scrambled_Sobol
SOBOL4096_03337,32.80387490987778,72.7053658105433,0.23757787045091389,252.8158088773489,70.31291994731873,83.63528704736382,Scrambled_Sobol
SOBOL4096_03338,4.160655401647091,90.5183622147888,0.0705853233858943,221.45799884572625,44.320353898219764,35.79398773610592,Scrambled_Sobol
SOBOL4096_03339,17.456295266747475,51.62033089436591,0.34204905690625315,279.37745376490057,53.82363065611571,23.684876491315663,Scrambled_Sobol
SOBOL4096_03340,25.767468996345997,85.0582780316472,0.17505722330883144,226.35974881239235,100.87907447945327,71.52488281950355,Scrambled_Sobol
SOBOL4096_03341,24.220167361199856,58.552627731114626,0.059001338891685004,237.5720061082393,90.75162817258388,89.9484279146418,Scrambled_Sobol
SOBOL4096_03342,12.550881505012512,78.31898755393922,0.27349461074918513,268.1775963213295,63.61900169868022,42.83484538085759,Scrambled_Sobol
SOBOL4096_03343,5.827581770718098,67.1399770770222,0.13898177610710263,210.25668228045106,33.19811337161809,6.981448601000011,Scrambled_Sobol
SOBOL4096_03344,37.203921750187874,96.28138300031424,0.3534728849120438,264.02660705149174,81.76715277601033,54.09378699027002,Scrambled_Sobol
SOBOL4096_03345,35.65880384296179,67.55331517197192,0.08715103168040514,230.76896825805306,51.06353349518031,44.40260478295386,Scrambled_Sobol
SOBOL4096_03346,7.406266629695892,94.32001691311598,0.254143584407866,288.8453619927168,108.74414957594126,92.27724348660558,Scrambled_Sobol
SOBOL4096_03347,14.139921255409718,57.38894762471318,0.17342784309759735,211.41332951374352,73.07300697546452,56.79503123275936,Scrambled_Sobol
SOBOL4096_03348,22.68545128405094,81.0306956525892,0.3404196597076953,248.96142079494894,36.45528893452138,8.918785634450614,Scrambled_Sobol
SOBOL4096_03349,27.30769693851471,51.236731046810746,0.2663103473559022,260.2504965569824,25.00100449193269,39.56224117428064,Scrambled_Sobol
SOBOL4096_03350,15.872729979455471,86.98833230882883,0.05181706983596086,200.11450928635895,84.19521615374833,86.73235858324915,Scrambled_Sobol
SOBOL4096_03351,2.5862617045640945,73.90036070719361,0.375593510363251,277.5452543050051,98.94872691947967,74.99443115666509,Scrambled_Sobol
SOBOL4096_03352,34.353246577084064,87.77691288851202,0.16110241854563354,242.05675655975938,61.190948453731835,27.822659430094063,Scrambled_Sobol
SOBOL4096_03353,30.405764766037464,62.44455827400088,0.39404599858447914,206.33630322292447,104.31737658567727,11.309698899276555,Scrambled_Sobol
SOBOL4096_03354,1.5293911844491959,75.88123711757362,0.132053440194577,265.1153016090393,55.7677820045501,58.47999697551131,Scrambled_Sobol
SOBOL4096_03355,19.502841494977474,63.23011075146496,0.28364229507744315,235.84614207036793,41.04799569584429,94.34054276440293,Scrambled_Sobol
SOBOL4096_03356,28.672169744968414,98.54174330830574,0.021650472804903984,272.69128537736833,68.20266098715365,47.16895170509815,Scrambled_Sobol
SOBOL4096_03357,21.315465047955513,68.79667630419135,0.19097724555060266,283.9817317482084,78.3288581110537,19.12460200022906,Scrambled_Sobol
SOBOL4096_03358,10.504334457218647,92.78065930120647,0.3104705287329853,224.54870318062603,31.25394919887185,66.9994220789522,Scrambled_Sobol
SOBOL4096_03359,8.458844423294067,55.51033508963883,0.10506719045341015,253.813828676939,66.89137240871787,79.10410264041275,Scrambled_Sobol
SOBOL4096_03360,39.60203107446432,82.61936716735363,0.2245582879334688,217.62271555140615,92.86187937483191,31.228038417175412,Scrambled_Sobol
SOBOL4096_03361,38.89551155269146,70.58364092372358,0.3494246548973024,239.70942251384258,29.720833986066282,49.30554376449436,Scrambled_Sobol
SOBOL4096_03362,8.085576929152012,91.08217069879174,0.182432826962322,277.2585437633097,87.58676865603775,96.46569651551545,Scrambled_Sobol
SOBOL4096_03363,11.039956659078598,54.18152678757906,0.2449534684419632,202.46118082664907,94.22884707804769,60.98191841971129,Scrambled_Sobol
SOBOL4096_03364,22.18189787119627,84.05501046217978,0.07796092703938484,260.5379178840667,57.79936586972326,13.823375394567847,Scrambled_Sobol
SOBOL4096_03365,27.83076260238886,60.72472012601793,0.14654288133606314,249.25145727582276,46.3438585260883,28.905718461610377,Scrambled_Sobol
SOBOL4096_03366,18.953182324767113,77.7078633196652,0.3610339844785631,213.76261620782316,105.35244761500508,76.79358303546906,Scrambled_Sobol
SOBOL4096_03367,1.9264636561274529,64.62609376758337,0.06656244412064552,288.5559451021254,77.7927120262757,65.05396023858339,Scrambled_Sobol
SOBOL4096_03368,31.097026616334915,97.23428622819483,0.28105571031570437,228.41892786324024,39.84704124275595,17.167747151106596,Scrambled_Sobol
SOBOL4096_03369,34.72765848040581,52.93830670416355,0.036593003384768966,218.7910360097885,82.99422386102378,9.559609685093164,Scrambled_Sobol
SOBOL4096_03370,3.2914842292666435,85.20438340492547,0.2985848369821906,255.63652263954282,34.59101769141853,57.44729359168559,Scrambled_Sobol
SOBOL4096_03371,15.005152747035027,72.46160651557148,0.11692570107057691,223.3797577675432,62.22597657702863,93.30649968236685,Scrambled_Sobol
SOBOL4096_03372,26.77337173372507,89.10272931680083,0.37891824813559655,282.15978612191975,89.52476053498685,45.42010592762381,Scrambled_Sobol
SOBOL4096_03373,23.23381345719099,65.72357714176178,0.2159363993629813,270.87196026928723,99.65218562632799,26.99646952562034,Scrambled_Sobol
SOBOL4096_03374,14.98247280716896,96.03686262853444,0.09644529055804014,234.67981717549264,52.430543787777424,74.15644090157002,Scrambled_Sobol
SOBOL4096_03375,6.716301776468754,58.69949269108474,0.3192783478088677,266.9352945871651,45.71323700249195,86.25992403365672,Scrambled_Sobol
SOBOL4096_03376,35.260586962103844,79.6377289108932,0.1997850759513676,207.50192269682884,71.53992928564548,39.101199633441865,Scrambled_Sobol
SOBOL4096_03377,36.801432482898235,56.75380113534629,0.2879561445489526,286.063096690923,59.756581550464034,72.3568370891735,Scrambled_Sobol
SOBOL4096_03378,5.130902975797653,80.00492257997394,0.025964327938854694,233.74903708696365,97.68019325099885,24.528585812076926,Scrambled_Sobol
SOBOL4096_03379,13.407471217215061,68.48143264651299,0.39835984805598856,246.14063461311162,85.463629020378,36.260703220032156,Scrambled_Sobol
SOBOL4096_03380,24.7850089520216,94.85750501044095,0.13636729532852768,214.0802092012018,26.435574842616916,84.09056422300637,Scrambled_Sobol
SOBOL4096_03381,25.227650552988052,74.43708996288478,0.10956663776189089,202.86937347613275,37.88983806967735,53.44719857443124,Scrambled_Sobol
SOBOL4096_03382,16.585666351020336,88.70426556095481,0.2290577295795083,257.34190289862454,74.34135809540749,6.323467176407576,Scrambled_Sobol
SOBOL4096_03383,4.881136640906334,50.211724266409874,0.1954766928590834,244.94884625077248,107.4755946919322,41.81130825076252,Scrambled_Sobol
SOBOL4096_03384,33.191104270517826,86.35394615121186,0.31496997037902474,274.8508018441498,49.62910484522581,88.93669113516808,Scrambled_Sobol
SOBOL4096_03385,32.05618802458048,63.47386967390776,0.16586673645302652,262.3330778814852,91.46891457494348,81.69964741915464,Scrambled_Sobol
SOBOL4096_03386,1.0118602961301804,99.95737881399691,0.3328585587255657,209.31640289723873,65.66428137477487,34.57573535386473,Scrambled_Sobol
SOBOL4096_03387,18.028186075389385,61.12657836638391,0.07958992503583431,269.87050590105355,32.48075635638088,22.46529007330537,Scrambled_Sobol
SOBOL4096_03388,28.779560178518295,75.73513658717275,0.2465824834257364,238.5130391921848,79.72186328377575,69.59049229044467,Scrambled_Sobol
SOBOL4096_03389,21.22762642800808,55.36346826702356,0.3682179109565914,227.30356871150434,69.59576780442148,97.63475210405886,Scrambled_Sobol
SOBOL4096_03390,11.95944044739008,81.30062692798674,0.1537268134765327,281.0731501597911,42.27494502905756,49.806319451890886,Scrambled_Sobol
SOBOL4096_03391,8.99592712521553,70.21307065151632,0.2589347479492426,220.51484145224094,54.540792615152895,13.951719580218196,Scrambled_Sobol
SOBOL4096_03392,37.93205838650465,93.02518302574754,0.044441464766860006,251.1194016970694,102.92455396149307,61.781399208121,Scrambled_Sobol
SOBOL4096_03393,37.6203915476799,64.16286351159215,0.26940358435735107,209.13849465548992,88.26727896928787,90.8809993416071,Scrambled_Sobol
SOBOL4096_03394,9.309198521077633,97.6011951919645,0.05639541795477271,262.8582892753184,29.23746168613434,43.01487854216248,Scrambled_Sobol
SOBOL4096_03395,12.273267284035683,60.260105738416314,0.35605647176504135,238.69090451858938,56.95315357297659,7.531281467527151,Scrambled_Sobol
SOBOL4096_03396,20.916467495262623,78.07348649948835,0.14304901883006096,269.34525159187615,94.87792041152716,55.398649950511754,Scrambled_Sobol
SOBOL4096_03397,29.09588810056448,54.49978495016694,0.06874410381540656,280.54372769780457,105.00443956814706,82.329719113186,Scrambled_Sobol
SOBOL4096_03398,17.719566226005554,83.64081247709692,0.23425299501046537,227.47727661393583,47.15878061018884,35.24349519517273,Scrambled_Sobol
SOBOL4096_03399,0.7025371864438057,70.90022885240614,0.17840624198317526,251.6488670744002,40.361379189416766,23.504053419455886,Scrambled_Sobol
SOBOL4096_03400,32.371841147542,90.66621009260416,0.34391297012567523,220.3411764651537,76.81146035902202,70.5915667815134,Scrambled_Sobol
SOBOL4096_03401,33.502549305558205,59.16415308602154,0.20817273657768964,232.5178200006485,34.98976568225771,62.98342931549996,Scrambled_Sobol
SOBOL4096_03402,4.567634053528309,79.27244082093239,0.32618090864270927,286.94125996902585,82.23231146577746,15.897386772558093,Scrambled_Sobol
SOBOL4096_03403,16.271460354328156,66.18657065555453,0.09814674125984311,215.3113833721727,88.95968264434487,51.75641184207052,Scrambled_Sobol
SOBOL4096_03404,25.53842093795538,95.6698093097657,0.21615419985726475,245.2624284196645,63.15421855542809,98.84410657919943,Scrambled_Sobol
SOBOL4096_03405,24.468459375202656,72.14496922679245,0.3852880864962936,256.4622858632356,51.699607647024095,68.57174408156425,Scrambled_Sobol
SOBOL4096_03406,13.715859726071358,89.51835744082928,0.12477918963879348,204.09912607632577,100.08221385534853,20.70580394938588,Scrambled_Sobol
SOBOL4096_03407,5.439847074449062,52.620288636535406,0.2997528404183686,275.730461794883,72.43656740989536,32.80910606030375,Scrambled_Sobol
SOBOL4096_03408,36.48539066314697,85.61872313730419,0.0392461066134274,243.7191365659237,45.117507739923894,80.6766552105546,Scrambled_Sobol
SOBOL4096_03409,35.57384390383959,50.674987491220236,0.30712155465036634,255.46006815508008,96.74174739513546,18.93229266628623,Scrambled_Sobol
SOBOL4096_03410,6.404496803879738,85.98700459115207,0.18911337692290545,219.3177118897438,60.31111104879528,66.07776783872396,Scrambled_Sobol
SOBOL4096_03411,14.671376012265682,74.90164157934487,0.22639955351129173,282.33619769103825,27.207711064256728,77.81006626784801,Scrambled_Sobol
SOBOL4096_03412,23.54773074388504,88.33870477974415,0.10839211190119387,222.85303897224367,85.07540883962065,30.665838778950274,Scrambled_Sobol
SOBOL4096_03413,26.464623287320137,68.1631120853126,0.12946980733424424,234.15185919962823,74.94763606693596,11.871199226006866,Scrambled_Sobol
SOBOL4096_03414,15.321456678211689,95.27176576666534,0.3899787098541856,271.0471219290048,37.00340413954109,59.77337933611125,Scrambled_Sobol
SOBOL4096_03415,3.6072373390197754,56.43724580295384,0.025741454605013134,208.0299235880375,49.18854912277311,95.26140143163502,Scrambled_Sobol
SOBOL4096_03416,34.41838797181845,80.42085021734238,0.2862481714226306,266.7601758427918,108.19630732294172,47.36051076557487,Scrambled_Sobol
SOBOL4096_03417,30.783395431935787,69.74837728776038,0.055148462038487195,276.02604458108544,65.02573553472757,40.12346704956144,Scrambled_Sobol
SOBOL4096_03418,2.2378847002983093,93.39050371199846,0.2681566454283893,240.58629296720028,92.32535038143396,88.02582853473723,Scrambled_Sobol
SOBOL4096_03419,19.26405269652605,54.90053752437234,0.1592319744080305,261.77037415094674,80.19468687474728,75.91520223300904,Scrambled_Sobol
SOBOL4096_03420,27.516609206795692,81.66761784814298,0.37223942168056967,201.58426745794713,31.790041849017143,28.014492942020297,Scrambled_Sobol
SOBOL4096_03421,22.49027192592621,61.44327805377543,0.25675603343173864,212.88170634768903,43.24597286991775,44.21002666000277,Scrambled_Sobol
SOBOL4096_03422,10.723268948495388,75.31944569200277,0.09124712524935603,250.47992778010666,69.07090204767883,91.35568249970675,Scrambled_Sobol
SOBOL4096_03423,7.7695972472429276,63.79185514524579,0.3363458973914385,229.2998806387186,102.11983575485647,55.50090160686523,Scrambled_Sobol
SOBOL4096_03424,39.204546101391315,99.54307205043733,0.17083917491137982,287.32751751318574,54.89934905432165,8.356854785233736,Scrambled_Sobol
SOBOL4096_03425,39.91526171565056,60.11400446295738,0.09383266529068351,265.64061492681503,75.58434874285012,26.06326673645526,Scrambled_Sobol
SOBOL4096_03426,8.147060982882977,76.75550584681332,0.2118401182256639,206.15848617628217,38.96843433845788,73.97577637806535,Scrambled_Sobol
SOBOL4096_03427,10.193216130137444,65.57849827222526,0.20385866060853003,272.16592914424837,48.551765200681984,85.70927294436842,Scrambled_Sobol
SOBOL4096_03428,21.62940863519907,97.84495336934924,0.3218668270111084,236.023916201666,106.23126667458564,37.795518450438976,Scrambled_Sobol
SOBOL4096_03429,28.36343329399824,71.14475332200527,0.29525325721129775,224.7224808204919,96.10484979581088,10.864540594629943,Scrambled_Sobol
SOBOL4096_03430,19.819128662347794,92.08260518498719,0.03474652906879783,283.4523897524923,58.34628097247332,57.99714910797775,Scrambled_Sobol
SOBOL4096_03431,1.8451610580086708,53.18104545585811,0.38078850328922276,217.4489808268845,27.8446191130206,93.48651019390672,Scrambled_Sobol
SOBOL4096_03432,30.096482262015343,83.49394639953971,0.12027961209416389,254.34321358799934,87.04031016211957,46.35260940529406,Scrambled_Sobol
SOBOL4096_03433,34.039627239108086,66.72405949793756,0.3636174425110221,289.72359500825405,43.84899402037263,30.210742624476552,Scrambled_Sobol
SOBOL4096_03434,2.89766613394022,96.59792752936482,0.15060998391360045,229.53783163800836,71.00217992439866,77.34316976275295,Scrambled_Sobol
SOBOL4096_03435,16.18361696600914,58.138380758464336,0.27696455510333184,248.08314486406744,101.5168041549623,65.23423953913152,Scrambled_Sobol
SOBOL4096_03436,26.993531696498394,78.63729507662356,0.06395638303831219,212.644423218444,52.967999931424856,18.100157375447452,Scrambled_Sobol
SOBOL4096_03437,22.993799187242985,51.98590173386037,0.18578161489218473,201.34436381049454,64.42259025759995,48.37242856621742,Scrambled_Sobol
SOBOL4096_03438,13.82325492799282,84.59371561184525,0.35128834869712594,259.37097071669996,90.3942118305713,96.28475754056126,Scrambled_Sobol
SOBOL4096_03439,7.090265564620495,73.07232115417719,0.07611947672441602,240.82694495096803,80.79790339805186,60.43154178187251,Scrambled_Sobol
SOBOL4096_03440,35.96786454319954,90.05508595146239,0.24162837358191608,278.42482306063175,33.7211908493191,12.517606620676816,Scrambled_Sobol
SOBOL4096_03441,36.89222875982523,73.48600793629885,0.15185660291463135,221.9845942594111,109.5892315916717,97.82642441336066,Scrambled_Sobol
SOBOL4096_03442,6.140874549746513,88.09494473971426,0.36486404452472926,252.63928465545177,50.41559962555766,50.727336667478085,Scrambled_Sobol
SOBOL4096_03443,12.864686958491802,50.821092119440436,0.04777309054508805,225.83311048336327,35.77655645087361,15.244943392463028,Scrambled_Sobol
SOBOL4096_03444,23.909034579992294,87.30497965589166,0.26078126827254894,279.55393507145345,73.55459036305547,62.34278628602624,Scrambled_Sobol
SOBOL4096_03445,26.08380876481533,57.75598790496588,0.32878492806106807,268.3526667859405,83.68234255351126,81.13751573022455,Scrambled_Sobol
SOBOL4096_03446,17.147658802568913,80.56771592237055,0.16327821124345063,237.04394620843232,25.980802262201905,33.28172163106501,Scrambled_Sobol
SOBOL4096_03447,3.8513489067554474,67.91859245859087,0.24919506410136819,263.8515795022249,61.538140969350934,21.543613183312118,Scrambled_Sobol
SOBOL4096_03448,33.11951618641615,93.85536657646298,0.08368616158142686,210.78478509560227,98.1346105504781,69.3981150072068,Scrambled_Sobol
SOBOL4096_03449,31.67211066931486,55.926309479400516,0.23089913530275225,243.25318740680814,56.333675426431,52.88515447638929,Scrambled_Sobol
SOBOL4096_03450,0.2945546805858612,82.30276620015502,0.11289168803021313,273.20526242256165,103.38832889217883,5.029179002158344,Scrambled_Sobol
SOBOL4096_03451,18.277694024145603,69.21088434755802,0.3116211364418268,204.56436445005238,67.80244864989072,40.889905812218785,Scrambled_Sobol
SOBOL4096_03452,29.948205277323723,92.46239033527672,0.1936129530519247,258.98814774118364,41.81136198807508,88.74422626104206,Scrambled_Sobol
SOBOL4096_03453,20.03912463784218,62.86450135521591,0.030055529158562425,247.78550348244607,30.355533245019615,72.54860265180469,Scrambled_Sobol
SOBOL4096_03454,11.729176454246044,99.00634465739131,0.2905622516386211,215.77383493073285,78.92637628596276,25.449334238655865,Scrambled_Sobol
SOBOL4096_03455,9.693376049399376,62.077659368515015,0.13378388188779353,284.41893860697746,93.59394579660147,37.55419582128525,Scrambled_Sobol
SOBOL4096_03456,38.33537969738245,76.34445657022297,0.39429279007017615,232.05474885180593,66.46020471584052,84.65185804758221,Scrambled_Sobol
SOBOL4096_03457,38.15975159406662,72.4537500180304,0.023076396193355324,279.0897425916046,95.35059620626271,13.33524783141911,Scrambled_Sobol
SOBOL4096_03458,9.908373020589352,89.40643831156194,0.2850689489208162,226.63783353753388,57.42727835662663,61.19101786520332,Scrambled_Sobol
SOBOL4096_03459,11.631673350930214,52.92756580747664,0.12754259899258613,253.09253104031086,29.428858840838075,96.95167235098779,Scrambled_Sobol
SOBOL4096_03460,20.175996609032154,85.50520781427622,0.38953441560268404,221.1689251102507,88.4572068694979,49.097146461717784,Scrambled_Sobol
SOBOL4096_03461,29.8116397485137,58.884374517947435,0.22596249585971234,209.87010756507516,77.33471872285008,17.421766743063927,Scrambled_Sobol
SOBOL4096_03462,18.375503420829773,79.35235402546823,0.10646921833977104,264.38160948455334,40.883492548018694,64.52087855432183,Scrambled_Sobol
SOBOL4096_03463,0.07986415177583694,65.91129661537707,0.3059350502490997,237.9256245214492,47.299594562500715,76.5373664163053,Scrambled_Sobol
SOBOL4096_03464,31.84804506599903,95.75432520359755,0.18644395843148232,267.7896375861019,105.14637826010585,29.43954758811742,Scrambled_Sobol
SOBOL4096_03465,32.90482439100742,54.02735364623368,0.33590886380523444,258.17239007912576,63.345435853116214,45.581363406963646,Scrambled_Sobol
SOBOL4096_03466,4.027282185852528,84.31005887687206,0.1689163054153323,205.01753305085003,89.14977520238608,92.6806558854878,Scrambled_Sobol
SOBOL4096_03467,17.011092007160187,70.4262494109571,0.2555695530958474,274.0100793540478,82.7051468519494,57.283839085139334,Scrambled_Sobol
SOBOL4096_03468,26.18161704391241,91.33400092832744,0.08857773082330823,242.78907807543874,35.463746073655784,10.186200924217701,Scrambled_Sobol
SOBOL4096_03469,23.811530359089375,64.66427599079907,0.156566894762218,231.49163650348783,45.25814183522016,38.52028730791062,Scrambled_Sobol
SOBOL4096_03470,13.001557663083076,96.89986780285835,0.3710601779446006,285.30052304267883,72.57867075968534,86.37623871676624,Scrambled_Sobol
SOBOL4096_03471,5.965245328843594,60.76616896316409,0.05322123246267438,216.3039426971227,100.60563181061298,74.73520149942487,Scrambled_Sobol
SOBOL4096_03472,37.107224464416504,77.37671169452369,0.26771232994273303,246.87091446481645,52.221576613374054,26.880856985226274,Scrambled_Sobol
SOBOL4096_03473,36.14379782229662,61.1340525560081,0.1795448874309659,235.4334640968591,85.2575572906062,83.88074493966997,Scrambled_Sobol
SOBOL4096_03474,6.875573769211769,75.4318084102124,0.34653742883354427,273.119061505422,27.39130850415677,36.748112360946834,Scrambled_Sobol
SOBOL4096_03475,13.921063207089901,63.484228448942304,0.06913620168343186,206.75997020676732,60.79303554724902,24.736253367736936,Scrambled_Sobol
SOBOL4096_03476,22.85723239183426,99.6569350361824,0.23612802961841226,264.69851449131966,97.22220263909549,71.87013009097427,Scrambled_Sobol
SOBOL4096_03477,27.13040240108967,70.02857094630599,0.35793876562267546,253.50003570318222,108.34603053051978,89.46904307231307,Scrambled_Sobol
SOBOL4096_03478,16.08611274510622,93.31017727963626,0.14344549942761659,217.97359542921185,49.33712732512504,41.55655749607831,Scrambled_Sobol
SOBOL4096_03479,3.112661838531494,55.176131101325154,0.272020829115063,284.3284810241312,37.51775324810296,5.78891821205616,Scrambled_Sobol
SOBOL4096_03480,33.863998018205166,81.58278353512287,0.057529725972563034,224.2307796049863,75.46310991514474,53.702696771360934,Scrambled_Sobol
SOBOL4096_03481,30.31147923320532,68.63522515632212,0.30163511021062733,211.7024112958461,32.27178649045527,70.21560634020716,Scrambled_Sobol
SOBOL4096_03482,1.6695329546928406,94.60283871740103,0.03964256314560771,248.68470667861402,80.67530677653849,22.30330143123865,Scrambled_Sobol
SOBOL4096_03483,19.95600063353777,56.910811830312014,0.38790530718863014,230.49087012186646,92.5076584238559,33.94842427689582,Scrambled_Sobol
SOBOL4096_03484,28.26593019068241,79.75347465835512,0.12591347359120847,289.1330597549677,65.20918858237565,81.86238350346684,Scrambled_Sobol
SOBOL4096_03485,21.72721803188324,50.173922860994935,0.09928540794178844,277.9332049936056,55.41351830586791,61.66436468716711,Scrambled_Sobol
SOBOL4096_03486,10.05665060132742,86.68798226863146,0.2187786797992885,241.70313009992242,102.63547426089644,14.531913483515382,Scrambled_Sobol
SOBOL4096_03487,8.322995379567146,74.39602175727487,0.20856485567986965,259.8955075349659,69.22078484669328,49.92120224516839,Scrambled_Sobol
SOBOL4096_03488,39.700571186840534,89.03503506444395,0.32805596448481084,200.50109741277993,43.39440668001771,97.05526034347713,Scrambled_Sobol
SOBOL4096_03489,39.30235430598259,51.90255902707577,0.25107010578736666,223.8171576615423,106.41487171407789,79.90531365852803,Scrambled_Sobol
SOBOL4096_03490,7.633030526340008,84.87082165665925,0.08407828917726874,281.75673191435635,48.733921251259744,32.00315478257835,Scrambled_Sobol
SOBOL4096_03491,10.899202153086662,72.99047927372158,0.3314094164967537,218.38659778237343,39.4488819828257,19.992589480243623,Scrambled_Sobol
SOBOL4096_03492,22.27558020502329,90.33379098400474,0.16441686376929282,256.07253851369023,76.06626564171165,67.89350138045847,Scrambled_Sobol
SOBOL4096_03493,27.731604985892773,66.83941408991814,0.04890738299116493,267.27380411699414,87.1888959640637,99.56878979224712,Scrambled_Sobol
SOBOL4096_03494,19.088423401117325,96.29181330092251,0.26339847480878237,207.17575937509537,27.99434992019087,52.42329338565469,Scrambled_Sobol
SOBOL4096_03495,2.3747554793953896,58.249228028580546,0.15225304529070854,270.5444343853742,58.8617472210899,16.656897538341582,Scrambled_Sobol
SOBOL4096_03496,30.68589113652706,78.32658095285296,0.3667463228106499,235.0169641431421,96.61919130478054,63.80110379308462,Scrambled_Sobol
SOBOL4096_03497,34.55525986850262,71.84264375828207,0.13491819839924574,202.19681560061872,53.44862743280828,71.40928089618683,Scrambled_Sobol
SOBOL4096_03498,3.509734310209751,91.57852465286851,0.3969100206717849,260.83934855647385,101.99855639599264,24.26360382232815,Scrambled_Sobol
SOBOL4096_03499,15.536453574895859,53.88048682361841,0.030451995600014926,240.00674404203892,71.18562537245452,35.91033710166812,Scrambled_Sobol
SOBOL4096_03500,26.288995258510113,82.99131863750517,0.29244455398991703,276.99006939306855,44.03129446320236,83.05436268914491,Scrambled_Sobol
SOBOL4096_03501,23.723665215075016,59.44818905554712,0.3134961568936706,288.19271633401513,34.236836954951286,54.720367612317204,Scrambled_Sobol
SOBOL4096_03502,14.456685408949852,77.23061116412282,0.19400505941361187,228.79727624356747,81.31208024919033,6.818027361296117,Scrambled_Sobol
SOBOL4096_03503,6.502306275069714,64.90803491324186,0.2335236025042832,249.62567505426705,90.54263804107904,42.208966901525855,Scrambled_Sobol
SOBOL4096_03504,35.43727830052376,98.31550330854952,0.11403031932190061,213.39525683782995,64.57246545702219,90.1096974266693,Scrambled_Sobol
SOBOL4096_03505,36.38788763433695,62.94750180095434,0.3803442019596696,270.13898831792176,74.02872274629772,9.174271798692644,Scrambled_Sobol
SOBOL4096_03506,5.576718971133232,98.72958199121058,0.1183523740246892,238.21572571061552,36.24923984520137,56.26051695086062,Scrambled_Sobol
SOBOL4096_03507,13.540231697261333,62.15906417928636,0.2940740049816668,262.031633798033,50.605519926175475,92.02245946507901,Scrambled_Sobol
SOBOL4096_03508,24.683456271886826,76.06619047001004,0.03208146357908845,209.580754712224,109.78062114678323,44.934967337176204,Scrambled_Sobol
SOBOL4096_03509,25.32373033463955,55.81127870827913,0.20118925768882034,220.8821927756071,98.65673150867224,27.335964464582503,Scrambled_Sobol
SOBOL4096_03510,16.44739482551813,82.60855474509299,0.3206803608313203,250.74517587199807,62.061406932771206,75.20206402987242,Scrambled_Sobol
SOBOL4096_03511,4.431068450212479,69.10045682452619,0.09190980995073915,226.9252337422222,26.12273335456848,87.2198009910062,Scrambled_Sobol
SOBOL4096_03512,33.60035877674818,92.77268359437585,0.21140307614579795,281.43639233894646,83.82314890623093,39.35241127386689,Scrambled_Sobol
SOBOL4096_03513,32.23527442663908,57.05767679028213,0.073450049739331,245.70461069233716,42.0014621457085,46.5894946269691,Scrambled_Sobol
SOBOL4096_03514,0.80034539103508,81.0722160153091,0.24044188333675265,214.48463938198984,67.99367354717106,94.45541352499276,Scrambled_Sobol
SOBOL4096_03515,17.504874505102634,67.2188252210617,0.18385873548686504,286.46616430953145,103.8623016839847,59.06020149588585,Scrambled_Sobol
SOBOL4096_03516,29.271821305155754,94.35831834562123,0.3508512825518847,233.31165060400963,56.80650321301073,11.192631111480296,Scrambled_Sobol
SOBOL4096_03517,20.740838199853897,74.15226246230304,0.2765202750079334,244.61170732975006,66.6023156652227,31.390739819034934,Scrambled_Sobol
SOBOL4096_03518,12.488263063132763,87.61940216645598,0.0620291662029922,275.1783357746899,93.73458749148995,78.4768035961315,Scrambled_Sobol
SOBOL4096_03519,9.211694225668907,51.49189867079258,0.3624382115155459,203.19552338682115,79.44833765272051,66.83742281980813,Scrambled_Sobol
SOBOL4096_03520,37.75726232677698,86.83408764190972,0.14794493965804575,257.00337995775044,30.878943600691855,19.749749316833913,Scrambled_Sobol
SOBOL4096_03521,38.068623915314674,57.883713440969586,0.37366627937182784,215.0113259907812,48.09669267386198,38.330039102584124,Scrambled_Sobol
SOBOL4096_03522,8.89811772853136,78.79108637571335,0.16065810164436697,245.52816693671048,107.26999025791883,85.45379173476249,Scrambled_Sobol
SOBOL4096_03523,12.174130976200104,66.47261111065745,0.2636452662944794,232.78492107987404,76.5378125011921,73.44340745359659,Scrambled_Sobol
SOBOL4096_03524,21.05169203132391,96.75493794493377,0.05063782468438149,286.6425651498139,38.75944420695305,26.31804580334574,Scrambled_Sobol
SOBOL4096_03525,28.955188281834126,73.40635773725808,0.1722413613460958,275.3534867055714,28.96410102955997,46.14497016184032,Scrambled_Sobol
SOBOL4096_03526,17.81318910419941,90.01728482544422,0.3377502638660371,244.0837386250496,86.66530693881214,93.97320020478219,Scrambled_Sobol
SOBOL4096_03527,1.1093633994460106,52.31667226180434,0.08671399667859078,256.8282719422132,95.81579036079347,58.20698537863791,Scrambled_Sobol
SOBOL4096_03528,31.919316053390503,84.55264861695468,0.25222071349620817,203.72353500686586,59.218986397609115,10.377103141508996,Scrambled_Sobol
SOBOL4096_03529,33.288608491420746,65.27517037466168,0.10388068746775389,239.09258543513715,101.05879327747971,17.985280244611204,Scrambled_Sobol
SOBOL4096_03530,4.74426593631506,97.85242802463472,0.221888870857656,268.9064784068614,54.004474193789065,65.81369166262448,Scrambled_Sobol
SOBOL4096_03531,16.761295571923256,59.81356189586222,0.1905401893146336,208.70385207235813,44.80470741633326,77.46024392079562,Scrambled_Sobol
SOBOL4096_03532,25.012654848396778,76.7658656463027,0.30854763658717277,263.2641007937491,70.79612846020609,29.630543058738112,Scrambled_Sobol
SOBOL4096_03533,24.999700747430325,53.46603849902749,0.28171508815139534,251.97365710511804,81.91963495220989,13.14491203520447,Scrambled_Sobol
SOBOL4096_03534,13.231537938117981,83.30944566987455,0.021206179969012737,220.00129364430904,33.349126293323934,60.268845334649086,Scrambled_Sobol
SOBOL4096_03535,5.267469771206379,71.42690964974463,0.3913809415884316,280.20795402117074,64.13059247191995,95.65960385371,Scrambled_Sobol
SOBOL4096_03536,36.703624203801155,91.89526755362749,0.13087421910837294,227.8061757888645,91.2646679347381,48.53442287072539,Scrambled_Sobol
SOBOL4096_03537,35.12371625751257,69.46593248285353,0.22064236793667077,261.36457067914307,36.649264567531645,62.59899724274874,Scrambled_Sobol
SOBOL4096_03538,6.813805997371674,92.30821672827005,0.10263420153409243,202.01891808770597,73.2655336195603,14.71115390304476,Scrambled_Sobol
SOBOL4096_03539,14.767477102577686,56.17813849821687,0.3247308639623225,276.4648043550551,109.21422599349171,50.47327743843198,Scrambled_Sobol
SOBOL4096_03540,23.40944267809391,82.14537366293371,0.20672341102734207,240.18459863960743,51.53507916722447,98.35951176006347,Scrambled_Sobol
SOBOL4096_03541,26.59743845462799,61.74324215389788,0.04370967138558626,228.9709734171629,61.32915352936834,68.9121448341757,Scrambled_Sobol
SOBOL4096_03542,15.219844542443752,76.3826398178935,0.3042185625806451,287.66328314319253,99.08807700034231,21.751970848999918,Scrambled_Sobol
SOBOL4096_03543,3.1936759501695633,62.53335000947118,0.1233074181713164,213.22160257957876,84.72106376197189,33.769888831302524,Scrambled_Sobol
SOBOL4096_03544,34.86422527581453,99.04779396019876,0.38381414631381633,250.1551511604339,25.525727360509336,80.92841062229127,Scrambled_Sobol
SOBOL4096_03545,30.999217219650745,51.12480213865638,0.1415990194492042,282.63488446362317,68.67290712893009,88.16549397539347,Scrambled_Sobol
SOBOL4096_03546,2.063029184937477,87.29712436906993,0.3546071915142238,222.58592984639108,41.51936657726765,41.00550136528909,Scrambled_Sobol
SOBOL4096_03547,18.777247928082943,73.78683281131089,0.06088363133370876,255.19434304907918,55.96160817891359,5.610108315013349,Scrambled_Sobol
SOBOL4096_03548,28.045453131198883,88.08420412242413,0.2738910899311304,219.6177826821804,104.51005775481462,52.7688114810735,Scrambled_Sobol
SOBOL4096_03549,21.966900900006294,67.6332171075046,0.3424411533586681,208.40552270412445,93.38789670728147,84.8152842419222,Scrambled_Sobol
SOBOL4096_03550,11.215584762394428,94.0402481239289,0.176932256501168,266.39419781044126,67.41592048667371,36.92762156948447,Scrambled_Sobol
SOBOL4096_03551,7.948704957962036,57.473449455574155,0.2387165144830942,233.78724372945726,31.392004815861583,25.288059771992266,Scrambled_Sobol
SOBOL4096_03552,38.99301465600729,80.7554341852665,0.07320978067815304,271.4240836072713,78.46836271695793,73.17447476089,Scrambled_Sobol
SOBOL4096_03553,39.38703529536724,66.22809148393571,0.19810115864500402,248.50817172788084,57.99189504701644,54.911247179843485,Scrambled_Sobol
SOBOL4096_03554,8.634473718702793,95.33853875473142,0.31610860025510196,212.2289959806949,94.42282524425536,7.741105705499649,Scrambled_Sobol
SOBOL4096_03555,10.367463678121567,59.202455542981625,0.11144165679812432,289.30955179035664,88.0583117948845,43.50157917011529,Scrambled_Sobol
SOBOL4096_03556,21.41296934336424,78.93795208074152,0.22944983452558518,229.96424252167344,30.190907870419323,90.67332683131099,Scrambled_Sobol
SOBOL4096_03557,28.57436154037714,52.46277689002454,0.39875631308183074,241.1750809289515,39.986393856815994,70.84631116595119,Scrambled_Sobol
SOBOL4096_03558,19.639408215880394,85.87062368169427,0.13824959626421332,278.1082861870527,77.9309196351096,22.971696527674794,Scrambled_Sobol
SOBOL4096_03559,1.3534579798579216,71.99072409421206,0.28909045964479446,201.02918949909508,105.87716795038432,34.988003368489444,Scrambled_Sobol
SOBOL4096_03560,30.620456486940384,89.77352478541434,0.028581557124853135,259.720469256863,46.86970360111445,82.86427303217351,Scrambled_Sobol
SOBOL4096_03561,34.17731210589409,60.44794321060181,0.2593311917409301,271.8864711280912,89.99613394960761,99.00608885101974,Scrambled_Sobol
SOBOL4096_03562,2.8009523078799248,77.7908765245229,0.04632374446839094,236.31025408394635,62.69622525200248,51.131292837671936,Scrambled_Sobol
SOBOL4096_03563,15.774920508265495,64.3478165846318,0.3693522048182786,265.9310619533062,34.783696327358484,15.734657058492303,Scrambled_Sobol
SOBOL4096_03564,27.44426254183054,97.3157006315887,0.15634402142837642,205.88313730433583,83.18804750218987,63.61074534710497,Scrambled_Sobol
SOBOL4096_03565,22.54857938736677,70.88941670954227,0.08221441488713026,217.09260510280728,72.06447989679873,80.09646767750382,Scrambled_Sobol
SOBOL4096_03566,14.237424284219742,90.96715417690575,0.24772113736718893,254.72841501235962,46.23925686813891,32.92614553589374,Scrambled_Sobol
SOBOL4096_03567,7.191269733011723,54.49181045405567,0.1677417795546353,225.11181284673512,52.57004586048424,21.285289339721203,Scrambled_Sobol
SOBOL4096_03568,35.83443187177181,83.94459402188659,0.3332506877370179,283.100144630298,99.79023871012032,68.45685633365065,Scrambled_Sobol
SOBOL4096_03569,37.418612353503704,54.85939900390804,0.0653832145407796,204.83970527537167,26.918631363660097,30.45674428809434,Scrambled_Sobol
SOBOL4096_03570,5.651647299528122,81.9985075853765,0.27839066747576,258.69769266806543,85.94813453033566,78.29820020124316,Scrambled_Sobol
SOBOL4096_03571,12.687447108328342,69.71045695245266,0.14609860265627503,242.96686293557286,97.86120904609561,66.28616018686444,Scrambled_Sobol
SOBOL4096_03572,24.12235789000988,93.72461182065308,0.3591067690588534,273.48473384976387,59.936128091067076,18.446310460567474,Scrambled_Sobol
SOBOL4096_03573,25.86497202515602,63.94898477010429,0.2430305904522538,284.7711917757988,50.141992615535855,47.893587495200336,Scrambled_Sobol
SOBOL4096_03574,17.319423370063305,99.2915521375835,0.0775238623097539,231.66542487218976,107.98733745701611,95.00737546943128,Scrambled_Sobol
SOBOL4096_03575,4.336283430457115,61.59714087843895,0.3467552293278277,247.40028864704072,74.49254327453673,59.2395551642403,Scrambled_Sobol
SOBOL4096_03576,32.58887801319361,75.06465916521847,0.18124633813276886,216.130197243765,38.04214798845351,12.127422215417027,Scrambled_Sobol
SOBOL4096_03577,31.536282934248447,74.71418473869562,0.31735549105331307,225.40670764632523,79.9027093546465,28.640331784263253,Scrambled_Sobol
SOBOL4096_03578,0.3930782526731491,88.62093263305724,0.19934803245589136,279.9679863359779,32.660477687604725,75.75393838342279,Scrambled_Sobol
SOBOL4096_03579,18.689387552440166,50.490415235981345,0.2132669950276613,222.40000808611512,66.14748735446483,87.39924225024879,Scrambled_Sobol
SOBOL4096_03580,29.500576108694077,86.272116843611,0.09525882296264172,252.2142443805933,91.95326555985957,40.28692792635411,Scrambled_Sobol
SOBOL4096_03581,20.49226723611355,56.44767712801695,0.11574644742533564,263.50207291543484,103.07556941639632,8.240545056760311,Scrambled_Sobol
SOBOL4096_03582,11.322958208620548,80.12028844095767,0.37625318123027685,211.0999513603747,54.693277324549854,56.08182030264288,Scrambled_Sobol
SOBOL4096_03583,9.599145203828812,68.17070594988763,0.03614870063960553,268.6692170705646,42.78798225801438,91.47129008546472,Scrambled_Sobol
SOBOL4096_03584,38.47546201199293,94.96836634352803,0.29665759749710563,236.69582364149392,70.10735604446381,43.631259691901505,Scrambled_Sobol
SOBOL4096_03585,38.49237345159054,56.62271776236594,0.04988833582028747,227.54843696020544,81.05352154001594,18.53749036323279,Scrambled_Sobol
SOBOL4096_03586,9.536687470972538,80.2466319873929,0.26438016941770914,280.65934834070504,33.831413593143225,66.38021572493017,Scrambled_Sobol
SOBOL4096_03587,11.259987503290176,68.3373779989779,0.15992012947797773,220.28008244931698,64.31261101737618,78.39222760405391,Scrambled_Sobol
SOBOL4096_03588,20.508618764579296,95.08624612353742,0.37441267654299737,251.54502937570214,90.13851294294,30.547850402072072,Scrambled_Sobol
SOBOL4096_03589,29.479016102850437,74.68490139581263,0.2529585157893598,262.83148193731904,101.59335405565798,12.221789364703,Scrambled_Sobol
SOBOL4096_03590,18.74718837440014,88.54266609996557,0.08596740698441864,208.9786497503519,53.189681777730584,59.33104632422328,Scrambled_Sobol
SOBOL4096_03591,0.4515482112765312,50.47097848728299,0.33849956020712857,269.36194968409836,43.62739291973412,95.09889511857182,Scrambled_Sobol
SOBOL4096_03592,31.51542231440544,86.20379245840013,0.17150628834962844,238.83892356418073,70.92538652010262,47.98802807927132,Scrambled_Sobol
SOBOL4096_03593,32.65032723546028,63.965346571058035,0.30928244274109606,204.1701442655176,27.754860487766564,40.38129489868879,Scrambled_Sobol
SOBOL4096_03594,4.320843033492565,99.35680176131427,0.18979061480611562,256.5781076718122,86.76423993427306,87.49073358718306,Scrambled_Sobol
SOBOL4096_03595,17.304652556777,61.62950065918267,0.22263535367324946,243.65856558084488,96.38100013602525,75.84545785561204,Scrambled_Sobol
SOBOL4096_03596,25.927120186388493,75.14600194990635,0.10314281227067114,275.62611715868115,58.43579546082765,28.734772545285523,Scrambled_Sobol
SOBOL4096_03597,24.066028110682964,54.695754032582045,0.1301275437697768,286.9139510579407,48.309041666798294,43.72243941761553,Scrambled_Sobol
SOBOL4096_03598,12.707998603582382,81.8836550693959,0.39211864691227677,232.35850349068642,106.17576669435948,91.56534580048174,Scrambled_Sobol
SOBOL4096_03599,5.671685375273228,69.53238775022328,0.020471203941851854,245.27933304198086,75.640092859976,56.175847528502345,Scrambled_Sobol
SOBOL4096_03600,37.361723110079765,93.59523952007294,0.2824644701369107,215.4592656251043,39.211077759973705,8.33165134768933,Scrambled_Sobol
SOBOL4096_03601,35.81113796681166,70.72730963118374,0.205985710658133,271.15098108537495,93.49639378953725,90.57895915117115,Scrambled_Sobol
SOBOL4096_03602,7.247297316789627,90.85381552577019,0.32547753293067216,234.21263135038316,66.17636137176305,43.41008854098618,Scrambled_Sobol
SOBOL4096_03603,14.292787052690983,54.312227200716734,0.10188480326905847,266.6447483189404,30.63945670146495,7.649586941115558,Scrambled_Sobol
SOBOL4096_03604,22.524572238326073,83.8136840146035,0.22137736165896058,207.95861303806305,79.02368415612727,54.81680571101606,Scrambled_Sobol
SOBOL4096_03605,27.463064044713974,60.465842904523015,0.3845637144520879,219.16945680975914,67.567498232238,82.77309401426464,Scrambled_Sobol
SOBOL4096_03606,15.71438979357481,77.85764001309872,0.12257261697202922,255.44347735121846,41.76365538965911,34.89394694566727,Scrambled_Sobol
SOBOL4096_03607,2.7409397810697556,64.37866231426597,0.30495645547285677,223.01281950436532,56.38162616174668,22.877668594010174,Scrambled_Sobol
SOBOL4096_03608,34.1966587677598,97.39550570957363,0.04296317229047418,282.36328397877514,103.62319919746369,70.75520558282733,Scrambled_Sobol
SOBOL4096_03609,30.566014386713505,52.43500741198659,0.274637663345784,250.58399346657097,61.8015499599278,63.519566152244806,Scrambled_Sobol
SOBOL4096_03610,1.3759341090917587,85.79389504157007,0.06014584673568607,212.9423417057842,98.25260387733579,15.640600812621415,Scrambled_Sobol
SOBOL4096_03611,19.66240208595991,71.96974963881075,0.35534226946532727,287.21158841624856,83.56459273025393,51.03726472705603,Scrambled_Sobol
SOBOL4096_03612,28.520465046167374,89.70368634909391,0.1408497167378664,229.2290984839201,25.717312525957823,98.91498344484717,Scrambled_Sobol
SOBOL4096_03613,21.472682282328606,66.40464598312974,0.07247489525005221,240.43856091797352,35.84533576853573,68.36248847655952,Scrambled_Sobol
SOBOL4096_03614,10.350247658789158,95.46642019413412,0.2394659870676696,276.00894683972,73.76848136074841,21.19379888754338,Scrambled_Sobol
SOBOL4096_03615,8.616593331098557,59.36758988536894,0.1761858529597521,201.743905832991,109.37542133964598,32.83462659455836,Scrambled_Sobol
SOBOL4096_03616,39.44603454321623,79.05431780964136,0.34317913047969345,261.79766160435975,50.34657680429518,80.00202638562769,Scrambled_Sobol
SOBOL4096_03617,39.04903955757618,67.70299668423831,0.23019650420174,283.34822750650346,72.15247771237046,98.45388510264456,Scrambled_Sobol
SOBOL4096_03618,7.9254089668393135,94.06123524531722,0.11070395713672042,224.6617489028722,45.02035787794739,50.564773730002344,Scrambled_Sobol
SOBOL4096_03619,11.191579699516296,57.55007155239582,0.3168435932695866,254.45919632911682,51.79667676333338,14.802667004987597,Scrambled_Sobol
SOBOL4096_03620,22.02226635068655,80.78335938043892,0.19735175967216492,217.5198166258633,100.36654705647379,62.69343304913491,Scrambled_Sobol
SOBOL4096_03621,27.98492033034563,51.00847142748535,0.027846756633371113,206.30618603900075,88.91156376805156,81.01958397775888,Scrambled_Sobol
SOBOL4096_03622,18.796046748757362,87.13190583512187,0.2898400284908712,265.6576804816723,62.91950435843319,33.86393959168345,Scrambled_Sobol
SOBOL4096_03623,2.082378529012203,73.65912944078445,0.13750309646129608,235.86443875916302,35.224236375652254,21.84600444510579,Scrambled_Sobol
SOBOL4096_03624,30.939206779003143,87.90751774795353,0.3994942052662373,272.13880262337625,82.28051108773798,69.00325607974082,Scrambled_Sobol
SOBOL4096_03625,34.886698722839355,61.87402028590441,0.15560623612254856,259.2669506277889,40.47961127012968,52.859985013492405,Scrambled_Sobol
SOBOL4096_03626,3.139231763780117,76.5624011401087,0.37009877752512693,201.28343072719872,77.07445960491896,5.704158898442984,Scrambled_Sobol
SOBOL4096_03627,15.165950134396553,62.646604469046,0.0455744424648583,278.5402827709913,104.74119618535042,41.099535138346255,Scrambled_Sobol
SOBOL4096_03628,26.620435006916523,99.2099360562861,0.2600662703998387,240.89828768745065,47.040628641843796,88.2566050440073,Scrambled_Sobol
SOBOL4096_03629,23.392224572598934,69.38628312200308,0.33400015961378815,229.68603307381272,57.16744418255985,73.26884828042239,Scrambled_Sobol
SOBOL4096_03630,14.827187359333038,92.27726445533335,0.1670068934187293,289.74013216793537,94.94645084254444,25.379555886611342,Scrambled_Sobol
SOBOL4096_03631,6.872807927429676,56.111387675628066,0.2484591151960194,212.48473924584687,88.19866842590272,37.0191348483786,Scrambled_Sobol
SOBOL4096_03632,35.1058379560709,82.12741510942578,0.08146801205351949,248.05615513585508,29.02341521345079,84.90971987135708,Scrambled_Sobol
SOBOL4096_03633,36.641164384782314,53.384875273332,0.359841671474278,236.97300312109292,102.23029471933842,26.226871563121676,Scrambled_Sobol
SOBOL4096_03634,5.284378528594971,83.27695550397038,0.14534911308437584,268.23692007921636,55.154554918408394,73.34935757797211,Scrambled_Sobol
SOBOL4096_03635,13.247892148792744,71.36169653385878,0.2791370653547347,210.84523806348443,42.99052286893129,85.35975866951048,Scrambled_Sobol
SOBOL4096_03636,24.93673212826252,91.87882305122912,0.06464524308219552,263.9558061212301,68.96052319556475,38.23892732616514,Scrambled_Sobol
SOBOL4096_03637,25.070452988147736,65.40443464182317,0.18049974773079155,252.66673304140568,80.41677086614072,10.28273032978177,Scrambled_Sobol
SOBOL4096_03638,16.73973347991705,98.03065145388246,0.3474930309131742,222.14405024424195,31.866345396265388,58.11548855621368,Scrambled_Sobol
SOBOL4096_03639,4.723407402634621,59.92835406213999,0.07678879002109171,279.53701972030103,64.94935187511146,93.8816862180829,Scrambled_Sobol
SOBOL4096_03640,33.34708113223314,76.92952179349959,0.24377988750115037,225.68521750159562,92.10351052694023,46.05053524021059,Scrambled_Sobol
SOBOL4096_03641,31.903873570263386,73.28848913311958,0.09450924916192889,215.7026853132993,48.91223000828177,29.536170423962176,Scrambled_Sobol
SOBOL4096_03642,1.1708099395036697,89.85055242665112,0.21400180188938975,247.66989356838167,108.106948309578,77.3687469214201,Scrambled_Sobol
SOBOL4096_03643,17.875339947640896,52.19048294238746,0.19861015655100345,232.11570339277387,75.03691433463246,65.72217785287648,Scrambled_Sobol
SOBOL4096_03644,28.940419554710388,84.37749994918704,0.31810197316110134,284.52263683080673,37.27996675763279,17.890845146030188,Scrambled_Sobol
SOBOL4096_03645,21.072240844368935,57.95195512473583,0.2973953035287559,273.23218777775764,27.15180133935064,48.44324880745262,Scrambled_Sobol
SOBOL4096_03646,12.11779911071062,78.81055963225663,0.03540202600881458,243.4131503291428,84.83292405959219,95.56555380113423,Scrambled_Sobol
SOBOL4096_03647,8.841230571269989,66.55074725858867,0.377002562507987,258.971374547109,96.98398867156357,60.17481244634837,Scrambled_Sobol
SOBOL4096_03648,38.088664673268795,96.78440084680915,0.11501147069036961,204.4162703026086,60.36710151936859,13.053800081834197,Scrambled_Sobol
SOBOL4096_03649,37.77506425976753,74.07475812360644,0.3887879334948957,246.44147134386003,45.83381577394903,45.02607929054648,Scrambled_Sobol
SOBOL4096_03650,9.152616076171398,87.59088101796806,0.12828047489747404,216.58363272435963,71.80594398640096,92.11649235337973,Scrambled_Sobol
SOBOL4096_03651,12.428629025816917,51.42281060107052,0.28433414205908775,285.7511019706726,99.38609081320465,56.35456700343639,Scrambled_Sobol
SOBOL4096_03652,20.75813267379999,86.81388720870018,0.023825969994068146,231.23479889705777,52.31020915322006,9.265445861965418,Scrambled_Sobol
SOBOL4096_03653,29.248748533427715,57.18478402122855,0.18717893516644835,242.53623159602284,62.43726186454296,39.44684637244791,Scrambled_Sobol
SOBOL4096_03654,17.558692544698715,81.24802033416927,0.30518566897138955,274.4646494090557,89.59095440804958,87.31131480075419,Scrambled_Sobol
SOBOL4096_03655,0.8548659458756447,67.33594280667603,0.10721589297056199,205.29314612038434,82.92778585106134,75.29356102924794,Scrambled_Sobol
SOBOL4096_03656,32.212877199053764,94.52422820031643,0.22522478982806204,257.7388700004667,34.37981251627207,27.43033709935844,Scrambled_Sobol
SOBOL4096_03657,33.660292848944664,55.697189876809716,0.0893157022818923,268.061795970425,77.50628640409559,11.287066033110023,Scrambled_Sobol
SOBOL4096_03658,4.411642886698246,82.44567345827818,0.2548231552168727,237.5010093767196,39.746886692009866,59.15171548258513,Scrambled_Sobol
SOBOL4096_03659,16.42867222428322,68.97032232955098,0.16966579498723147,264.1309731453657,46.44376957323402,94.546910347417,Scrambled_Sobol
SOBOL4096_03660,25.38433950394392,92.5938521977514,0.33517396138980987,210.317274723202,105.6389539828524,46.683867438696325,Scrambled_Sobol
SOBOL4096_03661,24.628014601767063,63.013513619080186,0.2669630328938365,221.61733681336045,94.18374302331358,19.840861093252897,Scrambled_Sobol
SOBOL4096_03662,13.564160391688347,98.74670598655939,0.05395630475133657,252.84313924610615,57.56699773017317,66.93145588506013,Scrambled_Sobol
SOBOL4096_03663,5.600091330707073,62.23964327946305,0.37032237635925414,226.21188801713288,29.953121379949152,78.57085347175598,Scrambled_Sobol
SOBOL4096_03664,36.331938952207565,76.09778656624258,0.1573134851641953,279.3605706002563,87.63211621437222,31.481914059258997,Scrambled_Sobol
SOBOL4096_03665,35.417313911020756,59.5126629807055,0.23539295095950363,200.0537156779319,54.26734582986683,67.79906575102359,Scrambled_Sobol
SOBOL4096_03666,6.559269651770592,77.2462212946266,0.06988550368696451,260.1466159429401,102.8373579820618,19.901076201349497,Scrambled_Sobol
SOBOL4096_03667,14.512941054999828,64.99012806452811,0.3457908561266959,242.1280456520617,69.6827202802524,31.911658667959273,Scrambled_Sobol
SOBOL4096_03668,23.703040033578873,98.348637111485,0.18028267273679374,277.66066037118435,42.54847256001085,79.81094013899565,Scrambled_Sobol
SOBOL4096_03669,26.303840205073357,71.72701703384519,0.058276128806173805,288.8619313389063,32.42269373033196,63.709992724470794,Scrambled_Sobol
SOBOL4096_03670,15.47437909990549,91.41412950120866,0.2712828512862325,230.9172018803656,79.47651630733162,16.56286376528442,Scrambled_Sobol
SOBOL4096_03671,3.4482114017009735,53.751866379752755,0.14418038556352258,248.93431304953992,91.71418080572039,52.32924280222505,Scrambled_Sobol
SOBOL4096_03672,34.57062613219023,82.81402494758368,0.3571892937459052,211.25352752394974,65.72258750442415,99.47761625982821,Scrambled_Sobol
SOBOL4096_03673,30.627494864165783,66.96500745601952,0.12666287256404757,224.48808928020298,107.58319209329784,82.9632514435798,Scrambled_Sobol
SOBOL4096_03674,2.395690232515335,96.46607972681522,0.3871703141741455,283.8776875194162,49.88215844146907,35.816303505562246,Scrambled_Sobol
SOBOL4096_03675,19.109909273684025,58.36788332089782,0.040380262807011603,217.69351916387677,37.63670436106622,24.169553061947227,Scrambled_Sobol
SOBOL4096_03676,27.673730477690697,78.49400485865772,0.3008884405344725,253.9297792315483,74.23400483094156,71.31810754071921,Scrambled_Sobol
SOBOL4096_03677,22.3386250436306,51.82354082353413,0.32731807230040433,265.13242080807686,85.68787541240454,90.01526162028313,Scrambled_Sobol
SOBOL4096_03678,10.882924310863018,84.84076261520386,0.2093113554827869,206.48405672982335,26.514750085771084,42.11745379958302,Scrambled_Sobol
SOBOL4096_03679,7.6160454005002975,72.92292891070247,0.21802911095321179,272.66401938162744,59.677162170410156,6.726531069725752,Scrambled_Sobol
SOBOL4096_03680,39.364737905561924,90.31510460190475,0.10002020843327046,235.68652515299618,97.45602697134018,54.62599426973611,Scrambled_Sobol
SOBOL4096_03681,39.75753664970398,50.006416253745556,0.16516616648063062,213.82336958311498,33.11131953727454,71.96457138285041,Scrambled_Sobol
SOBOL4096_03682,8.303033672273159,86.56936348415911,0.33067433854565026,249.35564097948372,81.49345963727683,24.827772309072316,Scrambled_Sobol
SOBOL4096_03683,10.036022737622261,74.22162494622171,0.08481607377529145,228.34811352193356,91.0255654482171,36.83960281312466,Scrambled_Sobol
SOBOL4096_03684,21.78347159177065,88.90962125733495,0.2503235323727131,288.43998381868005,63.705715420655906,83.9751127967611,Scrambled_Sobol
SOBOL4096_03685,28.203858397901058,68.653922714293,0.3660083456896246,277.2414996661246,53.57851990032941,53.79380217753351,Scrambled_Sobol
SOBOL4096_03686,19.97084766626358,94.6703287307173,0.15299944883212446,239.56174410879612,100.82059957552701,5.882946322672069,Scrambled_Sobol
SOBOL4096_03687,1.684897132217884,56.94102509878576,0.26264900222420695,260.56506586261094,70.37147496361285,41.6506137419492,Scrambled_Sobol
SOBOL4096_03688,30.249953642487526,79.8323848284781,0.04964226841926575,202.62067972682416,44.565220517106354,89.56022226717323,Scrambled_Sobol
SOBOL4096_03689,33.88493485748768,69.99532910995185,0.29170956026762723,234.74072880111635,86.40506555326283,81.95348908659071,Scrambled_Sobol
SOBOL4096_03690,3.0542682483792305,93.22823835536838,0.031201393865048888,270.97595890052617,28.56019695289433,34.04245221056044,Scrambled_Sobol
SOBOL4096_03691,16.02823555469513,55.160460621118546,0.3961633517034352,207.4305585026741,58.96004327572882,22.39735785406083,Scrambled_Sobol
SOBOL4096_03692,27.1518861874938,81.51832078583539,0.1356558987684548,266.8198134191334,95.41059055365622,70.30678535811603,Scrambled_Sobol
SOBOL4096_03693,22.84095723181963,61.311525804921985,0.11477681841701269,255.61996402218938,106.86586262658238,97.14970181230456,Scrambled_Sobol
SOBOL4096_03694,13.98411013185978,75.56029846891761,0.2327857096120715,218.64281311631203,47.83683570101857,50.01272100955248,Scrambled_Sobol
SOBOL4096_03695,6.937955282628536,63.648660108447075,0.19473986061289905,282.18675439246,38.35402337834239,14.623404112644494,Scrambled_Sobol
SOBOL4096_03696,36.126810014247894,99.77247905917466,0.312746588755399,223.5394202824682,76.2792563252151,61.75873236730695,Scrambled_Sobol
SOBOL4096_03697,37.04814899712801,64.84326310455799,0.03281933877617121,257.4576710630208,67.15697483159602,49.006040170788765,Scrambled_Sobol
SOBOL4096_03698,5.983049347996712,97.02989575453103,0.29332752216607333,202.94033802114427,92.98269436694682,96.85764512512833,Scrambled_Sobol
SOBOL4096_03699,13.018850050866604,60.929062915965915,0.11910194853320719,274.74659668281674,78.20812386460602,61.0969621501863,Scrambled_Sobol
SOBOL4096_03700,23.751893639564514,77.4907416664064,0.3796093958057463,244.88841474056244,30.988103272393346,13.244068105705082,Scrambled_Sobol
SOBOL4096_03701,26.23543716967106,53.99562567472458,0.2106536941602826,233.58960255980492,41.113943215459585,29.34510682709515,Scrambled_Sobol
SOBOL4096_03702,16.988021917641163,84.22965784557164,0.09264478597790003,286.0356697626412,68.4143484197557,76.44584694411606,Scrambled_Sobol
SOBOL4096_03703,4.004882276058197,70.40904122404754,0.31994265550747514,214.22812364064157,104.10593265667558,64.42938721738756,Scrambled_Sobol
SOBOL4096_03704,32.95934285968542,91.2680241279304,0.20193593302741647,246.15757142193615,55.70175373926759,17.327399770729244,Scrambled_Sobol
SOBOL4096_03705,31.828622184693813,58.90460996888578,0.35010488538071516,281.1887386161834,98.8489719806239,10.09176034014672,Scrambled_Sobol
SOBOL4096_03706,0.1398003101348877,79.42135790362954,0.18459670765325426,227.37469687126577,60.90427394490689,57.1923194359988,Scrambled_Sobol
SOBOL4096_03707,18.436110503971577,65.93999583274126,0.2397069802135229,251.01568201556802,25.287923137657344,92.58916472550482,Scrambled_Sobol
SOBOL4096_03708,29.79291446506977,95.83169766701758,0.07419953860342503,220.45386545360088,84.29489098023623,45.486996257677674,Scrambled_Sobol
SOBOL4096_03709,20.199927389621735,72.28778130374849,0.1486800126545131,209.15641851723194,72.84087758976966,26.789750871248543,Scrambled_Sobol
SOBOL4096_03710,11.576234363019466,89.28933339193463,0.36168891517445445,262.3061310686171,36.40977513510734,74.64117409661412,Scrambled_Sobol
SOBOL4096_03711,9.852421656250954,52.75165494531393,0.06277575589716435,238.66111188195646,51.109127406962216,86.2821831787005,Scrambled_Sobol
SOBOL4096_03712,38.183121867477894,85.37825630046427,0.2757824727147818,269.88725763745606,108.97603482473642,38.429107405245304,Scrambled_Sobol
SOBOL4096_03713,38.319993764162064,62.73678680881858,0.14229954129084946,243.96824941039085,52.836069110780954,62.437204397283494,Scrambled_Sobol
SOBOL4096_03714,9.75491862744093,98.82967094890773,0.3567913635633886,275.28211446478963,99.91080576553941,15.33648551441729,Scrambled_Sobol
SOBOL4096_03715,11.791231259703636,61.96131748147309,0.05565743446350098,203.82750413380563,71.94415634498,50.81880535464734,Scrambled_Sobol
SOBOL4096_03716,20.02429936081171,76.17925070226192,0.27014999285340313,256.8891540635377,45.97315287217498,97.92081403546035,Scrambled_Sobol
SOBOL4096_03717,29.968848936259747,56.00291891023517,0.3446507610939443,245.68788041360676,34.8499019164592,69.48924394790083,Scrambled_Sobol
SOBOL4096_03718,18.221419900655746,82.33070257119834,0.17765966361388563,215.0383452232927,83.39932424016297,21.637617759406567,Scrambled_Sobol
SOBOL4096_03719,0.23760978132486343,69.28065125830472,0.2350023026764393,286.4944146759808,89.78493795730174,33.375799995847046,Scrambled_Sobol
SOBOL4096_03720,31.692056581377983,92.48338863253593,0.0680090194940567,232.768434882164,62.6297761593014,81.22867280617356,Scrambled_Sobol
SOBOL4096_03721,33.057151064276695,57.68924825824797,0.21688899468630551,219.88525457680225,105.77700168360025,88.8353550247848,Scrambled_Sobol
SOBOL4096_03722,3.8683155551552773,80.54974470287561,0.09739717807620764,251.90276497974992,46.58328652847558,40.98391056526452,Scrambled_Sobol
SOBOL4096_03723,17.163955122232437,67.83895427361131,0.3269274027831853,227.91030316613615,40.27289104182273,5.12325718998909,Scrambled_Sobol
SOBOL4096_03724,26.02074544876814,93.82440163753927,0.20743485005572437,280.26865107007325,78.03084176499397,52.97631172928959,Scrambled_Sobol
SOBOL4096_03725,23.966889418661594,73.59927506186068,0.0384994425997138,269.0660121757537,87.82593510579318,84.74627598188818,Scrambled_Sobol
SOBOL4096_03726,12.843220755457878,88.2570756599307,0.30049053441733126,239.11976828239858,30.1458155317232,37.6457381201908,Scrambled_Sobol
SOBOL4096_03727,6.119920127093792,50.95188291743398,0.12404420228675009,263.1164357997477,58.037231522612274,25.54080274887383,Scrambled_Sobol
SOBOL4096_03728,36.950644701719284,87.48472980223596,0.38603747980669145,208.68682138621807,94.65512182097882,72.64299245085567,Scrambled_Sobol
SOBOL4096_03729,35.990243293344975,52.100682724267244,0.1076544002071023,287.6022937335074,42.70079736132175,37.70439039450139,Scrambled_Sobol
SOBOL4096_03730,7.0357634872198105,84.75738442502916,0.22714623380452395,228.86724032461643,69.83390007633716,85.61526748351753,Scrambled_Sobol
SOBOL4096_03731,13.76941841095686,73.20157424546778,0.18836398998275397,250.22624445147812,103.34910549689084,73.88169748242944,Scrambled_Sobol
SOBOL4096_03732,23.016890436410904,90.23332204669714,0.3078565370477736,213.33715616725385,54.78021808434278,25.972110191360116,Scrambled_Sobol
SOBOL4096_03733,26.976256892085075,66.65883371606469,0.28699775088578466,202.0357261504978,65.90214956086129,46.25819076318294,Scrambled_Sobol
SOBOL4096_03734,16.24323133379221,96.58149420283735,0.02500664208084345,261.51269969530404,91.89519185107201,93.39496860280633,Scrambled_Sobol
SOBOL4096_03735,2.9567639529705048,58.05720486678183,0.39071659142151477,240.15772961080074,79.96102720033377,57.90568130556494,Scrambled_Sobol
SOBOL4096_03736,34.02180563658476,78.60481608659029,0.12872331956401467,276.30489775910974,32.905735368840396,10.7701500877738,Scrambled_Sobol
SOBOL4096_03737,30.1524506136775,71.22290064580739,0.3729860064201057,266.3336938805878,74.7455876879394,18.00573855638504,Scrambled_Sobol
SOBOL4096_03738,1.8217690289020538,92.11205542087555,0.1584941784851253,208.30124512314796,38.14975647255778,65.14269812498242,Scrambled_Sobol
SOBOL4096_03739,19.795219637453556,53.24929831549525,0.26889171205461027,271.49499719031155,50.03462763503194,77.25170178338885,Scrambled_Sobol
SOBOL4096_03740,28.418855294585228,83.51340699009597,0.0543991706520319,233.90296093188226,107.73421229794621,30.116352294571698,Scrambled_Sobol
SOBOL4096_03741,21.56878098845482,59.987827809527516,0.1701042781583965,222.60289615951478,97.94037320651114,12.426478387787938,Scrambled_Sobol
SOBOL4096_03742,10.211957208812237,76.58034600317478,0.33709538130089645,282.7828284073621,60.160383665934205,60.337536497972906,Scrambled_Sobol
SOBOL4096_03743,8.166468068957329,65.46064233407378,0.09050073303282262,219.59036380052567,26.694456534460187,96.19067846797407,Scrambled_Sobol
SOBOL4096_03744,39.855346120893955,97.67820979468524,0.25749399922788146,255.0349165685475,85.86872686631978,48.281272198073566,Scrambled_Sobol
SOBOL4096_03745,39.1500461101532,61.42382863909006,0.3226135080121458,278.1688008457422,63.85688761714846,30.756972497329116,Scrambled_Sobol
SOBOL4096_03746,7.791978679597378,75.2511324826628,0.20312094962224364,241.27936923876405,91.17788264993578,77.90407739114016,Scrambled_Sobol
SOBOL4096_03747,10.746357515454292,63.762559136375785,0.21257509991526602,259.649416198954,82.00633949134499,66.1718410719186,Scrambled_Sobol
SOBOL4096_03748,22.43643332272768,99.46481669321656,0.0930832776427269,200.9133328218013,33.62307465169579,19.023443548940122,Scrambled_Sobol
SOBOL4096_03749,27.576226256787777,69.91503816097975,0.11954480027779937,212.21214768476784,44.74622396286577,47.45492374524474,Scrambled_Sobol
SOBOL4096_03750,19.2467799782753,93.50839615799487,0.381538083460182,248.36034580133855,70.55102942045778,95.35293736029416,Scrambled_Sobol
SOBOL4096_03751,2.2200610116124153,55.07556698285043,0.03400004059076309,229.99158630147576,101.30364881362766,59.86485280096531,Scrambled_Sobol
SOBOL4096_03752,30.842490568757057,81.79397406056523,0.2959911380708218,289.4689031690359,54.06303839292377,11.965595395304263,Scrambled_Sobol
SOBOL4096_03753,34.3949980288744,67.98505554907024,0.06321858640760183,254.78947952389717,95.92363506555557,28.108906098641455,Scrambled_Sobol
SOBOL4096_03754,3.6632083728909492,95.1423822902143,0.27771113913506273,217.19641329720616,59.47161853313446,76.00673798471689,Scrambled_Sobol
SOBOL4096_03755,15.37687599658966,56.27361349761486,0.1498606932349503,283.0289333220571,28.711224757134914,88.11730217654258,Scrambled_Sobol
SOBOL4096_03756,26.440712176263332,80.30598652549088,0.3643525098450482,224.99614124186337,86.5575423464179,40.21786304190755,Scrambled_Sobol
SOBOL4096_03757,23.56647450476885,50.70735844783485,0.24237785678356885,236.2935854960233,76.76247022114694,8.447988680563867,Scrambled_Sobol
SOBOL4096_03758,14.610750451683998,86.06833470985293,0.07538457926362753,271.738481586799,38.83836201392114,55.594912553206086,Scrambled_Sobol
SOBOL4096_03759,6.3445791229605675,74.91801455616951,0.3520263152010739,205.90999560430646,48.01769475452602,91.44975590985268,Scrambled_Sobol
SOBOL4096_03760,35.593248307704926,88.40394173748791,0.18503522338345646,266.0909578204155,107.0455766748637,44.30117736570537,Scrambled_Sobol
SOBOL4096_03761,36.54693592339754,72.1758022904396,0.26151615936309097,231.78130300715566,31.5128106251359,55.30423750169575,Scrambled_Sobol
SOBOL4096_03762,5.424463227391243,89.5981736946851,0.047023612298071386,284.841922968626,78.73397622257471,7.4397450080141425,Scrambled_Sobol
SOBOL4096_03763,13.701032362878323,52.6381756644696,0.36561045372858647,216.02610205300152,93.12203906476498,42.92340419255197,Scrambled_Sobol
SOBOL4096_03764,24.530511498451233,85.6854978017509,0.15111862013116478,247.3396237846464,67.29519478976727,90.78660405706614,Scrambled_Sobol
SOBOL4096_03765,25.48214890062809,58.984558656811714,0.08293958250433207,258.53810525499284,56.173284528777,70.5004321783781,Scrambled_Sobol
SOBOL4096_03766,16.292106695473194,79.14154347963631,0.24993285436183213,204.81246878392994,104.5760144572705,23.410043180920184,Scrambled_Sobol
SOBOL4096_03767,4.587577283382416,66.0244524013251,0.16254312762990594,273.6324954032898,68.60687031410635,35.149422492831945,Scrambled_Sobol
SOBOL4096_03768,33.44560232013464,95.55648332461715,0.32953423643484714,242.98399018123746,41.30793436430395,82.23856769967824,Scrambled_Sobol
SOBOL4096_03769,32.388810478150845,54.664931958541274,0.1928633905760944,211.2153440155089,84.43440033588558,98.75297215301543,Scrambled_Sobol
SOBOL4096_03770,0.640174150466919,83.75716703012586,0.3123559319786728,263.5733485966921,25.425963238812983,51.66240142658353,Scrambled_Sobol
SOBOL4096_03771,17.656500823795795,71.07679601758718,0.1121538008004427,236.59190815873444,61.428836905397475,15.8033142471686,Scrambled_Sobol
SOBOL4096_03772,29.11218173801899,90.79408035613596,0.23164562873542308,268.6083885934204,99.37498393002898,62.89227772504091,Scrambled_Sobol
SOBOL4096_03773,20.895003378391266,64.14190023206174,0.39503048477694397,279.80824067257345,109.16872137691826,80.58224293868989,Scrambled_Sobol
SOBOL4096_03774,12.331124804913998,97.53134408965707,0.1330372185818851,225.37965622730553,51.30293869879097,32.71756942383945,Scrambled_Sobol
SOBOL4096_03775,9.367611780762672,60.232347436249256,0.2913116442412138,252.36255578696728,36.881161532364786,20.614329776726663,Scrambled_Sobol
SOBOL4096_03776,37.59943503886461,77.99674519337714,0.029320541098713876,222.41665521636605,73.31111898180097,68.47734862007201,Scrambled_Sobol
SOBOL4096_03777,37.91273020207882,55.39369420148432,0.30233778377994897,264.45300318300724,90.65284970216453,84.18495968449861,Scrambled_Sobol
SOBOL4096_03778,9.05592117458582,81.37952592223883,0.04183033650740981,209.98561823740602,64.82809278182685,36.352177392691374,Scrambled_Sobol
SOBOL4096_03779,12.019989639520645,70.23178087547421,0.3826828928291798,267.72877692244947,33.981129517778754,24.620122448541224,Scrambled_Sobol
SOBOL4096_03780,21.208806447684765,93.09266186319292,0.12217470943927765,237.82167685218155,81.20211272500455,72.45124936103821,Scrambled_Sobol
SOBOL4096_03781,28.80354765802622,63.299484038725495,0.10149413233622909,226.61083576269448,71.40729803591967,89.02784272562712,Scrambled_Sobol
SOBOL4096_03782,17.97284297645092,99.8319523409009,0.21950085481628775,278.9300505723804,44.10785544663668,41.905380776152015,Scrambled_Sobol
SOBOL4096_03783,0.9558130428195,60.959082935005426,0.20484559297561644,221.18543276563287,53.37182231247425,6.417477591894567,Scrambled_Sobol
SOBOL4096_03784,32.07950159907341,75.61650513671339,0.3228545011579991,253.24070297181606,101.77696384489536,53.53833300061524,Scrambled_Sobol
SOBOL4096_03785,33.13208535313606,74.60150895640254,0.175795206092298,285.37139371037483,58.58568617608398,69.68164370395243,Scrambled_Sobol
SOBOL4096_03786,4.899036698043346,88.81982075981796,0.34130264770239593,231.6076541133225,96.52942159678787,22.55936277564615,Scrambled_Sobol
SOBOL4096_03787,16.60286270081997,50.38918484933674,0.07133480163291096,246.81019595824182,87.27842216845602,34.66974559240043,Scrambled_Sobol
SOBOL4096_03788,25.16795728355646,86.48244738578796,0.23684297936037182,216.19979386217892,28.270491710864007,81.79078202228993,Scrambled_Sobol
SOBOL4096_03789,24.838923923671246,56.73811947926879,0.35272357653826475,204.99032874591649,39.393393085338175,61.87579449266195,Scrambled_Sobol
SOBOL4096_03790,13.384458869695663,79.94047249667346,0.13971685972064735,258.01283485256135,75.82353292498738,14.043193929828703,Scrambled_Sobol
SOBOL4096_03791,5.108445324003696,68.44817963428795,0.27275682048872113,242.80608730390668,106.65752368513495,49.897855911403894,Scrambled_Sobol
SOBOL4096_03792,36.855856105685234,94.77557875216007,0.059747917968779804,274.15772289037704,48.789653652347624,97.72916455287486,Scrambled_Sobol
SOBOL4096_03793,35.281467251479626,65.70638162083924,0.33968459237366916,218.07734997943044,79.16448575910181,13.732224688865244,Scrambled_Sobol
SOBOL4096_03794,6.657812148332596,95.9708746522665,0.1741771337762475,253.56104657053947,30.78140330966562,60.88784500956535,Scrambled_Sobol
SOBOL4096_03795,14.924691654741764,58.66777738556266,0.2533970003761351,224.11524747498333,66.69961245264858,96.37168556917459,Scrambled_Sobol
SOBOL4096_03796,23.255353793501854,79.55731670372188,0.08788882831111551,284.25740919075906,94.01852013077587,49.21440986916423,Scrambled_Sobol
SOBOL4096_03797,26.757001727819443,53.10121183283627,0.1618488100543618,272.97095394693315,103.81458336953074,17.073351158760488,Scrambled_Sobol
SOBOL4096_03798,15.068141929805279,85.31840071082115,0.37485554385930303,235.4166774917394,56.57156134489924,64.96248659677804,Scrambled_Sobol
SOBOL4096_03799,3.353923484683037,72.64060480520129,0.05255196729674935,264.85844254493713,42.23632326815277,76.7020472837612,Scrambled_Sobol
SOBOL4096_03800,34.71076551824808,89.23274460248649,0.26556086415424945,206.78686069324613,68.04163536522537,28.81130530498922,Scrambled_Sobol
SOBOL4096_03801,31.153897382318974,60.548796597868204,0.022399860452860593,241.80738622322679,26.240738397464156,45.32570975832641,Scrambled_Sobol
SOBOL4096_03802,1.9064440578222275,77.58092298172414,0.28290731338784103,277.99368746578693,84.08654934726655,93.21502621751279,Scrambled_Sobol
SOBOL4096_03803,18.932612352073193,64.46011238731444,0.13279115118086338,200.3853587526828,98.39325095526874,57.35575766302645,Scrambled_Sobol
SOBOL4096_03804,27.887110859155655,97.11719248443842,0.3932993175834418,259.8245724942535,61.94364602677524,9.465196705423295,Scrambled_Sobol
SOBOL4096_03805,22.119769379496574,70.61232896521688,0.2238204070739448,248.53674127720296,50.81941947340965,39.01004875078797,Scrambled_Sobol
SOBOL4096_03806,11.054707802832127,91.15955582819879,0.10581367893144489,211.68542352505028,109.84938874840736,86.16585080046207,Scrambled_Sobol
SOBOL4096_03807,8.101036995649338,54.20175106264651,0.30972094856202603,289.29246477782726,73.95971100777388,74.06242977827787,Scrambled_Sobol
SOBOL4096_03808,38.83404266089201,84.1240270063281,0.1917120573669672,230.51826754584908,36.035420410335064,26.9053358072415,Scrambled_Sobol
SOBOL4096_03809,39.54353876411915,68.91380506567657,0.07871021842584014,207.0714496076107,100.50849113147706,9.009942002594471,Scrambled_Sobol
SOBOL4096_03810,8.479722626507282,92.94655648991466,0.24421840181574225,267.2132680006325,51.93747583311051,56.88911030534655,Scrambled_Sobol
SOBOL4096_03811,10.525876879692078,55.637453496456146,0.1831706228852272,235.13279936276376,45.54248675238341,92.37124877050519,Scrambled_Sobol
SOBOL4096_03812,21.25768657773733,82.79515882022679,0.34867807015776636,270.6154659856111,72.67573132645339,44.493733015842736,Scrambled_Sobol
SOBOL4096_03813,28.7351568415761,62.37548287026584,0.28031774451956154,281.9045363832265,82.47044373769313,27.917049759998918,Scrambled_Sobol
SOBOL4096_03814,19.48646880686283,75.86102550849319,0.06730883633717895,223.83398449979722,35.4156180145219,75.08589913602918,Scrambled_Sobol
SOBOL4096_03815,1.5125009045004845,63.15261907875538,0.36028450056910516,255.91316567733884,63.39364402461797,86.82389999739826,Scrambled_Sobol
SOBOL4096_03816,30.468206107616425,98.51321098394692,0.14727777808904646,218.359232544899,89.38423417974263,39.656659993343055,Scrambled_Sobol
SOBOL4096_03817,34.333224296569824,51.31729897111654,0.3781832657381892,228.6934895068407,47.56258272565901,47.263342211954296,Scrambled_Sobol
SOBOL4096_03818,2.643130384385586,87.01994107104838,0.11767508801072836,288.1316732801497,105.26461952365935,94.43201056681573,Scrambled_Sobol
SOBOL4096_03819,15.929080322384834,73.96636134944856,0.2978381566889584,213.51094990037382,77.2165582049638,58.57153856661171,Scrambled_Sobol
SOBOL4096_03820,27.287129648029804,87.79404954984784,0.03733071507886052,249.69690782018006,40.62026088126004,11.404117541387677,Scrambled_Sobol
SOBOL4096_03821,22.700200341641903,67.4231680110097,0.2005315637215972,260.98735955543816,29.49738008901477,31.319194962270558,Scrambled_Sobol
SOBOL4096_03822,14.077790081501007,94.14119669236243,0.31854046624153853,202.2135056462139,88.67150856181979,79.19818153604865,Scrambled_Sobol
SOBOL4096_03823,7.344800420105457,57.27484612725675,0.09718010308220983,276.8301949836314,95.13653801754117,67.09342753980309,Scrambled_Sobol
SOBOL4096_03824,35.67426599562168,80.86782554164529,0.21518681989982724,239.9799071997404,57.35867636278272,19.21573005616665,Scrambled_Sobol
SOBOL4096_03825,37.263913713395596,58.424018463119864,0.13710518185049295,250.67442322149873,69.47600242681801,79.27712799981236,Scrambled_Sobol
SOBOL4096_03826,5.808250904083252,78.14168119803071,0.39761335391551256,220.7662931829691,43.504857094958425,32.167892274446785,Scrambled_Sobol
SOBOL4096_03827,12.532064206898212,67.02436152845621,0.026713891122490167,281.4970357436687,55.303148636594415,20.434140898287296,Scrambled_Sobol
SOBOL4096_03828,24.28071863949299,96.11697518266737,0.2872213497199118,227.02930747531354,102.38001317717135,67.5450291717425,Scrambled_Sobol
SOBOL4096_03829,25.712123215198517,72.78747162781656,0.3142205770686269,238.24294074438512,92.58397052064538,99.68599657528102,Scrambled_Sobol
SOBOL4096_03830,17.48028066009283,90.55148484185338,0.1962116802111268,270.2985542733222,65.4312608577311,51.84324997942895,Scrambled_Sobol
SOBOL4096_03831,4.183971062302589,51.6848174855113,0.22832003558054564,209.5636060088873,32.04995771870017,16.35378130711615,Scrambled_Sobol
SOBOL4096_03832,32.74783033877611,85.07387698628008,0.11031330177560449,261.88385078683496,80.59891393408179,64.19813727494329,Scrambled_Sobol
SOBOL4096_03833,31.378551609814167,65.09525887668133,0.2458360749296844,275.1070815511048,37.42838568519801,71.43372574355453,Scrambled_Sobol
SOBOL4096_03834,0.549052432179451,98.14296555705369,0.08032790852710604,244.49633613228798,75.18680251669139,23.590798126533628,Scrambled_Sobol
SOBOL4096_03835,18.532192669808865,59.620679123327136,0.33212366692721845,257.0642298925668,108.62258206587285,35.69998316001147,Scrambled_Sobol
SOBOL4096_03836,29.654645323753357,77.04343488439918,0.16661621399223803,203.29946032725275,49.426414775662124,83.54415810666978,Scrambled_Sobol
SOBOL4096_03837,20.332685485482216,53.66502180695534,0.045176549088209866,214.51171225868165,60.55053905118257,53.99939736817032,Scrambled_Sobol
SOBOL4096_03838,11.474679298698902,83.19667433388531,0.2581854402832687,245.86437781341374,97.16630146373063,6.889979913830757,Scrambled_Sobol
SOBOL4096_03839,9.438879191875458,71.63733574561775,0.15447339184582232,233.29502493143082,85.31353857833892,42.743303258903325,Scrambled_Sobol
SOBOL4096_03840,38.628940246999264,91.79394198581576,0.3674801199883223,286.3178743608296,27.63356086332351,89.85400980338454,Scrambled_Sobol
SOBOL4096_03841,38.73871065676212,71.56262984499335,0.2452625142224133,218.50736332125962,62.76868665125221,23.75370434951037,Scrambled_Sobol
SOBOL4096_03842,9.490089006721973,91.66472922079265,0.07826924802735448,256.10557972453535,89.92366605903953,71.64154804311693,Scrambled_Sobol
SOBOL4096_03843,11.50648683309555,53.59896910376847,0.34897928159683944,223.67424512282014,83.26051523443311,83.37946095969528,Scrambled_Sobol
SOBOL4096_03844,20.462163351476192,83.07602219283581,0.18198817845433948,281.7018870264292,34.711234769783914,35.49322699196637,Scrambled_Sobol
SOBOL4096_03845,29.549591429531574,59.751060139387846,0.0661264711804688,270.401696190238,46.16645617876202,7.050331314094365,Scrambled_Sobol
SOBOL4096_03846,18.485726788640022,77.1184507291764,0.28061901258304717,234.961950276047,72.13727726135403,54.210504945367575,Scrambled_Sobol
SOBOL4096_03847,0.5222856625914574,65.21550570614636,0.14683686431497334,267.3947439994663,99.71744182053953,89.6925505110994,Scrambled_Sobol
SOBOL4096_03848,31.254103779792786,98.2079453766346,0.3613286922499538,207.20863160677254,52.642847024835646,42.53402836620808,Scrambled_Sobol
SOBOL4096_03849,32.696639597415924,51.57374762929976,0.11649196833372116,239.77611606009305,94.5163734536618,32.328234650194645,Scrambled_Sobol
SOBOL4096_03850,4.074181579053402,85.00586990267038,0.37848524019122126,276.67138448916376,57.89834129624069,79.4882276142016,Scrambled_Sobol
SOBOL4096_03851,17.350821867585182,72.66011917963624,0.036890496369451284,202.40564526990056,30.284462412819266,67.38357784226537,Scrambled_Sobol
SOBOL4096_03852,25.68029660731554,90.46728773973882,0.2988816051743925,261.1358918249607,87.96476437710226,20.224875030107796,Scrambled_Sobol
SOBOL4096_03853,24.327165447175503,67.09348917938769,0.3195838807523251,249.83433037996292,77.83770058304071,52.00616487301886,Scrambled_Sobol
SOBOL4096_03854,12.637137174606323,96.22849803417921,0.20009133368730544,213.69196908548474,40.079608000814915,99.89382719155401,Scrambled_Sobol
SOBOL4096_03855,5.932679660618305,58.50785793736577,0.21548878302797675,287.9619140084833,46.77648834884167,64.0334318112582,Scrambled_Sobol
SOBOL4096_03856,37.29069955646992,78.26781771145761,0.0959969494305551,228.4787603188306,105.97038589417934,16.147016468457878,Scrambled_Sobol
SOBOL4096_03857,35.70591118186712,57.33768241479993,0.39800794892013075,262.0866503473371,32.75401703082025,94.22383153345436,Scrambled_Sobol
SOBOL4096_03858,7.474135458469391,80.98602122627199,0.13601467140018939,209.7234955895692,79.80916700325906,47.10007925517857,Scrambled_Sobol
SOBOL4096_03859,14.187722392380238,67.50033483840525,0.28835739610716704,270.1061187684536,92.0468087028712,11.610505650751293,Scrambled_Sobol
SOBOL4096_03860,22.751553431153297,94.27362438291311,0.02636630428954959,238.09478851035237,66.05394880287349,58.73586765490472,Scrambled_Sobol
SOBOL4096_03861,27.260199785232544,73.84938159957528,0.19586401410400867,226.89218984916806,54.60004687309265,78.98743069265038,Scrambled_Sobol
SOBOL4096_03862,15.80449040979147,87.73157089017332,0.31535656683146956,281.31562411785126,103.16879242658615,31.15920029580593,Scrambled_Sobol
SOBOL4096_03863,2.5382376462221146,51.184418285265565,0.1092227347008884,220.93703498132527,70.01413192600012,19.425373007543385,Scrambled_Sobol
SOBOL4096_03864,34.28690243512392,86.94165367633104,0.22871455131098628,250.88808572851121,42.88121160119772,67.25525489076972,Scrambled_Sobol
SOBOL4096_03865,30.33889014273882,63.276321487501264,0.07997953603044153,286.16944937966764,86.02060732897371,56.67836742475629,Scrambled_Sobol
SOBOL4096_03866,1.480836644768715,98.59452396631241,0.2469728192128241,233.10299259610474,26.84615460690111,8.849956360645592,Scrambled_Sobol
SOBOL4096_03867,19.435134790837765,62.489432375878096,0.1655263901129365,246.023123934865,60.008604689501226,44.703366942703724,Scrambled_Sobol
SOBOL4096_03868,28.62520545721054,75.93268412165344,0.3325174875929952,214.71543902531266,97.78873608913273,92.53306815866381,Scrambled_Sobol
SOBOL4096_03869,21.382257416844368,55.557213397696614,0.25857929492369297,203.51421097293496,107.91454563383013,74.87771178595722,Scrambled_Sobol
SOBOL4096_03870,10.552825815975666,82.67186172306538,0.04408673653379083,257.2340106219053,50.21477858070284,27.753778132610023,Scrambled_Sobol
SOBOL4096_03871,8.526025414466858,68.84183650836349,0.3686168755963445,244.31516674347222,37.969362498261034,39.86305677331984,Scrambled_Sobol
SOBOL4096_03872,39.64845057576895,92.8314387332648,0.15412505332380533,274.9695087876171,74.56533557269722,86.98823740240186,Scrambled_Sobol
SOBOL4096_03873,38.807118460536,54.13645897060633,0.041482671815902,253.41122482903302,53.911259258165956,93.00574035383761,Scrambled_Sobol
SOBOL4096_03874,7.976441420614719,84.00413864292204,0.30347377495840194,221.3995512481779,101.15201153792441,45.16428408678621,Scrambled_Sobol
SOBOL4096_03875,10.949820727109909,70.5368550028652,0.12108414378017188,278.7931958027184,70.70290972478688,9.676270661875606,Scrambled_Sobol
SOBOL4096_03876,22.073441855609417,91.0295837558806,0.3830774099752307,226.42901107668877,44.897921876981854,57.51612003426999,Scrambled_Sobol
SOBOL4096_03877,27.918761111795902,64.58112131804228,0.21989545123651624,237.62890338897705,33.4426805190742,85.95910560339689,Scrambled_Sobol
SOBOL4096_03878,19.06194232404232,97.1829375717789,0.10040362330153585,267.5809841044247,81.82608721777797,38.845317983068526,Scrambled_Sobol
SOBOL4096_03879,2.016381435096264,60.67841104231775,0.32399054896086454,210.18862701021135,91.35821582749486,27.113191727548838,Scrambled_Sobol
SOBOL4096_03880,31.205245405435562,77.6551810093224,0.20449800755828618,264.61240460164845,64.03703840449452,74.22532503027469,Scrambled_Sobol
SOBOL4096_03881,34.83534201979637,72.51401762478054,0.3416965009272099,273.97703093476593,107.19719368498772,60.68111449945718,Scrambled_Sobol
SOBOL4096_03882,3.3808667585253716,89.14930960163474,0.17470539212226868,242.66831605695188,48.16949415486306,13.567507546395063,Scrambled_Sobol
SOBOL4096_03883,15.114450380206108,52.98938415944576,0.2379797335527837,258.22723681107163,38.68664383422583,49.4222521642223,Scrambled_Sobol
SOBOL4096_03884,26.86190787702799,85.24962705560029,0.07098646169528365,205.16043670475483,76.61061018239707,96.5345661342144,Scrambled_Sobol
SOBOL4096_03885,23.126042895019054,58.752380637452006,0.1393684858083725,216.35896377265453,86.7377743544057,64.75318640004843,Scrambled_Sobol
SOBOL4096_03886,14.893022328615189,79.68421382829547,0.35386031940579415,247.0136491395533,28.891639155335724,16.911911508068442,Scrambled_Sobol
SOBOL4096_03887,6.606483198702335,65.77474996447563,0.05865809267386794,231.45876242779195,59.29144748020917,29.022393240593374,Scrambled_Sobol
SOBOL4096_03888,35.17151080071926,96.08162944205105,0.2731506397388876,285.17959204502404,95.74332215357572,76.86242398805916,Scrambled_Sobol
SOBOL4096_03889,36.75080608576536,68.52610409259796,0.17299476720392704,206.96862100623548,41.44658140372485,22.72115650586784,Scrambled_Sobol
SOBOL4096_03890,5.061975568532944,94.90877320058644,0.3399858590215445,264.9952329415828,68.74569974374026,69.8912976263091,Scrambled_Sobol
SOBOL4096_03891,13.35769597440958,56.80019068531692,0.08744791312143207,235.20266629755497,104.43726624827832,81.63077638484538,Scrambled_Sobol
SOBOL4096_03892,24.714472219347954,80.05790589377284,0.2544411906413734,272.8005393780768,56.034394460730255,34.4590283697471,Scrambled_Sobol
SOBOL4096_03893,25.27773216366768,50.257063284516335,0.37589965485036375,284.097857568413,67.48839676845819,14.207556638866663,Scrambled_Sobol
SOBOL4096_03894,16.654068045318127,86.40492823906243,0.16140783824026583,223.91208849847317,93.31542343366891,62.08217163104564,Scrambled_Sobol
SOBOL4096_03895,4.930848702788353,74.48376561515033,0.2658620741777122,253.70886084623635,78.5408351989463,97.56591256707907,Scrambled_Sobol
SOBOL4096_03896,33.26155874878168,88.75658130273223,0.05136952145025134,218.27014490030706,31.31952774245292,49.689643257297575,Scrambled_Sobol
SOBOL4096_03897,32.125952281057835,61.07380068860948,0.28395072931423787,230.34813812933862,73.17230981774628,36.51652647648007,Scrambled_Sobol
SOBOL4096_03898,1.0608821362257004,75.68892287090421,0.021959631834179164,289.07804136164486,36.74249422736466,84.3913221359253,Scrambled_Sobol
SOBOL4096_03899,18.097275607287884,63.42242565006018,0.3936012821272016,211.82334497570992,51.44184903241694,72.28801206219941,Scrambled_Sobol
SOBOL4096_03900,28.83032962679863,99.91250173188746,0.13160799894481898,248.7175834365189,109.30744932033122,24.41192341968417,Scrambled_Sobol
SOBOL4096_03901,21.157620176672935,70.16057907603681,0.104630560670048,260.0162668712437,99.18161982670426,42.06718848552555,Scrambled_Sobol
SOBOL4096_03902,11.9101956859231,92.97830173745751,0.22412238294258713,200.53414314985275,61.23561466112733,89.23751098103821,Scrambled_Sobol
SOBOL4096_03903,8.926466852426529,55.31269181519747,0.19127184007316828,277.7902986574918,25.619266387075186,53.37831303011626,Scrambled_Sobol
SOBOL4096_03904,37.880899123847485,81.25546374358237,0.3107643984630704,241.64828068576753,84.62752109393477,6.206746390089393,Scrambled_Sobol
SOBOL4096_03905,37.57251054048538,60.31289980746806,0.2034220534749329,289.60610126145184,101.92608818877488,51.45565251354128,Scrambled_Sobol
SOBOL4096_03906,9.243016503751278,78.11968382447958,0.3214309446699918,230.17306766472757,53.52108851540834,98.58828473836184,Scrambled_Sobol
SOBOL4096_03907,12.226237431168556,64.2143209464848,0.09412728246301413,248.1894806213677,43.95883258897811,63.1000902922824,Scrambled_Sobol
SOBOL4096_03908,20.848676152527332,97.64605886302888,0.21213401060551404,211.99837252497673,71.25809278804809,15.966213215142488,Scrambled_Sobol
SOBOL4096_03909,29.14383228868246,70.95273681916296,0.3810969148762524,200.71066737174988,81.3848779303953,32.508287630043924,Scrambled_Sobol
SOBOL4096_03910,17.7858304977417,90.71307498961687,0.12058874847367407,259.48967145755887,34.16403658222407,80.42077356018126,Scrambled_Sobol
SOBOL4096_03911,0.7501118257641792,54.55057481303811,0.29480851810425523,241.47179937921464,64.64526693802327,68.68846628349274,Scrambled_Sobol
SOBOL4096_03912,32.44015820324421,83.68596225045621,0.03430106516927481,278.3169369865209,90.46984146814793,20.77468807809055,Scrambled_Sobol
SOBOL4096_03913,33.570178523659706,66.14188281819224,0.2772707222402096,265.8762125391513,48.640367183834314,7.23047754727304,Scrambled_Sobol
SOBOL4096_03914,4.614520855247974,95.61855751089752,0.0642618253827095,205.74023096822202,106.50841960683465,55.14278210233897,Scrambled_Sobol
SOBOL4096_03915,16.3384148478508,59.11775012500584,0.3631691919825971,271.91951686516404,75.97271790727973,90.99770774133503,Scrambled_Sobol
SOBOL4096_03916,25.58705534785986,79.21947091817856,0.15016245817765592,236.4310134202242,39.542436208575964,43.08374816086143,Scrambled_Sobol
SOBOL4096_03917,24.401200897991657,52.57493322715163,0.07568637818098069,225.14468960464,28.087564380839467,23.203279580920935,Scrambled_Sobol
SOBOL4096_03918,13.669362738728523,85.56775744073093,0.24119455024600028,283.22107831016183,87.09567722864449,70.33573113847524,Scrambled_Sobol
SOBOL4096_03919,5.373134575784206,72.09828016348183,0.18607847368344663,217.03758670948446,96.71240956522524,82.446393892169,Scrambled_Sobol
SOBOL4096_03920,36.43697917461395,89.46605511009693,0.3515859322808683,254.58568301983178,58.76853228546679,35.312336147762835,Scrambled_Sobol
SOBOL4096_03921,35.48819858580828,74.84924388118088,0.0481597775965929,243.19765805266798,67.90013087913394,76.17106866557151,Scrambled_Sobol
SOBOL4096_03922,6.298109069466591,88.29211108386517,0.2611686801165342,273.80325329490006,42.09500117227435,28.31529827788472,Scrambled_Sobol
SOBOL4096_03923,14.583987854421139,50.62392642721534,0.15151333404704928,204.6310517936945,56.712964344769716,40.05459601525217,Scrambled_Sobol
SOBOL4096_03924,23.442022502422333,85.94174454919994,0.3645200508646667,258.40097153559327,103.95584451034665,87.9091215506196,Scrambled_Sobol
SOBOL4096_03925,26.550486758351326,56.38437126763165,0.24884253077208995,247.1914661861956,93.82781081832945,55.756738665513694,Scrambled_Sobol
SOBOL4096_03926,15.428081639111042,80.37435188889503,0.0833343530446291,215.8336504548788,66.50908553041518,8.657627208158374,Scrambled_Sobol
SOBOL4096_03927,3.695020079612732,68.11195565387607,0.3291868138127029,285.001817913726,30.97217326052487,44.14118712302297,Scrambled_Sobol
SOBOL4096_03928,34.52447172254324,95.22698256187141,0.163679372202605,231.98411866091192,79.35511385090649,91.23900630511343,Scrambled_Sobol
SOBOL4096_03929,30.888941548764706,54.9455919303,0.3112663176096976,222.27907708846033,36.17676277179271,78.06588952429593,Scrambled_Sobol
SOBOL4096_03930,2.325129806995392,81.71850307844579,0.19325740942731498,252.18137030489743,74.10119522828609,30.9665966918692,Scrambled_Sobol
SOBOL4096_03931,19.371212907135487,69.79514681734145,0.23129746574908494,225.5494423210621,109.70814787317067,18.863467639312148,Scrambled_Sobol
SOBOL4096_03932,27.603007927536964,93.44310704618692,0.11329074326902629,280.02300741150975,50.67799620795995,65.9611054463312,Scrambled_Sobol
SOBOL4096_03933,22.385246753692627,63.83681418374181,0.13417412707582116,268.8121207244694,62.13419321458787,95.51728166639805,Scrambled_Sobol
SOBOL4096_03934,10.63656385987997,99.59443411789834,0.3946823104657233,236.7506703734398,98.58394000213593,47.66133061144501,Scrambled_Sobol
SOBOL4096_03935,7.662524059414864,61.4895707461983,0.029714548625051976,263.381310896948,83.8959415210411,11.802313681691885,Scrambled_Sobol
SOBOL4096_03936,39.11821532994509,75.37214439362288,0.2902219958975911,211.06690294109285,26.049948181025684,59.656658549793065,Scrambled_Sobol
SOBOL4096_03937,39.96511682868004,65.5322979670018,0.35570104138925673,232.92783093638718,89.2429931461811,65.30306739732623,Scrambled_Sobol
SOBOL4096_03938,8.21767758578062,97.79216228052974,0.1426943132467568,286.69740735553205,63.25222060084343,18.216822599060833,Scrambled_Sobol
SOBOL4096_03939,10.243765041232109,60.06913781166077,0.2698025716468692,214.89055776968598,35.556960217654705,29.954916536808014,Scrambled_Sobol
SOBOL4096_03940,21.69825855642557,76.7040513921529,0.056793680451810366,245.49512304365635,82.6119277998805,77.0424090186134,Scrambled_Sobol
SOBOL4096_03941,28.31380110234022,53.13417757861316,0.17879583032801746,256.70733474195004,72.48512334190309,60.500424494966865,Scrambled_Sobol
SOBOL4096_03942,19.748754054307938,83.44144141301513,0.34430328326299786,203.6906654573977,45.3516963776201,12.634324575774372,Scrambled_Sobol
SOBOL4096_03943,1.7950019612908363,71.09960056841373,0.06840373482555151,275.4962275829166,52.1280228625983,48.11655116267502,Scrambled_Sobol
SOBOL4096_03944,30.028003081679344,92.03181830234826,0.23391190122812985,244.13875517435372,100.69918002001941,95.98394052591175,Scrambled_Sobol
SOBOL4096_03945,33.970615193247795,58.189635537564754,0.0985340851545334,208.4950250852853,57.50007952097803,85.77814680989832,Scrambled_Sobol
SOBOL4096_03946,2.8469741716980934,78.68197993375361,0.21654081895947455,262.96756020747125,95.27779931668192,37.91222826577723,Scrambled_Sobol
SOBOL4096_03947,16.113772839307785,66.77703238092363,0.20782885616645216,239.32321609929204,88.5300042340532,25.807397472672164,Scrambled_Sobol
SOBOL4096_03948,26.944429986178875,96.64432751014829,0.3258377530239523,269.22516599297523,29.356058151461184,73.6749682109803,Scrambled_Sobol
SOBOL4096_03949,23.063336946070194,73.12328983098269,0.29940091863274576,280.43875366449356,40.811030990444124,93.55534689966589,Scrambled_Sobol
SOBOL4096_03950,13.874491676688194,90.10043838061392,0.038893460035324096,228.12468903139234,77.40718645509332,46.469282768666744,Scrambled_Sobol
SOBOL4096_03951,7.16019194573164,52.03820704482496,0.385689315404743,251.76499909721315,105.07391036953777,10.608706367202103,Scrambled_Sobol
SOBOL4096_03952,36.01702943444252,84.64040169492364,0.12518114333972336,219.70457871444523,47.37205596175045,57.69637951627374,Scrambled_Sobol
SOBOL4096_03953,36.9822895899415,50.86768283508718,0.2267050638049841,276.49767658673227,80.74809907469898,40.77319458127022,Scrambled_Sobol
SOBOL4096_03954,6.249255463480949,87.35738033428788,0.10869834698736668,240.3055385220796,32.1990010002628,88.67535381112248,Scrambled_Sobol
SOBOL4096_03955,12.953152768313885,73.53126499801874,0.30667391566559676,261.30955681204796,65.28197454754263,53.18596122786403,Scrambled_Sobol
SOBOL4096_03956,24.018242806196213,88.1460087839514,0.1886650131456554,201.87617989256978,92.43486660066992,5.2850496815517545,Scrambled_Sobol
SOBOL4096_03957,25.993815883994102,67.96508780680597,0.025307744517922403,213.16675769165158,102.56300130393356,37.43752387352288,Scrambled_Sobol
SOBOL4096_03958,17.03936491161585,93.90824409201741,0.2858151861280203,250.01223862171173,55.48599490430206,84.58301992621273,Scrambled_Sobol
SOBOL4096_03959,3.76342311501503,57.80076812952757,0.1297673229686916,229.004014628008,43.32192992325872,72.84937365911901,Scrambled_Sobol
SOBOL4096_03960,33.01082890480757,80.61887533403933,0.39027550069615247,287.7840486820787,69.29325764533132,25.705167050473392,Scrambled_Sobol
SOBOL4096_03961,31.562740318477154,69.16000209748745,0.15879597881808877,254.87582712434232,27.484537847340107,15.12827958445996,Scrambled_Sobol
SOBOL4096_03962,0.20594581961631775,92.41733294911683,0.37180270129814746,219.38698035664856,85.1643331721425,62.27395701222122,Scrambled_Sobol
SOBOL4096_03963,18.170085586607456,55.87370912544429,0.05544242236763239,282.93159671127796,97.31542564928532,98.12718657311052,Scrambled_Sobol
SOBOL4096_03964,29.858897849917412,82.25599369034171,0.26845133055001497,222.79458517208695,60.69980509579182,50.98316133953631,Scrambled_Sobol
SOBOL4096_03965,20.14887049794197,62.02630028128624,0.3366549658216536,234.08378699794412,49.2435887735337,21.42689381260425,Scrambled_Sobol
SOBOL4096_03966,11.818179897964,76.29949455149472,0.17114751854911445,271.63291327655315,108.43957367353141,69.32923370972276,Scrambled_Sobol
SOBOL4096_03967,9.801221713423729,62.811805633828044,0.2563106827810407,208.08683780021966,75.3695675637573,81.43833132926375,Scrambled_Sobol
SOBOL4096_03968,38.42490527778864,98.9600489847362,0.09080249939113856,266.1635698284954,37.61129259131849,33.537600450217724,Scrambled_Sobol
SOBOL4096_03969,38.20990830659866,52.87497886456549,0.33102270679548385,202.7798710949719,71.0746527230367,57.02941869851202,Scrambled_Sobol
SOBOL4096_03970,9.97684981673956,85.45842189341784,0.16402942927554248,260.76854050159454,43.77651726361364,9.883943879976869,Scrambled_Sobol
SOBOL4096_03971,11.681307926774025,72.40287819877267,0.2514133520051837,239.4128738809377,53.040476529859006,45.651687565259635,Scrambled_Sobol
SOBOL4096_03972,20.2463736012578,89.36137049458921,0.08442226018756628,277.0497194584459,101.44433119799942,92.79591540805995,Scrambled_Sobol
SOBOL4096_03973,29.761088453233242,65.85861430503428,0.15260560126975178,288.2592274900526,90.32142000738531,74.48081756476313,Scrambled_Sobol
SOBOL4096_03974,18.30665111541748,95.70801611989737,0.3670981539972127,228.2102779019624,64.49537622276694,26.57863710075617,Scrambled_Sobol
SOBOL4096_03975,0.03001142293214798,58.833025861531496,0.04850551988929511,249.56997856497765,33.64840535912663,38.59057289082557,Scrambled_Sobol
SOBOL4096_03976,31.777430847287178,79.30738157592714,0.262997336499393,213.99341316893697,80.87069569621235,86.49146320298314,Scrambled_Sobol
SOBOL4096_03977,32.83489562571049,70.47149306163192,0.03080679178237915,223.34671119228005,39.06197368167341,96.69729655608535,Scrambled_Sobol
SOBOL4096_03978,3.9781149104237556,91.38507838360965,0.29280007496476174,282.0390259474516,75.49080639146268,48.79493542481214,Scrambled_Sobol
SOBOL4096_03979,16.94155663251877,54.073933931067586,0.13451984530314803,218.84588626213372,106.32480981759727,13.4055245667696,Scrambled_Sobol
SOBOL4096_03980,26.130382679402828,84.36246998608112,0.3965109427832067,255.77942981384695,48.45822664909065,61.30623421166092,Scrambled_Sobol
SOBOL4096_03981,23.88137210160494,60.81093577668071,0.23313337996602057,266.99031381867826,58.25305052101612,76.28293788991868,Scrambled_Sobol
SOBOL4096_03982,13.050656989216805,77.42788451723754,0.11364082157611848,207.644655527547,96.19807280600071,29.13728169631213,Scrambled_Sobol
SOBOL4096_03983,6.034259758889675,64.71076090820134,0.31383716007694606,270.839082673192,86.94708604365587,17.492099748924375,Scrambled_Sobol
SOBOL4096_03984,37.15791881084442,96.95275574922562,0.19434533780440688,234.55888265743852,27.937848456203938,64.63614621665329,Scrambled_Sobol
SOBOL4096_03985,36.231721229851246,63.53721176274121,0.294510634765029,246.34928725659847,103.48187710158527,34.25063672941178,Scrambled_Sobol
SOBOL4096_03986,6.98425866663456,99.70332458615303,0.03251736856997013,214.37692949548364,56.240121675655246,82.11675788275898,Scrambled_Sobol
SOBOL4096_03987,14.01105847209692,61.18532074615359,0.38004960743710403,285.8323024120182,41.90491653047502,70.10039140935987,Scrambled_Sobol
SOBOL4096_03988,22.965528666973114,75.47647985629737,0.11805850429460407,233.43051848001778,67.70890123210847,22.23302328027785,Scrambled_Sobol
SOBOL4096_03989,27.041934207081795,55.228446843102574,0.09160137571394444,244.71822095103562,78.83315723389387,50.223466721363366,Scrambled_Sobol
SOBOL4096_03990,15.97690213471651,81.62945918738842,0.21109391711652278,274.532108893618,30.448747389018536,97.30969028547406,Scrambled_Sobol
SOBOL4096_03991,3.022603392601013,70.07955303415656,0.20163397414609788,203.07819509878755,66.36698946356773,61.54909560922533,Scrambled_Sobol
SOBOL4096_03992,33.75561948865652,93.35551629774272,0.3211258020810783,257.6384488493204,93.6871637403965,14.461581893265247,Scrambled_Sobol
SOBOL4096_03993,30.203631184995174,56.86593474820256,0.18355259099975227,269.7277703881264,50.48806102480739,25.038508996367455,Scrambled_Sobol
SOBOL4096_03994,1.5800049901008606,79.70203063450754,0.35054586285725237,238.45801727846265,109.51676370110363,72.1245518932119,Scrambled_Sobol
SOBOL4096_03995,19.846257157623768,68.58901144005358,0.073898322917521,262.45400971733034,73.62705809529871,83.7654840014875,Scrambled_Sobol
SOBOL4096_03996,28.176929131150246,94.5500610396266,0.24088943172246216,209.34927781112492,35.70409489329904,36.67778961826116,Scrambled_Sobol
SOBOL4096_03997,21.834824085235596,74.3508585728705,0.3628712874092162,220.63560430891812,25.908001572825015,6.091139512136579,Scrambled_Sobol
SOBOL4096_03998,10.14595564454794,88.98425861261785,0.14837874034419654,251.15245095454156,83.75513991806656,53.957079290412366,Scrambled_Sobol
SOBOL4096_03999,8.432368114590645,50.12704157270491,0.27622339356690645,227.16066421940923,98.06181366089731,89.35382000170648,Scrambled_Sobol
SOBOL4096_04000,39.78918243199587,86.63549069315195,0.0617315599694848,281.0183025896549,61.61094213370234,41.48627049755305,Scrambled_Sobol
SOBOL4096_04001,39.25478205084801,73.03726221434772,0.12723706604912877,257.8763569332659,82.13908766396344,36.025595208629966,Scrambled_Sobol
SOBOL4096_04002,7.564715854823589,90.38638090714812,0.3892281578667462,205.47422967851162,35.082995342090726,83.12468260060996,Scrambled_Sobol
SOBOL4096_04003,10.85125558078289,51.94762386381626,0.02352401252835989,274.29495451040566,63.06098842062056,71.10702809877694,Scrambled_Sobol
SOBOL4096_04004,22.209313549101353,84.92169645614922,0.28551729004830123,242.3215667810291,89.05290597118437,24.009184851311147,Scrambled_Sobol
SOBOL4096_04005,27.77863722294569,58.29553413204849,0.3063687829859555,231.0309862997383,100.17575668171048,42.32419280335307,Scrambled_Sobol
SOBOL4096_04006,19.156217128038406,78.37926624342799,0.18687696637585757,285.5922700185329,51.60606877878308,90.17998725641519,Scrambled_Sobol
SOBOL4096_04007,2.4226341024041176,66.88438355922699,0.22566500287503002,216.77575089037418,45.211046766489744,54.41814348101616,Scrambled_Sobol
SOBOL4096_04008,30.752070769667625,96.34316493757069,0.10617245014756918,246.58998215571046,72.34302474185824,6.563642011024058,Scrambled_Sobol
SOBOL4096_04009,34.621974751353264,53.82941234856844,0.2560055260360241,279.14682226255536,29.16467651259154,20.107801579870284,Scrambled_Sobol
SOBOL4096_04010,3.558148182928562,82.94607200659811,0.08901442855596543,226.04106038808823,88.34007158409804,67.96377670019865,Scrambled_Sobol
SOBOL4096_04011,15.603709667921066,71.79023562930524,0.33561488082632424,253.02463670261204,94.80512890499085,79.6031040372327,Scrambled_Sobol
SOBOL4096_04012,26.335489861667156,91.53194138780236,0.16862159764394163,221.7545402701944,57.02593985479325,31.748783234506845,Scrambled_Sobol
SOBOL4096_04013,23.656713105738163,64.85686507076025,0.05291218668222428,210.46534112654626,47.23125689197332,16.772169447503984,Scrambled_Sobol
SOBOL4096_04014,14.408053383231163,98.27073351480067,0.2674040089547634,264.32332281954587,104.9319662945345,63.87143821455538,Scrambled_Sobol
SOBOL4096_04015,6.434674672782421,59.39530408941209,0.15701226806268095,237.34120562672615,76.88393284101039,99.26652248483151,Scrambled_Sobol
SOBOL4096_04016,35.3903891146183,77.18412326648831,0.3715048264525831,267.8590822406113,40.2889021160081,52.16886061243713,Scrambled_Sobol
SOBOL4096_04017,36.30010727792978,62.112671649083495,0.06949165470898151,211.46834254264832,92.25255380850285,58.989927591755986,Scrambled_Sobol
SOBOL4096_04018,5.470637604594231,76.01321013644338,0.23648275785148143,249.1041581518948,65.09853701572865,11.077417596243322,Scrambled_Sobol
SOBOL4096_04019,13.454365842044353,62.90282737463713,0.1791459227912128,230.7360968645662,31.717241476289928,46.843867590650916,Scrambled_Sobol
SOBOL4096_04020,24.57682892680168,98.67831678129733,0.34613918898627166,288.72442294843495,80.26748455595225,94.75762173067778,Scrambled_Sobol
SOBOL4096_04021,25.411120876669884,69.0537781920284,0.27163121812045576,277.5122139323503,69.14336946327239,66.76708698272705,Scrambled_Sobol
SOBOL4096_04022,16.55310545116663,92.72037083283067,0.057139390185475356,241.9359918590635,43.173510995693505,19.634478823281825,Scrambled_Sobol
SOBOL4096_04023,4.516711384057999,55.76593670994043,0.35827911196276546,260.30534060671926,54.971810136921704,31.64517117664218,Scrambled_Sobol
SOBOL4096_04024,33.706744126975536,82.55757563747466,0.1437865705601871,200.2574209868908,102.04736754763871,78.77907231915742,Scrambled_Sobol
SOBOL4096_04025,32.342349998652935,67.27027222514153,0.38751798594370485,235.54942898452282,60.21789611317217,91.95213813800365,Scrambled_Sobol
SOBOL4096_04026,0.886678546667099,94.40319244749844,0.12552687713876368,272.48262921348214,96.83496565558016,44.81971064582467,Scrambled_Sobol
SOBOL4096_04027,17.609897293150425,57.1104574482888,0.30197901327162985,206.65481998585165,84.98219010420144,9.428689354099333,Scrambled_Sobol
SOBOL4096_04028,29.35852400958538,81.1184267513454,0.039985741414129736,265.34610477276146,27.300925524905324,56.562771163880825,Scrambled_Sobol
SOBOL4096_04029,20.633680373430252,51.542678102850914,0.20891675481572747,254.13251441903412,37.09695836529136,87.14951257687062,Scrambled_Sobol
SOBOL4096_04030,12.401866726577282,86.87924784608185,0.3284085884131491,217.85334437154233,74.85408833250403,39.23718395642936,Scrambled_Sobol
SOBOL4096_04031,9.106145724654198,74.20475701801479,0.09888415638357402,283.68518764153123,108.28985521569848,27.590351230464876,Scrambled_Sobol
SOBOL4096_04032,37.67001483589411,87.66628047451377,0.2183767034485936,224.33987267315388,49.09499505534768,75.50428674556315,Scrambled_Sobol
SOBOL4096_04033,37.978708520531654,66.42115665599704,0.11179357858374715,272.3088408447802,34.518540618009865,77.57550202775747,Scrambled_Sobol
SOBOL4096_04034,8.789901323616505,96.71007129363716,0.22980248110368848,236.07876025140285,83.06669634301215,29.70086297020316,Scrambled_Sobol
SOBOL4096_04035,12.08613008260727,57.83092235215008,0.19769992973655462,265.51985022611916,89.4522872613743,17.68302744720131,Scrambled_Sobol
SOBOL4096_04036,20.94292964786291,78.74488607048988,0.3157066465541721,206.12544580362737,62.29845285881311,65.55927269160748,Scrambled_Sobol
SOBOL4096_04037,29.045326597988605,52.26588537916541,0.2887031157501042,217.32804178260267,52.503330069594085,95.77482975553721,Scrambled_Sobol
SOBOL4096_04038,17.921647503972054,84.50749586336315,0.028194938022643327,254.3103421945125,99.57939411979169,48.60471270047128,Scrambled_Sobol
SOBOL4096_04039,1.1977541074156761,73.3538527507335,0.39910019349306824,224.86521817743778,71.61272190045565,12.842687903903425,Scrambled_Sobol
SOBOL4096_04040,32.028449177742004,89.97041694819927,0.13859275188297032,283.5074027813971,45.64045182894915,60.01445998437703,Scrambled_Sobol
SOBOL4096_04041,33.398429453372955,59.859961876645684,0.36896261647343637,247.87431435659528,87.49322598800063,73.55861955322325,Scrambled_Sobol
SOBOL4096_04042,4.833344481885433,76.81883852928877,0.15595370829105376,212.34787911176682,29.81437301263213,26.388321123085916,Scrambled_Sobol
SOBOL4096_04043,16.8690637499094,65.31985523179173,0.2596715607307851,289.95422382839024,57.70582700148225,38.02782948128879,Scrambled_Sobol
SOBOL4096_04044,25.10210294276476,97.90368280373514,0.04666483825072646,229.85651738010347,94.32238990440965,85.19942018669099,Scrambled_Sobol
SOBOL4096_04045,24.890405498445034,71.47359573282301,0.1680972099304199,241.05774811469018,105.44567094184458,58.32225728780031,Scrambled_Sobol
SOBOL4096_04046,13.143004179000854,91.94757286459208,0.3336053933203221,278.7433398235589,46.25062839128077,10.447437562979758,Scrambled_Sobol
SOBOL4096_04047,5.159783847630024,53.511390928179026,0.08181542759761215,201.13570764660835,39.94027090258896,45.842702854424715,Scrambled_Sobol
SOBOL4096_04048,36.614239290356636,83.36041434668005,0.24732287487015128,259.07425763085485,77.69948822446167,93.71876743156463,Scrambled_Sobol
SOBOL4096_04049,35.07400657981634,56.229202542454004,0.1457895342260599,225.8659791946411,65.57072730734944,5.539834410883486,Scrambled_Sobol
SOBOL4096_04050,6.74335390329361,82.1906307246536,0.3587984254211188,279.6748714335263,91.56246246770024,52.653597965836525,Scrambled_Sobol
SOBOL4096_04051,14.717393107712269,69.51833316124976,0.06582856519147753,221.9295785482973,79.62831554934382,88.41986693907529,Scrambled_Sobol
SOBOL4096_04052,23.34103859961033,92.3548074439168,0.2788352933339775,252.4965446162969,32.57431058213115,41.30770957097411,Scrambled_Sobol
SOBOL4096_04053,26.647216081619263,62.584509421139956,0.34719122491776944,263.7967381346971,42.36815948970616,25.21772393491119,Scrambled_Sobol
SOBOL4096_04054,15.290383659303188,99.09257418476045,0.18168305851519106,210.64187607727945,69.50254906900227,73.05920426733792,Scrambled_Sobol
SOBOL4096_04055,3.244299963116646,61.79611966945231,0.24273663012310862,268.38570984080434,103.01777222193778,85.06971559952945,Scrambled_Sobol
SOBOL4096_04056,34.93315029889345,76.42913516610861,0.07722917718812823,237.1647135913372,54.447577679529786,37.22989029251039,Scrambled_Sobol
SOBOL4096_04057,31.068679876625538,73.74006030149758,0.21370070511475206,204.24585036933422,97.6077250437811,50.402956111356616,Scrambled_Sobol
SOBOL4096_04058,2.1141908317804337,88.0316037684679,0.09569180825725199,258.7573472596705,59.82904263306409,98.24425506871194,Scrambled_Sobol
SOBOL4096_04059,18.847251795232296,51.07974475249648,0.3170579754188657,243.54990317486227,26.36311296839267,62.85341479815543,Scrambled_Sobol
SOBOL4096_04060,28.094695508480072,87.24624211899936,0.19905124161392448,273.41392126865685,85.53609643597156,15.013408116064966,Scrambled_Sobol
SOBOL4096_04061,21.897813752293587,57.42715378291905,0.03584319034591317,284.7154800314456,74.41415577661246,33.69960041716695,Scrambled_Sobol
SOBOL4096_04062,11.164817698299885,80.70273846387863,0.2963513624109328,232.26357667706907,37.81703769695014,80.81318330485374,Scrambled_Sobol
SOBOL4096_04063,7.878938317298889,67.58825508877635,0.11619408641010523,247.46681505814195,49.70190632622689,69.16653160005808,Scrambled_Sobol
SOBOL4096_04064,38.94399043172598,93.98888903670013,0.3767015450075269,215.54320342838764,107.40279811900109,22.05419356469065,Scrambled_Sobol
SOBOL4096_04065,39.47282128036022,59.247319214046,0.2640783648379147,238.98745046928525,44.4135832414031,15.480236671864986,Scrambled_Sobol
SOBOL4096_04066,8.741021193563938,78.98940951563418,0.05107164802029729,269.55407321453094,70.21969582885504,63.308488302864134,Scrambled_Sobol
SOBOL4096_04067,10.45532152056694,66.27428880892694,0.37336942058056594,208.81980170495808,100.9722974896431,99.07641300931573,Scrambled_Sobol
SOBOL4096_04068,21.519128195941448,95.39133282378316,0.1603605180606246,262.6276639755815,53.73040020465851,51.246552360244095,Scrambled_Sobol
SOBOL4096_04069,28.48863873630762,72.03587386757135,0.086407829541713,251.33034846745431,63.525463147088885,21.030905405059457,Scrambled_Sobol
SOBOL4096_04070,19.53294299542904,89.82431464828551,0.2519152711518109,220.1103821862489,90.84517131559551,68.15463644918054,Scrambled_Sobol
SOBOL4096_04071,1.2661449238657951,52.50964178703725,0.17268961187452078,280.8404479920864,81.6736104246229,80.16675326041877,Scrambled_Sobol
SOBOL4096_04072,30.514823347330093,85.92313164845109,0.33819778960198166,227.68592925742269,33.29165271483362,33.04137002211064,Scrambled_Sobol
SOBOL4096_04073,34.07221183180809,64.29484668187797,0.1902317777276039,215.25653580203652,76.43105572555214,43.24720337521285,Scrambled_Sobol
SOBOL4096_04074,2.7141721174120903,97.269297670573,0.3082385002076626,245.1195239275694,38.50564038846642,90.37111579440534,Scrambled_Sobol
SOBOL4096_04075,15.66792480647564,60.39669141173363,0.10432542657479645,232.55086925812066,47.6849756622687,54.981523915193975,Scrambled_Sobol
SOBOL4096_04076,27.35800925642252,77.74618868716061,0.222334334757179,287.062022825703,106.71414444688708,7.85632205195725,Scrambled_Sobol
SOBOL4096_04077,22.654050402343273,54.43950812332332,0.39181754872202873,275.7633367087692,95.59100495185703,34.733574842102826,Scrambled_Sobol
SOBOL4096_04078,14.324594289064407,83.89790495857596,0.1313101014494896,243.8400684017688,59.14027528371662,82.56200714036822,Scrambled_Sobol
SOBOL4096_04079,7.298507429659367,70.83845101296902,0.2814204709790647,256.40726394951344,28.379884040914476,70.91664417181164,Scrambled_Sobol
SOBOL4096_04080,35.92090807855129,90.92179876752198,0.02091228758916259,203.9563905633986,86.22489450033754,23.086964190006256,Scrambled_Sobol
SOBOL4096_04081,37.46663402765989,69.66519691050053,0.3243406187742949,282.56699465215206,55.8405831689015,87.70145470276475,Scrambled_Sobol
SOBOL4096_04082,5.717989057302475,93.67355075664818,0.20633389063179491,223.17156026139855,104.24457969609648,40.54130230564624,Scrambled_Sobol
SOBOL4096_04083,12.734946645796299,54.812805308029056,0.22098334847018122,255.25141819380224,68.27545835170895,28.525116853415966,Scrambled_Sobol
SOBOL4096_04084,24.190599843859673,81.94610988721251,0.1029744572751224,219.02099427767098,40.9751950064674,75.68366023246199,Scrambled_Sobol
SOBOL4096_04085,25.81716850399971,61.55235767364502,0.12366223700344563,207.82109928317368,31.18148764129728,91.7735545616597,Scrambled_Sobol
SOBOL4096_04086,17.253318838775158,75.01350273378193,0.38416968993842604,266.4636272098869,78.40132584329695,43.88568963389844,Scrambled_Sobol
SOBOL4096_04087,4.289178475737572,63.90248644165695,0.04331134093925357,234.38248181715608,92.78941148426384,8.125275978818536,Scrambled_Sobol
SOBOL4096_04088,32.5210115686059,99.2386776022613,0.30381950734183194,271.3658121973276,66.9638338079676,56.01148871239275,Scrambled_Sobol
SOBOL4096_04089,31.469099558889866,50.54301857016981,0.061236164662986994,261.6494396328926,108.83736751973629,66.58841581549495,Scrambled_Sobol
SOBOL4096_04090,0.34665636718273163,86.31888637319207,0.2742428984679282,201.55138986185193,50.970318242907524,18.700732262805104,Scrambled_Sobol
SOBOL4096_04091,18.622597567737103,74.76506996899843,0.14119713369756937,276.1687774118036,36.5485030785203,30.34148334991187,Scrambled_Sobol
SOBOL4096_04092,29.45208713412285,88.6659870389849,0.3542060305550695,240.64131219871342,72.97978792339563,78.22787745855749,Scrambled_Sobol
SOBOL4096_04093,20.559971556067467,68.22340465150774,0.23832982743158937,229.44278781302273,84.10166873596609,59.54177646432072,Scrambled_Sobol
SOBOL4096_04094,11.36992011219263,95.0146590359509,0.07282236883416772,287.38236776553094,25.094559034332633,12.38180473446846,Scrambled_Sobol
SOBOL4096_04095,9.666022211313248,56.49903919547796,0.3427844222262502,212.76094617322087,61.09739470295608,47.77836442459375,Scrambled_Sobol
SOBOL4096_04096,38.5240189358592,80.16524747945368,0.17727625016123055,250.44688120484352,99.0422751288861,94.93708847090602,Scrambled_Sobol
